{"crs": {"properties": {"name": "urn:ogc:def:crs:OGC:1.3:CRS84"}, "type": "name"}, "features": [{"geometry": {"coordinates": [10.21353, 49.38357], "type": "Point"}, "properties": {"oid": "6627BG015002"}, "type": "Feature"}, {"geometry": {"coordinates": [10.94227, 50.23371], "type": "Point"}, "properties": {"oid": "5731BG000605"}, "type": "Feature"}, {"geometry": {"coordinates": [10.85444, 50.07333], "type": "Point"}, "properties": {"oid": "5931BG000298"}, "type": "Feature"}, {"geometry": {"coordinates": [12.0615, 49.40339], "type": "Point"}, "properties": {"oid": "6538BG000533"}, "type": "Feature"}, {"geometry": {"coordinates": [10.85565, 50.05779], "type": "Point"}, "properties": {"oid": "5931BG000300"}, "type": "Feature"}, {"geometry": {"coordinates": [11.13538, 47.78263], "type": "Point"}, "properties": {"oid": "8232BG000012"}, "type": "Feature"}, {"geometry": {"coordinates": [13.22357, 48.562], "type": "Point"}, "properties": {"oid": "7445BG000110"}, "type": "Feature"}, {"geometry": {"coordinates": [11.42876, 48.17645], "type": "Point"}, "properties": {"oid": "7834BG015001"}, "type": "Feature"}, {"geometry": {"coordinates": [10.12605, 50.12154], "type": "Point"}, "properties": {"oid": "5826BG000158"}, "type": "Feature"}, {"geometry": {"coordinates": [11.74936, 49.87499], "type": "Point"}, "properties": {"oid": "6136BG015064"}, "type": "Feature"}, {"geometry": {"coordinates": [10.75854, 49.27418], "type": "Point"}, "properties": {"oid": "6730BG015029"}, "type": "Feature"}, {"geometry": {"coordinates": [12.57406, 48.8953], "type": "Point"}, "properties": {"oid": "7141BG015404"}, "type": "Feature"}, {"geometry": {"coordinates": [11.96116, 48.82553], "type": "Point"}, "properties": {"oid": "7137BG000136"}, "type": "Feature"}, {"geometry": {"coordinates": [10.62265, 47.86462], "type": "Point"}, "properties": {"oid": "8129BG015435"}, "type": "Feature"}, {"geometry": {"coordinates": [10.61729, 47.86307], "type": "Point"}, "properties": {"oid": "8129BG015438"}, "type": "Feature"}, {"geometry": {"coordinates": [11.95077, 50.18856], "type": "Point"}, "properties": {"oid": "5837BG000163"}, "type": "Feature"}, {"geometry": {"coordinates": [10.85428, 50.08898], "type": "Point"}, "properties": {"oid": "5931BG000297"}, "type": "Feature"}, {"geometry": {"coordinates": [10.69513, 49.3091], "type": "Point"}, "properties": {"oid": "6630BG000088"}, "type": "Feature"}, {"geometry": {"coordinates": [10.89452, 50.36124], "type": "Point"}, "properties": {"oid": "5631BG000249"}, "type": "Feature"}, {"geometry": {"coordinates": [12.50118, 48.21802], "type": "Point"}, "properties": {"oid": "7741BG000004"}, "type": "Feature"}, {"geometry": {"coordinates": [11.88956, 49.86448], "type": "Point"}, "properties": {"oid": "6137BG000139"}, "type": "Feature"}, {"geometry": {"coordinates": [11.85251, 50.40109], "type": "Point"}, "properties": {"oid": "5537BG000002"}, "type": "Feature"}, {"geometry": {"coordinates": [11.9214, 50.41833], "type": "Point"}, "properties": {"oid": "5537BG000003"}, "type": "Feature"}, {"geometry": {"coordinates": [13.28173, 48.41293], "type": "Point"}, "properties": {"oid": "7545BG015016"}, "type": "Feature"}, {"geometry": {"coordinates": [10.68137, 49.30063], "type": "Point"}, "properties": {"oid": "6630BG000084"}, "type": "Feature"}, {"geometry": {"coordinates": [10.6945, 49.31215], "type": "Point"}, "properties": {"oid": "6630BG000086"}, "type": "Feature"}, {"geometry": {"coordinates": [10.69391, 49.31511], "type": "Point"}, "properties": {"oid": "6630BG000087"}, "type": "Feature"}, {"geometry": {"coordinates": [12.14414, 48.45007], "type": "Point"}, "properties": {"oid": "7538BG000186"}, "type": "Feature"}, {"geometry": {"coordinates": [12.56194, 48.06482], "type": "Point"}, "properties": {"oid": "7941BG000021"}, "type": "Feature"}, {"geometry": {"coordinates": [11.34135, 50.25458], "type": "Point"}, "properties": {"oid": "5734BG000242"}, "type": "Feature"}, {"geometry": {"coordinates": [10.95734, 49.11707], "type": "Point"}, "properties": {"oid": "6831BG000083"}, "type": "Feature"}, {"geometry": {"coordinates": [11.88592, 47.9302], "type": "Point"}, "properties": {"oid": "8037BG000009"}, "type": "Feature"}, {"geometry": {"coordinates": [12.37188, 48.24141], "type": "Point"}, "properties": {"oid": "7740BG000028"}, "type": "Feature"}, {"geometry": {"coordinates": [12.08049, 50.17438], "type": "Point"}, "properties": {"oid": "5838BG000484"}, "type": "Feature"}, {"geometry": {"coordinates": [11.00062, 49.61031], "type": "Point"}, "properties": {"oid": "6332BG000113"}, "type": "Feature"}, {"geometry": {"coordinates": [11.26546, 50.2989], "type": "Point"}, "properties": {"oid": "5633BG000020"}, "type": "Feature"}, {"geometry": {"coordinates": [12.96316, 48.29803], "type": "Point"}, "properties": {"oid": "7743BG000003"}, "type": "Feature"}, {"geometry": {"coordinates": [12.09677, 48.29047], "type": "Point"}, "properties": {"oid": "7738BG000061"}, "type": "Feature"}, {"geometry": {"coordinates": [12.64808, 47.81843], "type": "Point"}, "properties": {"oid": "8141BG000002"}, "type": "Feature"}, {"geometry": {"coordinates": [11.42362, 48.77209], "type": "Point"}, "properties": {"oid": "7234BG002898"}, "type": "Feature"}, {"geometry": {"coordinates": [12.49013, 47.79926], "type": "Point"}, "properties": {"oid": "8140BG000002"}, "type": "Feature"}, {"geometry": {"coordinates": [12.74752, 48.91238], "type": "Point"}, "properties": {"oid": "7042BG000042"}, "type": "Feature"}, {"geometry": {"coordinates": [10.40203, 49.10086], "type": "Point"}, "properties": {"oid": "6828BG000001"}, "type": "Feature"}, {"geometry": {"coordinates": [12.98562, 48.56644], "type": "Point"}, "properties": {"oid": "7443BG000033"}, "type": "Feature"}, {"geometry": {"coordinates": [12.95466, 48.556], "type": "Point"}, "properties": {"oid": "7443BG000034"}, "type": "Feature"}, {"geometry": {"coordinates": [10.79294, 49.8947], "type": "Point"}, "properties": {"oid": "6130BG000016"}, "type": "Feature"}, {"geometry": {"coordinates": [11.64475, 48.09023], "type": "Point"}, "properties": {"oid": "7935BG015579"}, "type": "Feature"}, {"geometry": {"coordinates": [11.6179, 48.1854], "type": "Point"}, "properties": {"oid": "7835BG017303"}, "type": "Feature"}, {"geometry": {"coordinates": [11.94857, 49.38834], "type": "Point"}, "properties": {"oid": "6637BG015013"}, "type": "Feature"}, {"geometry": {"coordinates": [10.80621, 49.8942], "type": "Point"}, "properties": {"oid": "6130BG000014"}, "type": "Feature"}, {"geometry": {"coordinates": [11.45297, 48.17104], "type": "Point"}, "properties": {"oid": "7834BG015003"}, "type": "Feature"}, {"geometry": {"coordinates": [11.57521, 48.15926], "type": "Point"}, "properties": {"oid": "7835BG017308"}, "type": "Feature"}, {"geometry": {"coordinates": [11.57447, 48.20071], "type": "Point"}, "properties": {"oid": "7735BG016141"}, "type": "Feature"}, {"geometry": {"coordinates": [12.00004, 48.44085], "type": "Point"}, "properties": {"oid": "7538BG000197"}, "type": "Feature"}, {"geometry": {"coordinates": [12.39641, 48.22812], "type": "Point"}, "properties": {"oid": "7740BG000060"}, "type": "Feature"}, {"geometry": {"coordinates": [11.72134, 48.38392], "type": "Point"}, "properties": {"oid": "7636BG000006"}, "type": "Feature"}, {"geometry": {"coordinates": [12.45675, 48.92558], "type": "Point"}, "properties": {"oid": "7040BG015297"}, "type": "Feature"}, {"geometry": {"coordinates": [12.59463, 48.90445], "type": "Point"}, "properties": {"oid": "7041BG015487"}, "type": "Feature"}, {"geometry": {"coordinates": [12.57329, 48.88766], "type": "Point"}, "properties": {"oid": "7141BG015406"}, "type": "Feature"}, {"geometry": {"coordinates": [10.348, 49.1301], "type": "Point"}, "properties": {"oid": "6828BG000009"}, "type": "Feature"}, {"geometry": {"coordinates": [11.52461, 49.74095], "type": "Point"}, "properties": {"oid": "6235BG000226"}, "type": "Feature"}, {"geometry": {"coordinates": [12.30392, 48.03958], "type": "Point"}, "properties": {"oid": "7939BG000003"}, "type": "Feature"}, {"geometry": {"coordinates": [11.52449, 48.20106], "type": "Point"}, "properties": {"oid": "7735BG016140"}, "type": "Feature"}, {"geometry": {"coordinates": [10.1307, 50.33831], "type": "Point"}, "properties": {"oid": "5626BG000004"}, "type": "Feature"}, {"geometry": {"coordinates": [12.29979, 48.349], "type": "Point"}, "properties": {"oid": "7639BG000016"}, "type": "Feature"}, {"geometry": {"coordinates": [12.29535, 48.34613], "type": "Point"}, "properties": {"oid": "7639BG000057"}, "type": "Feature"}, {"geometry": {"coordinates": [12.87452, 48.52368], "type": "Point"}, "properties": {"oid": "7443BG000099"}, "type": "Feature"}, {"geometry": {"coordinates": [12.89961, 48.56067], "type": "Point"}, "properties": {"oid": "7443BG000002"}, "type": "Feature"}, {"geometry": {"coordinates": [11.09396, 48.07373], "type": "Point"}, "properties": {"oid": "7932BG015079"}, "type": "Feature"}, {"geometry": {"coordinates": [11.57338, 48.80781], "type": "Point"}, "properties": {"oid": "7135BG000015"}, "type": "Feature"}, {"geometry": {"coordinates": [10.93996, 50.33761], "type": "Point"}, "properties": {"oid": "5631BG000001"}, "type": "Feature"}, {"geometry": {"coordinates": [11.48738, 50.32382], "type": "Point"}, "properties": {"oid": "5634BG000038"}, "type": "Feature"}, {"geometry": {"coordinates": [10.92325, 48.75268], "type": "Point"}, "properties": {"oid": "7231BG000032"}, "type": "Feature"}, {"geometry": {"coordinates": [10.9233, 48.75016], "type": "Point"}, "properties": {"oid": "7231BG000030"}, "type": "Feature"}, {"geometry": {"coordinates": [12.43366, 48.29385], "type": "Point"}, "properties": {"oid": "7740BG000051"}, "type": "Feature"}, {"geometry": {"coordinates": [12.50368, 48.21258], "type": "Point"}, "properties": {"oid": "7741BG000010"}, "type": "Feature"}, {"geometry": {"coordinates": [9.90869, 49.80584], "type": "Point"}, "properties": {"oid": "6125BG015005"}, "type": "Feature"}, {"geometry": {"coordinates": [10.34576, 49.06725], "type": "Point"}, "properties": {"oid": "6928BG000017"}, "type": "Feature"}, {"geometry": {"coordinates": [12.08802, 48.32911], "type": "Point"}, "properties": {"oid": "7638BG000051"}, "type": "Feature"}, {"geometry": {"coordinates": [12.49368, 47.81519], "type": "Point"}, "properties": {"oid": "8140BG000003"}, "type": "Feature"}, {"geometry": {"coordinates": [10.63697, 49.89615], "type": "Point"}, "properties": {"oid": "6129BG000008"}, "type": "Feature"}, {"geometry": {"coordinates": [11.62406, 49.95874], "type": "Point"}, "properties": {"oid": "6035BG000200"}, "type": "Feature"}, {"geometry": {"coordinates": [12.48616, 48.35259], "type": "Point"}, "properties": {"oid": "7640BG000007"}, "type": "Feature"}, {"geometry": {"coordinates": [12.25815, 48.3166], "type": "Point"}, "properties": {"oid": "7639BG000001"}, "type": "Feature"}, {"geometry": {"coordinates": [12.31614, 48.30404], "type": "Point"}, "properties": {"oid": "7639BG000003"}, "type": "Feature"}, {"geometry": {"coordinates": [12.93073, 48.68403], "type": "Point"}, "properties": {"oid": "7343BG000181"}, "type": "Feature"}, {"geometry": {"coordinates": [13.08481, 48.35133], "type": "Point"}, "properties": {"oid": "7644BG000004"}, "type": "Feature"}, {"geometry": {"coordinates": [13.11124, 48.36305], "type": "Point"}, "properties": {"oid": "7644BG000019"}, "type": "Feature"}, {"geometry": {"coordinates": [12.64647, 47.87169], "type": "Point"}, "properties": {"oid": "8141BG000011"}, "type": "Feature"}, {"geometry": {"coordinates": [12.61214, 48.26966], "type": "Point"}, "properties": {"oid": "7741BG015010"}, "type": "Feature"}, {"geometry": {"coordinates": [12.40418, 48.42581], "type": "Point"}, "properties": {"oid": "7540BG000003"}, "type": "Feature"}, {"geometry": {"coordinates": [11.71443, 49.51076], "type": "Point"}, "properties": {"oid": "6436BG015025"}, "type": "Feature"}, {"geometry": {"coordinates": [12.90257, 47.74074], "type": "Point"}, "properties": {"oid": "8243BG000009"}, "type": "Feature"}, {"geometry": {"coordinates": [11.63284, 49.70215], "type": "Point"}, "properties": {"oid": "6235BG000027"}, "type": "Feature"}, {"geometry": {"coordinates": [12.85473, 48.77513], "type": "Point"}, "properties": {"oid": "7243BG000205"}, "type": "Feature"}, {"geometry": {"coordinates": [12.7252, 48.92658], "type": "Point"}, "properties": {"oid": "7042BG000147"}, "type": "Feature"}, {"geometry": {"coordinates": [11.31253, 50.12455], "type": "Point"}, "properties": {"oid": "5833BG000080"}, "type": "Feature"}, {"geometry": {"coordinates": [12.85624, 48.79184], "type": "Point"}, "properties": {"oid": "7243BG000206"}, "type": "Feature"}, {"geometry": {"coordinates": [11.23048, 48.1786], "type": "Point"}, "properties": {"oid": "7833BG000118"}, "type": "Feature"}, {"geometry": {"coordinates": [11.11138, 49.61552], "type": "Point"}, "properties": {"oid": "6332BG000017"}, "type": "Feature"}, {"geometry": {"coordinates": [9.86724, 50.27188], "type": "Point"}, "properties": {"oid": "5725BG000001"}, "type": "Feature"}, {"geometry": {"coordinates": [12.38966, 49.64259], "type": "Point"}, "properties": {"oid": "6340BG000021"}, "type": "Feature"}, {"geometry": {"coordinates": [11.71807, 48.38448], "type": "Point"}, "properties": {"oid": "7636BG000007"}, "type": "Feature"}, {"geometry": {"coordinates": [10.86502, 49.93615], "type": "Point"}, "properties": {"oid": "6031BG000649"}, "type": "Feature"}, {"geometry": {"coordinates": [10.81841, 49.61519], "type": "Point"}, "properties": {"oid": "6330BG015034"}, "type": "Feature"}, {"geometry": {"coordinates": [11.11826, 47.51881], "type": "Point"}, "properties": {"oid": "8432BG000022"}, "type": "Feature"}, {"geometry": {"coordinates": [11.11758, 47.51887], "type": "Point"}, "properties": {"oid": "8432BG000023"}, "type": "Feature"}, {"geometry": {"coordinates": [11.11753, 47.51836], "type": "Point"}, "properties": {"oid": "8432BG000024"}, "type": "Feature"}, {"geometry": {"coordinates": [10.59738, 48.93635], "type": "Point"}, "properties": {"oid": "7029BG015009"}, "type": "Feature"}, {"geometry": {"coordinates": [12.39795, 49.65206], "type": "Point"}, "properties": {"oid": "6340BG000001"}, "type": "Feature"}, {"geometry": {"coordinates": [11.89712, 50.37869], "type": "Point"}, "properties": {"oid": "5637BG000287"}, "type": "Feature"}, {"geometry": {"coordinates": [11.93857, 49.38523], "type": "Point"}, "properties": {"oid": "6637BG015005"}, "type": "Feature"}, {"geometry": {"coordinates": [10.60325, 48.71093], "type": "Point"}, "properties": {"oid": "7229BG015018"}, "type": "Feature"}, {"geometry": {"coordinates": [9.65012, 50.04783], "type": "Point"}, "properties": {"oid": "5923BG000021"}, "type": "Feature"}, {"geometry": {"coordinates": [9.65359, 50.05671], "type": "Point"}, "properties": {"oid": "5923BG000022"}, "type": "Feature"}, {"geometry": {"coordinates": [9.55336, 50.01057], "type": "Point"}, "properties": {"oid": "5923BG000023"}, "type": "Feature"}, {"geometry": {"coordinates": [9.86807, 49.80716], "type": "Point"}, "properties": {"oid": "6125BG000039"}, "type": "Feature"}, {"geometry": {"coordinates": [11.48578, 48.17884], "type": "Point"}, "properties": {"oid": "7834BG000004"}, "type": "Feature"}, {"geometry": {"coordinates": [12.4236, 48.85917], "type": "Point"}, "properties": {"oid": "7140BG000049"}, "type": "Feature"}, {"geometry": {"coordinates": [9.65675, 50.10425], "type": "Point"}, "properties": {"oid": "5823BG000001"}, "type": "Feature"}, {"geometry": {"coordinates": [9.55248, 49.89765], "type": "Point"}, "properties": {"oid": "6123BG000036"}, "type": "Feature"}, {"geometry": {"coordinates": [9.55444, 49.89826], "type": "Point"}, "properties": {"oid": "6123BG000037"}, "type": "Feature"}, {"geometry": {"coordinates": [9.55583, 49.89772], "type": "Point"}, "properties": {"oid": "6123BG000042"}, "type": "Feature"}, {"geometry": {"coordinates": [9.55639, 49.8979], "type": "Point"}, "properties": {"oid": "6123BG000043"}, "type": "Feature"}, {"geometry": {"coordinates": [9.55455, 49.89624], "type": "Point"}, "properties": {"oid": "6123BG000046"}, "type": "Feature"}, {"geometry": {"coordinates": [9.55173, 49.89846], "type": "Point"}, "properties": {"oid": "6123BG000050"}, "type": "Feature"}, {"geometry": {"coordinates": [9.58635, 49.94693], "type": "Point"}, "properties": {"oid": "6023BG000010"}, "type": "Feature"}, {"geometry": {"coordinates": [9.54962, 49.89658], "type": "Point"}, "properties": {"oid": "6123BG000053"}, "type": "Feature"}, {"geometry": {"coordinates": [9.55346, 49.89796], "type": "Point"}, "properties": {"oid": "6123BG000055"}, "type": "Feature"}, {"geometry": {"coordinates": [9.55025, 49.89729], "type": "Point"}, "properties": {"oid": "6123BG000057"}, "type": "Feature"}, {"geometry": {"coordinates": [9.55235, 49.89805], "type": "Point"}, "properties": {"oid": "6123BG000058"}, "type": "Feature"}, {"geometry": {"coordinates": [9.55354, 49.89845], "type": "Point"}, "properties": {"oid": "6123BG000059"}, "type": "Feature"}, {"geometry": {"coordinates": [9.71577, 49.75848], "type": "Point"}, "properties": {"oid": "6224BG000002"}, "type": "Feature"}, {"geometry": {"coordinates": [11.62985, 50.38433], "type": "Point"}, "properties": {"oid": "5635BG000005"}, "type": "Feature"}, {"geometry": {"coordinates": [11.60642, 50.39513], "type": "Point"}, "properties": {"oid": "5635BG000007"}, "type": "Feature"}, {"geometry": {"coordinates": [11.63053, 50.36932], "type": "Point"}, "properties": {"oid": "5635BG000008"}, "type": "Feature"}, {"geometry": {"coordinates": [11.63166, 50.36878], "type": "Point"}, "properties": {"oid": "5635BG000009"}, "type": "Feature"}, {"geometry": {"coordinates": [11.63043, 50.3641], "type": "Point"}, "properties": {"oid": "5635BG000011"}, "type": "Feature"}, {"geometry": {"coordinates": [10.18642, 49.7761], "type": "Point"}, "properties": {"oid": "6227BG000015"}, "type": "Feature"}, {"geometry": {"coordinates": [9.57459, 49.90725], "type": "Point"}, "properties": {"oid": "6023BG000012"}, "type": "Feature"}, {"geometry": {"coordinates": [9.61609, 50.02293], "type": "Point"}, "properties": {"oid": "5923BG000039"}, "type": "Feature"}, {"geometry": {"coordinates": [9.56209, 49.90974], "type": "Point"}, "properties": {"oid": "6023BG000013"}, "type": "Feature"}, {"geometry": {"coordinates": [9.535, 49.90222], "type": "Point"}, "properties": {"oid": "6023BG000017"}, "type": "Feature"}, {"geometry": {"coordinates": [9.56309, 49.90011], "type": "Point"}, "properties": {"oid": "6023BG000018"}, "type": "Feature"}, {"geometry": {"coordinates": [9.55564, 49.89975], "type": "Point"}, "properties": {"oid": "6023BG000026"}, "type": "Feature"}, {"geometry": {"coordinates": [9.542, 49.9066], "type": "Point"}, "properties": {"oid": "6023BG000030"}, "type": "Feature"}, {"geometry": {"coordinates": [9.67571, 50.06035], "type": "Point"}, "properties": {"oid": "5924BG000048"}, "type": "Feature"}, {"geometry": {"coordinates": [9.55595, 49.89691], "type": "Point"}, "properties": {"oid": "6123BG000034"}, "type": "Feature"}, {"geometry": {"coordinates": [10.90757, 50.2246], "type": "Point"}, "properties": {"oid": "5731BG000606"}, "type": "Feature"}, {"geometry": {"coordinates": [12.2133, 50.06867], "type": "Point"}, "properties": {"oid": "5939BG000506"}, "type": "Feature"}, {"geometry": {"coordinates": [12.51489, 47.83182], "type": "Point"}, "properties": {"oid": "8141BG015216"}, "type": "Feature"}, {"geometry": {"coordinates": [12.31955, 48.13442], "type": "Point"}, "properties": {"oid": "7839BG015054"}, "type": "Feature"}, {"geometry": {"coordinates": [11.29842, 50.30027], "type": "Point"}, "properties": {"oid": "5633BG000022"}, "type": "Feature"}, {"geometry": {"coordinates": [10.73908, 49.31965], "type": "Point"}, "properties": {"oid": "6630BG015002"}, "type": "Feature"}, {"geometry": {"coordinates": [11.29762, 50.29766], "type": "Point"}, "properties": {"oid": "5733BG000091"}, "type": "Feature"}, {"geometry": {"coordinates": [11.30675, 50.297], "type": "Point"}, "properties": {"oid": "5733BG000092"}, "type": "Feature"}, {"geometry": {"coordinates": [10.62601, 49.14877], "type": "Point"}, "properties": {"oid": "6829BG000001"}, "type": "Feature"}, {"geometry": {"coordinates": [12.62456, 47.9359], "type": "Point"}, "properties": {"oid": "8041BG000006"}, "type": "Feature"}, {"geometry": {"coordinates": [9.61132, 50.2018], "type": "Point"}, "properties": {"oid": "5723BG015035"}, "type": "Feature"}, {"geometry": {"coordinates": [11.84482, 48.13543], "type": "Point"}, "properties": {"oid": "7837BG015004"}, "type": "Feature"}, {"geometry": {"coordinates": [12.2938, 48.34833], "type": "Point"}, "properties": {"oid": "7639BG000009"}, "type": "Feature"}, {"geometry": {"coordinates": [10.96888, 50.31238], "type": "Point"}, "properties": {"oid": "5631BG000261"}, "type": "Feature"}, {"geometry": {"coordinates": [11.59348, 50.23115], "type": "Point"}, "properties": {"oid": "5735BG000077"}, "type": "Feature"}, {"geometry": {"coordinates": [11.48528, 49.95009], "type": "Point"}, "properties": {"oid": "6034BG015002"}, "type": "Feature"}, {"geometry": {"coordinates": [11.88186, 48.06466], "type": "Point"}, "properties": {"oid": "7937BG015236"}, "type": "Feature"}, {"geometry": {"coordinates": [10.12957, 49.7612], "type": "Point"}, "properties": {"oid": "6226BG000035"}, "type": "Feature"}, {"geometry": {"coordinates": [12.26574, 48.35342], "type": "Point"}, "properties": {"oid": "7639BG000008"}, "type": "Feature"}, {"geometry": {"coordinates": [12.29231, 48.35314], "type": "Point"}, "properties": {"oid": "7639BG000014"}, "type": "Feature"}, {"geometry": {"coordinates": [11.94229, 48.46889], "type": "Point"}, "properties": {"oid": "7537BG000529"}, "type": "Feature"}, {"geometry": {"coordinates": [12.24127, 48.36098], "type": "Point"}, "properties": {"oid": "7639BG000006"}, "type": "Feature"}, {"geometry": {"coordinates": [12.25889, 48.35454], "type": "Point"}, "properties": {"oid": "7639BG000007"}, "type": "Feature"}, {"geometry": {"coordinates": [12.26006, 48.35771], "type": "Point"}, "properties": {"oid": "7639BG000011"}, "type": "Feature"}, {"geometry": {"coordinates": [12.15563, 48.22021], "type": "Point"}, "properties": {"oid": "7738BG000070"}, "type": "Feature"}, {"geometry": {"coordinates": [10.47137, 48.41165], "type": "Point"}, "properties": {"oid": "7528BG015858"}, "type": "Feature"}, {"geometry": {"coordinates": [12.61612, 47.81456], "type": "Point"}, "properties": {"oid": "8141BG000005"}, "type": "Feature"}, {"geometry": {"coordinates": [12.31766, 48.42987], "type": "Point"}, "properties": {"oid": "7539BG000003"}, "type": "Feature"}, {"geometry": {"coordinates": [11.46165, 50.11107], "type": "Point"}, "properties": {"oid": "5834BG000541"}, "type": "Feature"}, {"geometry": {"coordinates": [12.30486, 48.01709], "type": "Point"}, "properties": {"oid": "7939BG000002"}, "type": "Feature"}, {"geometry": {"coordinates": [11.80439, 49.86339], "type": "Point"}, "properties": {"oid": "6136BG015055"}, "type": "Feature"}, {"geometry": {"coordinates": [12.3866, 48.29939], "type": "Point"}, "properties": {"oid": "7640BG000006"}, "type": "Feature"}, {"geometry": {"coordinates": [12.4115, 48.30181], "type": "Point"}, "properties": {"oid": "7640BG000005"}, "type": "Feature"}, {"geometry": {"coordinates": [12.12485, 49.69646], "type": "Point"}, "properties": {"oid": "6338BG015023"}, "type": "Feature"}, {"geometry": {"coordinates": [11.94837, 49.17742], "type": "Point"}, "properties": {"oid": "6837BG000001"}, "type": "Feature"}, {"geometry": {"coordinates": [12.65639, 48.21118], "type": "Point"}, "properties": {"oid": "7741BG000058"}, "type": "Feature"}, {"geometry": {"coordinates": [9.94168, 50.19875], "type": "Point"}, "properties": {"oid": "5825BG000009"}, "type": "Feature"}, {"geometry": {"coordinates": [10.79506, 48.8755], "type": "Point"}, "properties": {"oid": "7130BG015006"}, "type": "Feature"}, {"geometry": {"coordinates": [10.40893, 48.35911], "type": "Point"}, "properties": {"oid": "7628BG015003"}, "type": "Feature"}, {"geometry": {"coordinates": [10.53299, 48.38069], "type": "Point"}, "properties": {"oid": "7629BG015001"}, "type": "Feature"}, {"geometry": {"coordinates": [11.49538, 49.96371], "type": "Point"}, "properties": {"oid": "6034BG015003"}, "type": "Feature"}, {"geometry": {"coordinates": [12.94169, 48.24922], "type": "Point"}, "properties": {"oid": "7743BG000002"}, "type": "Feature"}, {"geometry": {"coordinates": [11.04905, 50.24597], "type": "Point"}, "properties": {"oid": "5732BG000405"}, "type": "Feature"}, {"geometry": {"coordinates": [12.97202, 48.74453], "type": "Point"}, "properties": {"oid": "7243BG000005"}, "type": "Feature"}, {"geometry": {"coordinates": [10.55059, 48.37704], "type": "Point"}, "properties": {"oid": "7629BG015002"}, "type": "Feature"}, {"geometry": {"coordinates": [10.81098, 48.41497], "type": "Point"}, "properties": {"oid": "7530BG015006"}, "type": "Feature"}, {"geometry": {"coordinates": [10.90206, 50.38213], "type": "Point"}, "properties": {"oid": "5631BG000247"}, "type": "Feature"}, {"geometry": {"coordinates": [10.82659, 48.14891], "type": "Point"}, "properties": {"oid": "7830BG000005"}, "type": "Feature"}, {"geometry": {"coordinates": [13.01031, 48.29972], "type": "Point"}, "properties": {"oid": "7644BG000001"}, "type": "Feature"}, {"geometry": {"coordinates": [12.1479, 48.44655], "type": "Point"}, "properties": {"oid": "7538BG000016"}, "type": "Feature"}, {"geometry": {"coordinates": [11.61149, 50.26943], "type": "Point"}, "properties": {"oid": "5735BG000072"}, "type": "Feature"}, {"geometry": {"coordinates": [10.51381, 48.49695], "type": "Point"}, "properties": {"oid": "7529BG015001"}, "type": "Feature"}, {"geometry": {"coordinates": [12.80201, 48.81432], "type": "Point"}, "properties": {"oid": "7142BG000183"}, "type": "Feature"}, {"geometry": {"coordinates": [13.08639, 48.44143], "type": "Point"}, "properties": {"oid": "7544BG000007"}, "type": "Feature"}, {"geometry": {"coordinates": [11.12042, 50.22675], "type": "Point"}, "properties": {"oid": "5732BG000396"}, "type": "Feature"}, {"geometry": {"coordinates": [10.78945, 50.21625], "type": "Point"}, "properties": {"oid": "5730BG000089"}, "type": "Feature"}, {"geometry": {"coordinates": [11.41904, 47.97232], "type": "Point"}, "properties": {"oid": "8034BG000277"}, "type": "Feature"}, {"geometry": {"coordinates": [11.38963, 47.99069], "type": "Point"}, "properties": {"oid": "8034BG000278"}, "type": "Feature"}, {"geometry": {"coordinates": [12.3736, 48.23597], "type": "Point"}, "properties": {"oid": "7740BG000032"}, "type": "Feature"}, {"geometry": {"coordinates": [11.3778, 47.97174], "type": "Point"}, "properties": {"oid": "8034BG000281"}, "type": "Feature"}, {"geometry": {"coordinates": [11.59035, 48.17956], "type": "Point"}, "properties": {"oid": "7835BG013230"}, "type": "Feature"}, {"geometry": {"coordinates": [10.9153, 50.26442], "type": "Point"}, "properties": {"oid": "5731BG000612"}, "type": "Feature"}, {"geometry": {"coordinates": [11.53897, 48.09072], "type": "Point"}, "properties": {"oid": "7935BG000412"}, "type": "Feature"}, {"geometry": {"coordinates": [11.56084, 48.14078], "type": "Point"}, "properties": {"oid": "7835BG013370"}, "type": "Feature"}, {"geometry": {"coordinates": [12.12646, 49.61647], "type": "Point"}, "properties": {"oid": "6338BG000689"}, "type": "Feature"}, {"geometry": {"coordinates": [12.14571, 48.34179], "type": "Point"}, "properties": {"oid": "7638BG000055"}, "type": "Feature"}, {"geometry": {"coordinates": [11.85817, 49.82606], "type": "Point"}, "properties": {"oid": "6137BG000119"}, "type": "Feature"}, {"geometry": {"coordinates": [13.42915, 48.60707], "type": "Point"}, "properties": {"oid": "7346BG000086"}, "type": "Feature"}, {"geometry": {"coordinates": [11.00681, 50.21967], "type": "Point"}, "properties": {"oid": "5732BG000062"}, "type": "Feature"}, {"geometry": {"coordinates": [11.90064, 49.57357], "type": "Point"}, "properties": {"oid": "6437BG000009"}, "type": "Feature"}, {"geometry": {"coordinates": [11.91017, 49.57907], "type": "Point"}, "properties": {"oid": "6437BG000010"}, "type": "Feature"}, {"geometry": {"coordinates": [11.85862, 49.57083], "type": "Point"}, "properties": {"oid": "6437BG000012"}, "type": "Feature"}, {"geometry": {"coordinates": [11.62764, 50.38494], "type": "Point"}, "properties": {"oid": "5635BG000120"}, "type": "Feature"}, {"geometry": {"coordinates": [11.56063, 48.1407], "type": "Point"}, "properties": {"oid": "7835BG010614"}, "type": "Feature"}, {"geometry": {"coordinates": [11.56159, 48.13999], "type": "Point"}, "properties": {"oid": "7835BG010619"}, "type": "Feature"}, {"geometry": {"coordinates": [10.09287, 49.99343], "type": "Point"}, "properties": {"oid": "6026BG000031"}, "type": "Feature"}, {"geometry": {"coordinates": [12.10556, 48.21034], "type": "Point"}, "properties": {"oid": "7738BG000075"}, "type": "Feature"}, {"geometry": {"coordinates": [11.14512, 48.91694], "type": "Point"}, "properties": {"oid": "7032BG000033"}, "type": "Feature"}, {"geometry": {"coordinates": [12.93233, 48.68244], "type": "Point"}, "properties": {"oid": "7343BG000187"}, "type": "Feature"}, {"geometry": {"coordinates": [11.75262, 50.28572], "type": "Point"}, "properties": {"oid": "5736BG000079"}, "type": "Feature"}, {"geometry": {"coordinates": [12.19523, 47.89454], "type": "Point"}, "properties": {"oid": "8139BG000005"}, "type": "Feature"}, {"geometry": {"coordinates": [11.44194, 49.0922], "type": "Point"}, "properties": {"oid": "6934BG000026"}, "type": "Feature"}, {"geometry": {"coordinates": [10.96226, 48.92501], "type": "Point"}, "properties": {"oid": "7031BG000014"}, "type": "Feature"}, {"geometry": {"coordinates": [10.93187, 48.9425], "type": "Point"}, "properties": {"oid": "7031BG000015"}, "type": "Feature"}, {"geometry": {"coordinates": [11.59251, 48.1338], "type": "Point"}, "properties": {"oid": "7835BG010521"}, "type": "Feature"}, {"geometry": {"coordinates": [10.8959, 48.92049], "type": "Point"}, "properties": {"oid": "7031BG000003"}, "type": "Feature"}, {"geometry": {"coordinates": [11.56269, 48.13943], "type": "Point"}, "properties": {"oid": "7835BG010623"}, "type": "Feature"}, {"geometry": {"coordinates": [11.56327, 48.13889], "type": "Point"}, "properties": {"oid": "7835BG010625"}, "type": "Feature"}, {"geometry": {"coordinates": [13.33249, 49.01366], "type": "Point"}, "properties": {"oid": "6946BG000009"}, "type": "Feature"}, {"geometry": {"coordinates": [11.57734, 48.1165], "type": "Point"}, "properties": {"oid": "7835BG010756"}, "type": "Feature"}, {"geometry": {"coordinates": [10.22978, 48.26854], "type": "Point"}, "properties": {"oid": "7727BG000014"}, "type": "Feature"}, {"geometry": {"coordinates": [11.578, 48.11589], "type": "Point"}, "properties": {"oid": "7835BG010758"}, "type": "Feature"}, {"geometry": {"coordinates": [10.92351, 48.75951], "type": "Point"}, "properties": {"oid": "7231BG000028"}, "type": "Feature"}, {"geometry": {"coordinates": [11.74944, 50.29007], "type": "Point"}, "properties": {"oid": "5736BG000080"}, "type": "Feature"}, {"geometry": {"coordinates": [11.72336, 50.23832], "type": "Point"}, "properties": {"oid": "5736BG000081"}, "type": "Feature"}, {"geometry": {"coordinates": [11.71177, 50.23083], "type": "Point"}, "properties": {"oid": "5736BG000083"}, "type": "Feature"}, {"geometry": {"coordinates": [11.57877, 48.11539], "type": "Point"}, "properties": {"oid": "7835BG010761"}, "type": "Feature"}, {"geometry": {"coordinates": [10.92315, 48.76985], "type": "Point"}, "properties": {"oid": "7231BG000027"}, "type": "Feature"}, {"geometry": {"coordinates": [11.78842, 50.20169], "type": "Point"}, "properties": {"oid": "5736BG000085"}, "type": "Feature"}, {"geometry": {"coordinates": [12.46234, 49.66343], "type": "Point"}, "properties": {"oid": "6340BG000154"}, "type": "Feature"}, {"geometry": {"coordinates": [10.08733, 48.43645], "type": "Point"}, "properties": {"oid": "7526BG000008"}, "type": "Feature"}, {"geometry": {"coordinates": [10.65025, 49.03334], "type": "Point"}, "properties": {"oid": "6929BG000046"}, "type": "Feature"}, {"geometry": {"coordinates": [11.81532, 48.45906], "type": "Point"}, "properties": {"oid": "7536BG000246"}, "type": "Feature"}, {"geometry": {"coordinates": [10.99917, 50.28428], "type": "Point"}, "properties": {"oid": "5732BG000434"}, "type": "Feature"}, {"geometry": {"coordinates": [13.24363, 48.57336], "type": "Point"}, "properties": {"oid": "7445BG000001"}, "type": "Feature"}, {"geometry": {"coordinates": [13.07888, 49.24615], "type": "Point"}, "properties": {"oid": "6744BG000005"}, "type": "Feature"}, {"geometry": {"coordinates": [11.57814, 48.11715], "type": "Point"}, "properties": {"oid": "7835BG007617"}, "type": "Feature"}, {"geometry": {"coordinates": [13.07846, 49.24606], "type": "Point"}, "properties": {"oid": "6744BG000006"}, "type": "Feature"}, {"geometry": {"coordinates": [10.89551, 48.92273], "type": "Point"}, "properties": {"oid": "7031BG000005"}, "type": "Feature"}, {"geometry": {"coordinates": [10.89528, 48.92412], "type": "Point"}, "properties": {"oid": "7031BG000007"}, "type": "Feature"}, {"geometry": {"coordinates": [12.87283, 48.52378], "type": "Point"}, "properties": {"oid": "7443BG000098"}, "type": "Feature"}, {"geometry": {"coordinates": [11.17431, 47.73491], "type": "Point"}, "properties": {"oid": "8233BG000015"}, "type": "Feature"}, {"geometry": {"coordinates": [10.95257, 48.93154], "type": "Point"}, "properties": {"oid": "7031BG000011"}, "type": "Feature"}, {"geometry": {"coordinates": [11.72849, 48.5716], "type": "Point"}, "properties": {"oid": "7436BG000018"}, "type": "Feature"}, {"geometry": {"coordinates": [10.87953, 48.91116], "type": "Point"}, "properties": {"oid": "7031BG000012"}, "type": "Feature"}, {"geometry": {"coordinates": [9.86642, 49.66817], "type": "Point"}, "properties": {"oid": "6325BG000004"}, "type": "Feature"}, {"geometry": {"coordinates": [11.32921, 49.01725], "type": "Point"}, "properties": {"oid": "6933BG000003"}, "type": "Feature"}, {"geometry": {"coordinates": [11.67223, 48.97215], "type": "Point"}, "properties": {"oid": "7036BG000007"}, "type": "Feature"}, {"geometry": {"coordinates": [11.48421, 49.25759], "type": "Point"}, "properties": {"oid": "6734BG000027"}, "type": "Feature"}, {"geometry": {"coordinates": [10.26024, 48.45769], "type": "Point"}, "properties": {"oid": "7527BG000151"}, "type": "Feature"}, {"geometry": {"coordinates": [10.25936, 48.45767], "type": "Point"}, "properties": {"oid": "7527BG000154"}, "type": "Feature"}, {"geometry": {"coordinates": [12.02338, 47.91865], "type": "Point"}, "properties": {"oid": "8038BG000011"}, "type": "Feature"}, {"geometry": {"coordinates": [11.74767, 48.40603], "type": "Point"}, "properties": {"oid": "7536BG000233"}, "type": "Feature"}, {"geometry": {"coordinates": [11.42885, 48.95755], "type": "Point"}, "properties": {"oid": "7034BG000137"}, "type": "Feature"}, {"geometry": {"coordinates": [11.62408, 48.23242], "type": "Point"}, "properties": {"oid": "7735BG001660"}, "type": "Feature"}, {"geometry": {"coordinates": [11.72399, 48.42556], "type": "Point"}, "properties": {"oid": "7536BG000239"}, "type": "Feature"}, {"geometry": {"coordinates": [12.29284, 48.03979], "type": "Point"}, "properties": {"oid": "7939BG000004"}, "type": "Feature"}, {"geometry": {"coordinates": [11.28319, 48.80323], "type": "Point"}, "properties": {"oid": "7133BG000053"}, "type": "Feature"}, {"geometry": {"coordinates": [12.01575, 48.963], "type": "Point"}, "properties": {"oid": "7038BG000050"}, "type": "Feature"}, {"geometry": {"coordinates": [10.42067, 48.09631], "type": "Point"}, "properties": {"oid": "7928BG000013"}, "type": "Feature"}, {"geometry": {"coordinates": [12.26492, 48.03438], "type": "Point"}, "properties": {"oid": "7939BG000005"}, "type": "Feature"}, {"geometry": {"coordinates": [12.22059, 48.01895], "type": "Point"}, "properties": {"oid": "7939BG000008"}, "type": "Feature"}, {"geometry": {"coordinates": [10.92038, 49.63397], "type": "Point"}, "properties": {"oid": "6331BG000058"}, "type": "Feature"}, {"geometry": {"coordinates": [11.54242, 49.93459], "type": "Point"}, "properties": {"oid": "6035BG000170"}, "type": "Feature"}, {"geometry": {"coordinates": [10.91798, 49.63608], "type": "Point"}, "properties": {"oid": "6331BG000059"}, "type": "Feature"}, {"geometry": {"coordinates": [11.78477, 48.21437], "type": "Point"}, "properties": {"oid": "7736BG000005"}, "type": "Feature"}, {"geometry": {"coordinates": [11.76741, 48.21193], "type": "Point"}, "properties": {"oid": "7736BG000007"}, "type": "Feature"}, {"geometry": {"coordinates": [11.54066, 49.7454], "type": "Point"}, "properties": {"oid": "6235BG000009"}, "type": "Feature"}, {"geometry": {"coordinates": [11.75474, 47.94994], "type": "Point"}, "properties": {"oid": "8036BG015063"}, "type": "Feature"}, {"geometry": {"coordinates": [11.80439, 49.86339], "type": "Point"}, "properties": {"oid": "6136BG015056"}, "type": "Feature"}, {"geometry": {"coordinates": [12.32114, 47.89755], "type": "Point"}, "properties": {"oid": "8139BG000001"}, "type": "Feature"}, {"geometry": {"coordinates": [12.80675, 48.39521], "type": "Point"}, "properties": {"oid": "7642BG000066"}, "type": "Feature"}, {"geometry": {"coordinates": [11.80437, 48.21576], "type": "Point"}, "properties": {"oid": "7736BG000012"}, "type": "Feature"}, {"geometry": {"coordinates": [12.51223, 48.34056], "type": "Point"}, "properties": {"oid": "7641BG000005"}, "type": "Feature"}, {"geometry": {"coordinates": [11.32552, 49.02047], "type": "Point"}, "properties": {"oid": "6933BG000012"}, "type": "Feature"}, {"geometry": {"coordinates": [11.77303, 48.20632], "type": "Point"}, "properties": {"oid": "7736BG000017"}, "type": "Feature"}, {"geometry": {"coordinates": [11.96514, 48.08809], "type": "Point"}, "properties": {"oid": "7937BG000009"}, "type": "Feature"}, {"geometry": {"coordinates": [10.95469, 48.85602], "type": "Point"}, "properties": {"oid": "7131BG000033"}, "type": "Feature"}, {"geometry": {"coordinates": [11.53659, 48.18227], "type": "Point"}, "properties": {"oid": "7835BG010041"}, "type": "Feature"}, {"geometry": {"coordinates": [10.53591, 48.92161], "type": "Point"}, "properties": {"oid": "7029BG000012"}, "type": "Feature"}, {"geometry": {"coordinates": [11.91556, 48.1952], "type": "Point"}, "properties": {"oid": "7837BG000021"}, "type": "Feature"}, {"geometry": {"coordinates": [11.14657, 49.5324], "type": "Point"}, "properties": {"oid": "6432BG015018"}, "type": "Feature"}, {"geometry": {"coordinates": [12.88436, 48.51726], "type": "Point"}, "properties": {"oid": "7443BG000093"}, "type": "Feature"}, {"geometry": {"coordinates": [12.1467, 48.35375], "type": "Point"}, "properties": {"oid": "7638BG000053"}, "type": "Feature"}, {"geometry": {"coordinates": [11.83198, 48.10366], "type": "Point"}, "properties": {"oid": "7837BG000022"}, "type": "Feature"}, {"geometry": {"coordinates": [13.08306, 48.4786], "type": "Point"}, "properties": {"oid": "7544BG000006"}, "type": "Feature"}, {"geometry": {"coordinates": [11.77092, 50.40519], "type": "Point"}, "properties": {"oid": "5536BG000016"}, "type": "Feature"}, {"geometry": {"coordinates": [12.05837, 48.15706], "type": "Point"}, "properties": {"oid": "7838BG000023"}, "type": "Feature"}, {"geometry": {"coordinates": [11.28576, 48.06512], "type": "Point"}, "properties": {"oid": "7933BG000002"}, "type": "Feature"}, {"geometry": {"coordinates": [11.28529, 48.06831], "type": "Point"}, "properties": {"oid": "7933BG000003"}, "type": "Feature"}, {"geometry": {"coordinates": [10.19298, 50.23909], "type": "Point"}, "properties": {"oid": "5727BG000020"}, "type": "Feature"}, {"geometry": {"coordinates": [10.69858, 49.3086], "type": "Point"}, "properties": {"oid": "6630BG000097"}, "type": "Feature"}, {"geometry": {"coordinates": [11.68098, 50.3077], "type": "Point"}, "properties": {"oid": "5636BG000024"}, "type": "Feature"}, {"geometry": {"coordinates": [11.68896, 50.31123], "type": "Point"}, "properties": {"oid": "5636BG000025"}, "type": "Feature"}, {"geometry": {"coordinates": [12.34009, 47.97274], "type": "Point"}, "properties": {"oid": "8040BG000001"}, "type": "Feature"}, {"geometry": {"coordinates": [9.9543, 49.84957], "type": "Point"}, "properties": {"oid": "6125BG000095"}, "type": "Feature"}, {"geometry": {"coordinates": [12.7702, 48.79038], "type": "Point"}, "properties": {"oid": "7242BG000019"}, "type": "Feature"}, {"geometry": {"coordinates": [12.69111, 48.7791], "type": "Point"}, "properties": {"oid": "7242BG000021"}, "type": "Feature"}, {"geometry": {"coordinates": [11.98663, 49.2351], "type": "Point"}, "properties": {"oid": "6737BG000016"}, "type": "Feature"}, {"geometry": {"coordinates": [10.48985, 49.3075], "type": "Point"}, "properties": {"oid": "6628BG000003"}, "type": "Feature"}, {"geometry": {"coordinates": [10.43925, 49.39118], "type": "Point"}, "properties": {"oid": "6628BG000007"}, "type": "Feature"}, {"geometry": {"coordinates": [12.29556, 49.2797], "type": "Point"}, "properties": {"oid": "6739BG000021"}, "type": "Feature"}, {"geometry": {"coordinates": [9.66366, 50.25888], "type": "Point"}, "properties": {"oid": "5723BG000005"}, "type": "Feature"}, {"geometry": {"coordinates": [9.57, 50.00074], "type": "Point"}, "properties": {"oid": "5923BG000045"}, "type": "Feature"}, {"geometry": {"coordinates": [9.64995, 50.04717], "type": "Point"}, "properties": {"oid": "5923BG000047"}, "type": "Feature"}, {"geometry": {"coordinates": [9.65107, 50.0454], "type": "Point"}, "properties": {"oid": "5923BG000048"}, "type": "Feature"}, {"geometry": {"coordinates": [11.81686, 48.04294], "type": "Point"}, "properties": {"oid": "7936BG000006"}, "type": "Feature"}, {"geometry": {"coordinates": [10.21415, 50.27068], "type": "Point"}, "properties": {"oid": "5727BG000025"}, "type": "Feature"}, {"geometry": {"coordinates": [11.5852, 50.01297], "type": "Point"}, "properties": {"oid": "5935BG000243"}, "type": "Feature"}, {"geometry": {"coordinates": [11.67003, 47.88805], "type": "Point"}, "properties": {"oid": "8136BG015064"}, "type": "Feature"}, {"geometry": {"coordinates": [10.55842, 50.08314], "type": "Point"}, "properties": {"oid": "5929BG000039"}, "type": "Feature"}, {"geometry": {"coordinates": [9.57923, 49.9213], "type": "Point"}, "properties": {"oid": "6023BG000065"}, "type": "Feature"}, {"geometry": {"coordinates": [11.67421, 48.28853], "type": "Point"}, "properties": {"oid": "7736BG000235"}, "type": "Feature"}, {"geometry": {"coordinates": [11.76432, 48.10463], "type": "Point"}, "properties": {"oid": "7836BG000004"}, "type": "Feature"}, {"geometry": {"coordinates": [12.41783, 49.94004], "type": "Point"}, "properties": {"oid": "6040BG000048"}, "type": "Feature"}, {"geometry": {"coordinates": [10.67384, 49.27217], "type": "Point"}, "properties": {"oid": "6730BG000142"}, "type": "Feature"}, {"geometry": {"coordinates": [10.67494, 49.92132], "type": "Point"}, "properties": {"oid": "6030BG000369"}, "type": "Feature"}, {"geometry": {"coordinates": [12.43652, 49.97324], "type": "Point"}, "properties": {"oid": "6040BG000035"}, "type": "Feature"}, {"geometry": {"coordinates": [11.4702, 48.89099], "type": "Point"}, "properties": {"oid": "7134BG000144"}, "type": "Feature"}, {"geometry": {"coordinates": [12.66055, 47.99077], "type": "Point"}, "properties": {"oid": "8041BG015294"}, "type": "Feature"}, {"geometry": {"coordinates": [11.62016, 49.05703], "type": "Point"}, "properties": {"oid": "6935BG000137"}, "type": "Feature"}, {"geometry": {"coordinates": [11.04418, 50.22393], "type": "Point"}, "properties": {"oid": "5732BG000415"}, "type": "Feature"}, {"geometry": {"coordinates": [12.46132, 49.25422], "type": "Point"}, "properties": {"oid": "6740BG000025"}, "type": "Feature"}, {"geometry": {"coordinates": [12.41511, 49.98087], "type": "Point"}, "properties": {"oid": "6040BG000038"}, "type": "Feature"}, {"geometry": {"coordinates": [10.93538, 50.22001], "type": "Point"}, "properties": {"oid": "5731BG000587"}, "type": "Feature"}, {"geometry": {"coordinates": [10.95975, 50.26142], "type": "Point"}, "properties": {"oid": "5731BG000589"}, "type": "Feature"}, {"geometry": {"coordinates": [9.8108, 49.75533], "type": "Point"}, "properties": {"oid": "6224BG000003"}, "type": "Feature"}, {"geometry": {"coordinates": [13.33767, 48.34912], "type": "Point"}, "properties": {"oid": "7646BG015039"}, "type": "Feature"}, {"geometry": {"coordinates": [12.11301, 48.18163], "type": "Point"}, "properties": {"oid": "7838BG015101"}, "type": "Feature"}, {"geometry": {"coordinates": [11.32241, 48.14933], "type": "Point"}, "properties": {"oid": "7833BG000134"}, "type": "Feature"}, {"geometry": {"coordinates": [9.67983, 49.73848], "type": "Point"}, "properties": {"oid": "6224BG000009"}, "type": "Feature"}, {"geometry": {"coordinates": [9.67842, 49.73694], "type": "Point"}, "properties": {"oid": "6224BG000010"}, "type": "Feature"}, {"geometry": {"coordinates": [12.41116, 49.99167], "type": "Point"}, "properties": {"oid": "6040BG000039"}, "type": "Feature"}, {"geometry": {"coordinates": [12.43972, 49.97341], "type": "Point"}, "properties": {"oid": "6040BG000042"}, "type": "Feature"}, {"geometry": {"coordinates": [11.45861, 48.84161], "type": "Point"}, "properties": {"oid": "7134BG000160"}, "type": "Feature"}, {"geometry": {"coordinates": [11.54968, 48.1468], "type": "Point"}, "properties": {"oid": "7835BG007864"}, "type": "Feature"}, {"geometry": {"coordinates": [11.77486, 47.97115], "type": "Point"}, "properties": {"oid": "8036BG015001"}, "type": "Feature"}, {"geometry": {"coordinates": [12.42252, 49.44736], "type": "Point"}, "properties": {"oid": "6540BG000068"}, "type": "Feature"}, {"geometry": {"coordinates": [12.24787, 48.00722], "type": "Point"}, "properties": {"oid": "7939BG000006"}, "type": "Feature"}, {"geometry": {"coordinates": [10.79603, 49.70594], "type": "Point"}, "properties": {"oid": "6230BG000013"}, "type": "Feature"}, {"geometry": {"coordinates": [12.01466, 49.79652], "type": "Point"}, "properties": {"oid": "6238BG000314"}, "type": "Feature"}, {"geometry": {"coordinates": [11.9787, 49.0629], "type": "Point"}, "properties": {"oid": "6937BG000011"}, "type": "Feature"}, {"geometry": {"coordinates": [12.75216, 48.23652], "type": "Point"}, "properties": {"oid": "7742BG000004"}, "type": "Feature"}, {"geometry": {"coordinates": [12.65469, 48.03559], "type": "Point"}, "properties": {"oid": "7941BG015369"}, "type": "Feature"}, {"geometry": {"coordinates": [12.73117, 48.12667], "type": "Point"}, "properties": {"oid": "7842BG000039"}, "type": "Feature"}, {"geometry": {"coordinates": [12.14146, 48.1337], "type": "Point"}, "properties": {"oid": "7838BG000015"}, "type": "Feature"}, {"geometry": {"coordinates": [11.00517, 50.21562], "type": "Point"}, "properties": {"oid": "5732BG000477"}, "type": "Feature"}, {"geometry": {"coordinates": [11.00722, 50.2339], "type": "Point"}, "properties": {"oid": "5732BG000482"}, "type": "Feature"}, {"geometry": {"coordinates": [12.15069, 49.95607], "type": "Point"}, "properties": {"oid": "6038BG000010"}, "type": "Feature"}, {"geometry": {"coordinates": [12.76729, 48.13597], "type": "Point"}, "properties": {"oid": "7842BG000041"}, "type": "Feature"}, {"geometry": {"coordinates": [11.46777, 49.22721], "type": "Point"}, "properties": {"oid": "6734BG000017"}, "type": "Feature"}, {"geometry": {"coordinates": [12.2503, 48.01404], "type": "Point"}, "properties": {"oid": "7939BG000007"}, "type": "Feature"}, {"geometry": {"coordinates": [12.3107, 49.96151], "type": "Point"}, "properties": {"oid": "6039BG000362"}, "type": "Feature"}, {"geometry": {"coordinates": [12.12275, 48.13137], "type": "Point"}, "properties": {"oid": "7838BG000016"}, "type": "Feature"}, {"geometry": {"coordinates": [12.3107, 49.96151], "type": "Point"}, "properties": {"oid": "6039BG000363"}, "type": "Feature"}, {"geometry": {"coordinates": [12.49526, 48.21809], "type": "Point"}, "properties": {"oid": "7740BG000042"}, "type": "Feature"}, {"geometry": {"coordinates": [11.49102, 49.50654], "type": "Point"}, "properties": {"oid": "6434BG000027"}, "type": "Feature"}, {"geometry": {"coordinates": [10.97983, 49.62838], "type": "Point"}, "properties": {"oid": "6331BG000040"}, "type": "Feature"}, {"geometry": {"coordinates": [10.60353, 48.20147], "type": "Point"}, "properties": {"oid": "7729BG000003"}, "type": "Feature"}, {"geometry": {"coordinates": [11.93784, 50.21912], "type": "Point"}, "properties": {"oid": "5737BG000221"}, "type": "Feature"}, {"geometry": {"coordinates": [11.37214, 50.05184], "type": "Point"}, "properties": {"oid": "5934BG015036"}, "type": "Feature"}, {"geometry": {"coordinates": [12.74817, 48.15357], "type": "Point"}, "properties": {"oid": "7842BG000022"}, "type": "Feature"}, {"geometry": {"coordinates": [12.4227, 48.00197], "type": "Point"}, "properties": {"oid": "7940BG000023"}, "type": "Feature"}, {"geometry": {"coordinates": [10.58193, 48.90105], "type": "Point"}, "properties": {"oid": "7029BG000011"}, "type": "Feature"}, {"geometry": {"coordinates": [12.07318, 49.84368], "type": "Point"}, "properties": {"oid": "6138BG000023"}, "type": "Feature"}, {"geometry": {"coordinates": [10.99039, 50.1097], "type": "Point"}, "properties": {"oid": "5831BG000288"}, "type": "Feature"}, {"geometry": {"coordinates": [13.35378, 49.00981], "type": "Point"}, "properties": {"oid": "6946BG000001"}, "type": "Feature"}, {"geometry": {"coordinates": [12.40316, 47.9176], "type": "Point"}, "properties": {"oid": "8040BG000013"}, "type": "Feature"}, {"geometry": {"coordinates": [10.62875, 48.47929], "type": "Point"}, "properties": {"oid": "7529BG015007"}, "type": "Feature"}, {"geometry": {"coordinates": [11.77503, 50.35346], "type": "Point"}, "properties": {"oid": "5636BG015011"}, "type": "Feature"}, {"geometry": {"coordinates": [11.5706, 50.38346], "type": "Point"}, "properties": {"oid": "5635BG015006"}, "type": "Feature"}, {"geometry": {"coordinates": [11.52954, 47.99391], "type": "Point"}, "properties": {"oid": "8035BG000026"}, "type": "Feature"}, {"geometry": {"coordinates": [11.86008, 48.44349], "type": "Point"}, "properties": {"oid": "7537BG000542"}, "type": "Feature"}, {"geometry": {"coordinates": [11.88634, 48.2898], "type": "Point"}, "properties": {"oid": "7737BG000053"}, "type": "Feature"}, {"geometry": {"coordinates": [11.89529, 48.8883], "type": "Point"}, "properties": {"oid": "7137BG000131"}, "type": "Feature"}, {"geometry": {"coordinates": [13.06752, 48.64354], "type": "Point"}, "properties": {"oid": "7344BG015624"}, "type": "Feature"}, {"geometry": {"coordinates": [12.13066, 48.57023], "type": "Point"}, "properties": {"oid": "7438BG001890"}, "type": "Feature"}, {"geometry": {"coordinates": [11.96204, 48.16898], "type": "Point"}, "properties": {"oid": "7837BG000017"}, "type": "Feature"}, {"geometry": {"coordinates": [11.99592, 48.16829], "type": "Point"}, "properties": {"oid": "7837BG000018"}, "type": "Feature"}, {"geometry": {"coordinates": [11.9501, 48.14873], "type": "Point"}, "properties": {"oid": "7837BG000020"}, "type": "Feature"}, {"geometry": {"coordinates": [10.79799, 49.38549], "type": "Point"}, "properties": {"oid": "6630BG000102"}, "type": "Feature"}, {"geometry": {"coordinates": [9.979, 49.80375], "type": "Point"}, "properties": {"oid": "6125BG000091"}, "type": "Feature"}, {"geometry": {"coordinates": [10.73006, 49.65809], "type": "Point"}, "properties": {"oid": "6330BG000061"}, "type": "Feature"}, {"geometry": {"coordinates": [12.03855, 47.91686], "type": "Point"}, "properties": {"oid": "8038BG000012"}, "type": "Feature"}, {"geometry": {"coordinates": [9.87136, 50.15209], "type": "Point"}, "properties": {"oid": "5825BG000034"}, "type": "Feature"}, {"geometry": {"coordinates": [11.84454, 48.13501], "type": "Point"}, "properties": {"oid": "7837BG000008"}, "type": "Feature"}, {"geometry": {"coordinates": [11.83213, 48.1332], "type": "Point"}, "properties": {"oid": "7837BG000010"}, "type": "Feature"}, {"geometry": {"coordinates": [10.92636, 49.63473], "type": "Point"}, "properties": {"oid": "6331BG000114"}, "type": "Feature"}, {"geometry": {"coordinates": [11.6412, 48.0561], "type": "Point"}, "properties": {"oid": "7935BG015013"}, "type": "Feature"}, {"geometry": {"coordinates": [11.83642, 48.13043], "type": "Point"}, "properties": {"oid": "7837BG000011"}, "type": "Feature"}, {"geometry": {"coordinates": [11.85358, 48.13313], "type": "Point"}, "properties": {"oid": "7837BG000012"}, "type": "Feature"}, {"geometry": {"coordinates": [10.17095, 48.22311], "type": "Point"}, "properties": {"oid": "7727BG000005"}, "type": "Feature"}, {"geometry": {"coordinates": [10.6719, 50.02104], "type": "Point"}, "properties": {"oid": "5930BG000007"}, "type": "Feature"}, {"geometry": {"coordinates": [11.57534, 47.7102], "type": "Point"}, "properties": {"oid": "8235BG000007"}, "type": "Feature"}, {"geometry": {"coordinates": [12.13405, 48.21176], "type": "Point"}, "properties": {"oid": "7738BG000071"}, "type": "Feature"}, {"geometry": {"coordinates": [12.11916, 48.21691], "type": "Point"}, "properties": {"oid": "7738BG000074"}, "type": "Feature"}, {"geometry": {"coordinates": [11.95393, 49.53306], "type": "Point"}, "properties": {"oid": "6437BG000027"}, "type": "Feature"}, {"geometry": {"coordinates": [11.00758, 50.32552], "type": "Point"}, "properties": {"oid": "5632BG000216"}, "type": "Feature"}, {"geometry": {"coordinates": [12.03347, 47.91651], "type": "Point"}, "properties": {"oid": "8038BG000010"}, "type": "Feature"}, {"geometry": {"coordinates": [12.07737, 48.21548], "type": "Point"}, "properties": {"oid": "7738BG000078"}, "type": "Feature"}, {"geometry": {"coordinates": [12.15527, 48.21983], "type": "Point"}, "properties": {"oid": "7738BG000079"}, "type": "Feature"}, {"geometry": {"coordinates": [12.03523, 48.12366], "type": "Point"}, "properties": {"oid": "7838BG000010"}, "type": "Feature"}, {"geometry": {"coordinates": [10.10388, 48.19608], "type": "Point"}, "properties": {"oid": "7826BG000001"}, "type": "Feature"}, {"geometry": {"coordinates": [10.77844, 47.90155], "type": "Point"}, "properties": {"oid": "8030BG000001"}, "type": "Feature"}, {"geometry": {"coordinates": [11.32178, 47.69244], "type": "Point"}, "properties": {"oid": "8333BG000002"}, "type": "Feature"}, {"geometry": {"coordinates": [11.30772, 47.68313], "type": "Point"}, "properties": {"oid": "8333BG000004"}, "type": "Feature"}, {"geometry": {"coordinates": [11.31543, 47.68403], "type": "Point"}, "properties": {"oid": "8333BG000005"}, "type": "Feature"}, {"geometry": {"coordinates": [12.43389, 47.92236], "type": "Point"}, "properties": {"oid": "8040BG000008"}, "type": "Feature"}, {"geometry": {"coordinates": [9.53489, 49.90547], "type": "Point"}, "properties": {"oid": "6023BG000016"}, "type": "Feature"}, {"geometry": {"coordinates": [9.99118, 50.15924], "type": "Point"}, "properties": {"oid": "5825BG000036"}, "type": "Feature"}, {"geometry": {"coordinates": [11.57544, 48.48198], "type": "Point"}, "properties": {"oid": "7535BG000521"}, "type": "Feature"}, {"geometry": {"coordinates": [12.1207, 48.29612], "type": "Point"}, "properties": {"oid": "7738BG000063"}, "type": "Feature"}, {"geometry": {"coordinates": [10.94092, 47.91477], "type": "Point"}, "properties": {"oid": "8031BG000001"}, "type": "Feature"}, {"geometry": {"coordinates": [12.10679, 48.29515], "type": "Point"}, "properties": {"oid": "7738BG000064"}, "type": "Feature"}, {"geometry": {"coordinates": [12.09095, 48.2829], "type": "Point"}, "properties": {"oid": "7738BG000066"}, "type": "Feature"}, {"geometry": {"coordinates": [12.72441, 48.19769], "type": "Point"}, "properties": {"oid": "7842BG000049"}, "type": "Feature"}, {"geometry": {"coordinates": [11.29971, 47.68407], "type": "Point"}, "properties": {"oid": "8333BG000008"}, "type": "Feature"}, {"geometry": {"coordinates": [11.31504, 47.6727], "type": "Point"}, "properties": {"oid": "8333BG000009"}, "type": "Feature"}, {"geometry": {"coordinates": [11.83979, 49.63422], "type": "Point"}, "properties": {"oid": "6337BG015008"}, "type": "Feature"}, {"geometry": {"coordinates": [12.43383, 47.92229], "type": "Point"}, "properties": {"oid": "8040BG000009"}, "type": "Feature"}, {"geometry": {"coordinates": [12.43383, 47.92232], "type": "Point"}, "properties": {"oid": "8040BG000010"}, "type": "Feature"}, {"geometry": {"coordinates": [12.17254, 48.16521], "type": "Point"}, "properties": {"oid": "7839BG000020"}, "type": "Feature"}, {"geometry": {"coordinates": [11.49866, 48.30749], "type": "Point"}, "properties": {"oid": "7635BG000061"}, "type": "Feature"}, {"geometry": {"coordinates": [9.54827, 49.90702], "type": "Point"}, "properties": {"oid": "6023BG000014"}, "type": "Feature"}, {"geometry": {"coordinates": [13.20064, 48.60046], "type": "Point"}, "properties": {"oid": "7345BG000006"}, "type": "Feature"}, {"geometry": {"coordinates": [12.11434, 48.00575], "type": "Point"}, "properties": {"oid": "7938BG000003"}, "type": "Feature"}, {"geometry": {"coordinates": [10.74569, 48.3613], "type": "Point"}, "properties": {"oid": "7630BG000009"}, "type": "Feature"}, {"geometry": {"coordinates": [10.36078, 50.3644], "type": "Point"}, "properties": {"oid": "5628BG000015"}, "type": "Feature"}, {"geometry": {"coordinates": [12.14957, 49.05021], "type": "Point"}, "properties": {"oid": "6938BG000010"}, "type": "Feature"}, {"geometry": {"coordinates": [10.62744, 48.65216], "type": "Point"}, "properties": {"oid": "7329BG015002"}, "type": "Feature"}, {"geometry": {"coordinates": [12.2308, 48.36272], "type": "Point"}, "properties": {"oid": "7639BG000004"}, "type": "Feature"}, {"geometry": {"coordinates": [11.5516, 48.14636], "type": "Point"}, "properties": {"oid": "7835BG007547"}, "type": "Feature"}, {"geometry": {"coordinates": [12.43229, 47.93142], "type": "Point"}, "properties": {"oid": "8040BG000021"}, "type": "Feature"}, {"geometry": {"coordinates": [12.49634, 48.29085], "type": "Point"}, "properties": {"oid": "7740BG000040"}, "type": "Feature"}, {"geometry": {"coordinates": [11.771, 50.35536], "type": "Point"}, "properties": {"oid": "5636BG015010"}, "type": "Feature"}, {"geometry": {"coordinates": [12.17559, 48.16789], "type": "Point"}, "properties": {"oid": "7839BG000005"}, "type": "Feature"}, {"geometry": {"coordinates": [11.24833, 48.80822], "type": "Point"}, "properties": {"oid": "7133BG000015"}, "type": "Feature"}, {"geometry": {"coordinates": [12.33898, 47.89714], "type": "Point"}, "properties": {"oid": "8140BG000001"}, "type": "Feature"}, {"geometry": {"coordinates": [11.8792, 48.05309], "type": "Point"}, "properties": {"oid": "7937BG000004"}, "type": "Feature"}, {"geometry": {"coordinates": [11.83388, 48.04292], "type": "Point"}, "properties": {"oid": "7937BG000005"}, "type": "Feature"}, {"geometry": {"coordinates": [11.94645, 48.06239], "type": "Point"}, "properties": {"oid": "7937BG000006"}, "type": "Feature"}, {"geometry": {"coordinates": [11.85902, 48.04141], "type": "Point"}, "properties": {"oid": "7937BG000008"}, "type": "Feature"}, {"geometry": {"coordinates": [11.32279, 48.14952], "type": "Point"}, "properties": {"oid": "7833BG000136"}, "type": "Feature"}, {"geometry": {"coordinates": [12.95782, 48.21671], "type": "Point"}, "properties": {"oid": "7743BG000150"}, "type": "Feature"}, {"geometry": {"coordinates": [11.62975, 49.58673], "type": "Point"}, "properties": {"oid": "6435BG000022"}, "type": "Feature"}, {"geometry": {"coordinates": [9.65912, 50.14034], "type": "Point"}, "properties": {"oid": "5823BG015003"}, "type": "Feature"}, {"geometry": {"coordinates": [9.14488, 49.96379], "type": "Point"}, "properties": {"oid": "6020BG000042"}, "type": "Feature"}, {"geometry": {"coordinates": [11.02177, 50.34976], "type": "Point"}, "properties": {"oid": "5632BG000197"}, "type": "Feature"}, {"geometry": {"coordinates": [11.03081, 50.36029], "type": "Point"}, "properties": {"oid": "5632BG000200"}, "type": "Feature"}, {"geometry": {"coordinates": [11.95604, 49.7795], "type": "Point"}, "properties": {"oid": "6237BG000020"}, "type": "Feature"}, {"geometry": {"coordinates": [11.98797, 49.76233], "type": "Point"}, "properties": {"oid": "6237BG000022"}, "type": "Feature"}, {"geometry": {"coordinates": [11.9877, 49.75298], "type": "Point"}, "properties": {"oid": "6237BG000023"}, "type": "Feature"}, {"geometry": {"coordinates": [11.98466, 49.71567], "type": "Point"}, "properties": {"oid": "6237BG000024"}, "type": "Feature"}, {"geometry": {"coordinates": [11.95358, 49.73922], "type": "Point"}, "properties": {"oid": "6237BG000026"}, "type": "Feature"}, {"geometry": {"coordinates": [12.0318, 49.70722], "type": "Point"}, "properties": {"oid": "6238BG000007"}, "type": "Feature"}, {"geometry": {"coordinates": [12.46287, 48.21152], "type": "Point"}, "properties": {"oid": "7740BG000049"}, "type": "Feature"}, {"geometry": {"coordinates": [10.12401, 50.3391], "type": "Point"}, "properties": {"oid": "5626BG015005"}, "type": "Feature"}, {"geometry": {"coordinates": [11.08662, 49.67827], "type": "Point"}, "properties": {"oid": "6332BG000190"}, "type": "Feature"}, {"geometry": {"coordinates": [9.90503, 50.11199], "type": "Point"}, "properties": {"oid": "5825BG000024"}, "type": "Feature"}, {"geometry": {"coordinates": [10.14889, 48.02521], "type": "Point"}, "properties": {"oid": "7926BG000001"}, "type": "Feature"}, {"geometry": {"coordinates": [11.94168, 48.88592], "type": "Point"}, "properties": {"oid": "7137BG000125"}, "type": "Feature"}, {"geometry": {"coordinates": [11.94045, 48.88781], "type": "Point"}, "properties": {"oid": "7137BG000126"}, "type": "Feature"}, {"geometry": {"coordinates": [11.93909, 48.88727], "type": "Point"}, "properties": {"oid": "7137BG000127"}, "type": "Feature"}, {"geometry": {"coordinates": [12.29191, 49.28291], "type": "Point"}, "properties": {"oid": "6739BG000029"}, "type": "Feature"}, {"geometry": {"coordinates": [12.05288, 48.17376], "type": "Point"}, "properties": {"oid": "7838BG000020"}, "type": "Feature"}, {"geometry": {"coordinates": [11.27132, 48.22025], "type": "Point"}, "properties": {"oid": "7733BG000001"}, "type": "Feature"}, {"geometry": {"coordinates": [12.15354, 49.05147], "type": "Point"}, "properties": {"oid": "6938BG000009"}, "type": "Feature"}, {"geometry": {"coordinates": [9.8982, 49.81108], "type": "Point"}, "properties": {"oid": "6125BG000021"}, "type": "Feature"}, {"geometry": {"coordinates": [9.88611, 49.81781], "type": "Point"}, "properties": {"oid": "6125BG000022"}, "type": "Feature"}, {"geometry": {"coordinates": [11.86744, 47.92074], "type": "Point"}, "properties": {"oid": "8037BG000011"}, "type": "Feature"}, {"geometry": {"coordinates": [11.60137, 49.95545], "type": "Point"}, "properties": {"oid": "6035BG000182"}, "type": "Feature"}, {"geometry": {"coordinates": [9.88171, 49.82097], "type": "Point"}, "properties": {"oid": "6125BG000029"}, "type": "Feature"}, {"geometry": {"coordinates": [9.88869, 49.81695], "type": "Point"}, "properties": {"oid": "6125BG000031"}, "type": "Feature"}, {"geometry": {"coordinates": [9.89215, 49.81431], "type": "Point"}, "properties": {"oid": "6125BG000033"}, "type": "Feature"}, {"geometry": {"coordinates": [12.38536, 48.01572], "type": "Point"}, "properties": {"oid": "7940BG000008"}, "type": "Feature"}, {"geometry": {"coordinates": [10.97592, 49.11622], "type": "Point"}, "properties": {"oid": "6831BG000120"}, "type": "Feature"}, {"geometry": {"coordinates": [13.32856, 48.34999], "type": "Point"}, "properties": {"oid": "7645BG000096"}, "type": "Feature"}, {"geometry": {"coordinates": [12.38899, 47.99246], "type": "Point"}, "properties": {"oid": "8040BG000007"}, "type": "Feature"}, {"geometry": {"coordinates": [11.1916, 48.51699], "type": "Point"}, "properties": {"oid": "7433BG000440"}, "type": "Feature"}, {"geometry": {"coordinates": [11.07147, 48.60129], "type": "Point"}, "properties": {"oid": "7332BG000021"}, "type": "Feature"}, {"geometry": {"coordinates": [11.56967, 49.93567], "type": "Point"}, "properties": {"oid": "6035BG000185"}, "type": "Feature"}, {"geometry": {"coordinates": [12.51062, 47.81836], "type": "Point"}, "properties": {"oid": "8141BG000004"}, "type": "Feature"}, {"geometry": {"coordinates": [9.89711, 50.16734], "type": "Point"}, "properties": {"oid": "5825BG000044"}, "type": "Feature"}, {"geometry": {"coordinates": [10.42873, 49.10434], "type": "Point"}, "properties": {"oid": "6828BG000010"}, "type": "Feature"}, {"geometry": {"coordinates": [11.45044, 48.79012], "type": "Point"}, "properties": {"oid": "7234BG003852"}, "type": "Feature"}, {"geometry": {"coordinates": [11.44145, 48.79723], "type": "Point"}, "properties": {"oid": "7234BG003853"}, "type": "Feature"}, {"geometry": {"coordinates": [12.28702, 48.34825], "type": "Point"}, "properties": {"oid": "7639BG000010"}, "type": "Feature"}, {"geometry": {"coordinates": [12.70123, 48.83449], "type": "Point"}, "properties": {"oid": "7142BG000023"}, "type": "Feature"}, {"geometry": {"coordinates": [10.21321, 50.26869], "type": "Point"}, "properties": {"oid": "5727BG000029"}, "type": "Feature"}, {"geometry": {"coordinates": [11.31484, 48.72797], "type": "Point"}, "properties": {"oid": "7233BG000118"}, "type": "Feature"}, {"geometry": {"coordinates": [11.12539, 49.10209], "type": "Point"}, "properties": {"oid": "6832BG000010"}, "type": "Feature"}, {"geometry": {"coordinates": [11.11967, 50.15243], "type": "Point"}, "properties": {"oid": "5832BG000144"}, "type": "Feature"}, {"geometry": {"coordinates": [12.47283, 48.04461], "type": "Point"}, "properties": {"oid": "7940BG000001"}, "type": "Feature"}, {"geometry": {"coordinates": [12.15527, 49.37158], "type": "Point"}, "properties": {"oid": "6638BG000664"}, "type": "Feature"}, {"geometry": {"coordinates": [12.40062, 49.24821], "type": "Point"}, "properties": {"oid": "6740BG000063"}, "type": "Feature"}, {"geometry": {"coordinates": [11.72114, 49.6155], "type": "Point"}, "properties": {"oid": "6336BG000019"}, "type": "Feature"}, {"geometry": {"coordinates": [12.53471, 48.3754], "type": "Point"}, "properties": {"oid": "7641BG000003"}, "type": "Feature"}, {"geometry": {"coordinates": [12.09817, 48.40969], "type": "Point"}, "properties": {"oid": "7538BG000017"}, "type": "Feature"}, {"geometry": {"coordinates": [10.0178, 49.80575], "type": "Point"}, "properties": {"oid": "6126BG000024"}, "type": "Feature"}, {"geometry": {"coordinates": [10.00274, 49.81632], "type": "Point"}, "properties": {"oid": "6126BG000025"}, "type": "Feature"}, {"geometry": {"coordinates": [11.96574, 50.33366], "type": "Point"}, "properties": {"oid": "5637BG015014"}, "type": "Feature"}, {"geometry": {"coordinates": [11.69981, 50.39214], "type": "Point"}, "properties": {"oid": "5636BG015012"}, "type": "Feature"}, {"geometry": {"coordinates": [12.39979, 48.30059], "type": "Point"}, "properties": {"oid": "7640BG000004"}, "type": "Feature"}, {"geometry": {"coordinates": [11.03082, 48.41244], "type": "Point"}, "properties": {"oid": "7532BG000001"}, "type": "Feature"}, {"geometry": {"coordinates": [10.56521, 49.55825], "type": "Point"}, "properties": {"oid": "6429BG000029"}, "type": "Feature"}, {"geometry": {"coordinates": [11.72341, 47.71974], "type": "Point"}, "properties": {"oid": "8236BG015001"}, "type": "Feature"}, {"geometry": {"coordinates": [12.05678, 48.05993], "type": "Point"}, "properties": {"oid": "7938BG015004"}, "type": "Feature"}, {"geometry": {"coordinates": [10.02023, 49.81014], "type": "Point"}, "properties": {"oid": "6126BG000028"}, "type": "Feature"}, {"geometry": {"coordinates": [9.61582, 50.0237], "type": "Point"}, "properties": {"oid": "5923BG000062"}, "type": "Feature"}, {"geometry": {"coordinates": [12.94414, 48.77277], "type": "Point"}, "properties": {"oid": "7243BG000209"}, "type": "Feature"}, {"geometry": {"coordinates": [12.94656, 48.76831], "type": "Point"}, "properties": {"oid": "7243BG000202"}, "type": "Feature"}, {"geometry": {"coordinates": [11.58124, 49.3817], "type": "Point"}, "properties": {"oid": "6635BG000003"}, "type": "Feature"}, {"geometry": {"coordinates": [12.9424, 48.75983], "type": "Point"}, "properties": {"oid": "7243BG000211"}, "type": "Feature"}, {"geometry": {"coordinates": [11.07517, 48.10275], "type": "Point"}, "properties": {"oid": "7832BG015001"}, "type": "Feature"}, {"geometry": {"coordinates": [12.26799, 48.35045], "type": "Point"}, "properties": {"oid": "7639BG000013"}, "type": "Feature"}, {"geometry": {"coordinates": [12.31495, 48.37007], "type": "Point"}, "properties": {"oid": "7639BG000002"}, "type": "Feature"}, {"geometry": {"coordinates": [10.032, 49.82817], "type": "Point"}, "properties": {"oid": "6126BG000035"}, "type": "Feature"}, {"geometry": {"coordinates": [11.54899, 48.47436], "type": "Point"}, "properties": {"oid": "7535BG000036"}, "type": "Feature"}, {"geometry": {"coordinates": [11.40533, 48.97656], "type": "Point"}, "properties": {"oid": "7034BG000262"}, "type": "Feature"}, {"geometry": {"coordinates": [11.53995, 48.45769], "type": "Point"}, "properties": {"oid": "7535BG000037"}, "type": "Feature"}, {"geometry": {"coordinates": [11.61452, 48.41822], "type": "Point"}, "properties": {"oid": "7535BG000554"}, "type": "Feature"}, {"geometry": {"coordinates": [11.1868, 48.88248], "type": "Point"}, "properties": {"oid": "7133BG000316"}, "type": "Feature"}, {"geometry": {"coordinates": [10.76464, 48.08514], "type": "Point"}, "properties": {"oid": "7930BG000009"}, "type": "Feature"}, {"geometry": {"coordinates": [10.98741, 48.92661], "type": "Point"}, "properties": {"oid": "7031BG000065"}, "type": "Feature"}, {"geometry": {"coordinates": [11.32894, 48.81775], "type": "Point"}, "properties": {"oid": "7133BG000297"}, "type": "Feature"}, {"geometry": {"coordinates": [11.38007, 48.99001], "type": "Point"}, "properties": {"oid": "7034BG000253"}, "type": "Feature"}, {"geometry": {"coordinates": [11.57785, 47.70824], "type": "Point"}, "properties": {"oid": "8235BG015215"}, "type": "Feature"}, {"geometry": {"coordinates": [11.6019, 48.47123], "type": "Point"}, "properties": {"oid": "7535BG000039"}, "type": "Feature"}, {"geometry": {"coordinates": [11.43361, 48.95622], "type": "Point"}, "properties": {"oid": "7034BG000266"}, "type": "Feature"}, {"geometry": {"coordinates": [11.07548, 50.23093], "type": "Point"}, "properties": {"oid": "5732BG000006"}, "type": "Feature"}, {"geometry": {"coordinates": [11.41653, 48.96895], "type": "Point"}, "properties": {"oid": "7034BG000269"}, "type": "Feature"}, {"geometry": {"coordinates": [11.87906, 49.45024], "type": "Point"}, "properties": {"oid": "6537BG000013"}, "type": "Feature"}, {"geometry": {"coordinates": [12.9336, 48.68477], "type": "Point"}, "properties": {"oid": "7343BG000186"}, "type": "Feature"}, {"geometry": {"coordinates": [12.39091, 48.03428], "type": "Point"}, "properties": {"oid": "7940BG015110"}, "type": "Feature"}, {"geometry": {"coordinates": [9.84694, 49.83869], "type": "Point"}, "properties": {"oid": "6125BG000133"}, "type": "Feature"}, {"geometry": {"coordinates": [12.45792, 48.24434], "type": "Point"}, "properties": {"oid": "7740BG000014"}, "type": "Feature"}, {"geometry": {"coordinates": [11.35099, 48.98866], "type": "Point"}, "properties": {"oid": "7034BG000259"}, "type": "Feature"}, {"geometry": {"coordinates": [10.84336, 48.83787], "type": "Point"}, "properties": {"oid": "7131BG000081"}, "type": "Feature"}, {"geometry": {"coordinates": [11.33961, 48.99848], "type": "Point"}, "properties": {"oid": "7034BG000261"}, "type": "Feature"}, {"geometry": {"coordinates": [11.34115, 50.13331], "type": "Point"}, "properties": {"oid": "5834BG000014"}, "type": "Feature"}, {"geometry": {"coordinates": [12.39628, 48.17851], "type": "Point"}, "properties": {"oid": "7840BG000023"}, "type": "Feature"}, {"geometry": {"coordinates": [11.3169, 49.02883], "type": "Point"}, "properties": {"oid": "6933BG000115"}, "type": "Feature"}, {"geometry": {"coordinates": [12.37534, 48.24349], "type": "Point"}, "properties": {"oid": "7740BG000036"}, "type": "Feature"}, {"geometry": {"coordinates": [11.20073, 49.00642], "type": "Point"}, "properties": {"oid": "6933BG000070"}, "type": "Feature"}, {"geometry": {"coordinates": [11.23331, 48.86046], "type": "Point"}, "properties": {"oid": "7133BG000296"}, "type": "Feature"}, {"geometry": {"coordinates": [11.36462, 48.99795], "type": "Point"}, "properties": {"oid": "7034BG000250"}, "type": "Feature"}, {"geometry": {"coordinates": [11.04278, 47.85211], "type": "Point"}, "properties": {"oid": "8132BG015001"}, "type": "Feature"}, {"geometry": {"coordinates": [12.1345, 48.01978], "type": "Point"}, "properties": {"oid": "7938BG000002"}, "type": "Feature"}, {"geometry": {"coordinates": [12.65531, 47.72033], "type": "Point"}, "properties": {"oid": "8241BG000007"}, "type": "Feature"}, {"geometry": {"coordinates": [12.40241, 48.24625], "type": "Point"}, "properties": {"oid": "7740BG000038"}, "type": "Feature"}, {"geometry": {"coordinates": [12.36232, 48.2399], "type": "Point"}, "properties": {"oid": "7740BG000037"}, "type": "Feature"}, {"geometry": {"coordinates": [13.37301, 48.36658], "type": "Point"}, "properties": {"oid": "7646BG015033"}, "type": "Feature"}, {"geometry": {"coordinates": [12.0982, 48.17996], "type": "Point"}, "properties": {"oid": "7838BG000021"}, "type": "Feature"}, {"geometry": {"coordinates": [11.00609, 50.32224], "type": "Point"}, "properties": {"oid": "5632BG000217"}, "type": "Feature"}, {"geometry": {"coordinates": [10.62514, 49.57516], "type": "Point"}, "properties": {"oid": "6429BG000002"}, "type": "Feature"}, {"geometry": {"coordinates": [12.08049, 49.37205], "type": "Point"}, "properties": {"oid": "6638BG000678"}, "type": "Feature"}, {"geometry": {"coordinates": [11.64085, 49.82574], "type": "Point"}, "properties": {"oid": "6135BG000113"}, "type": "Feature"}, {"geometry": {"coordinates": [9.66317, 50.03121], "type": "Point"}, "properties": {"oid": "5923BG000004"}, "type": "Feature"}, {"geometry": {"coordinates": [9.66127, 50.03123], "type": "Point"}, "properties": {"oid": "5923BG000005"}, "type": "Feature"}, {"geometry": {"coordinates": [11.68174, 49.53674], "type": "Point"}, "properties": {"oid": "6436BG000214"}, "type": "Feature"}, {"geometry": {"coordinates": [11.72613, 50.23217], "type": "Point"}, "properties": {"oid": "5736BG000271"}, "type": "Feature"}, {"geometry": {"coordinates": [12.10657, 49.38227], "type": "Point"}, "properties": {"oid": "6638BG000022"}, "type": "Feature"}, {"geometry": {"coordinates": [12.07808, 49.21846], "type": "Point"}, "properties": {"oid": "6738BG000095"}, "type": "Feature"}, {"geometry": {"coordinates": [10.91271, 49.89291], "type": "Point"}, "properties": {"oid": "6131BG000037"}, "type": "Feature"}, {"geometry": {"coordinates": [10.4801, 48.09152], "type": "Point"}, "properties": {"oid": "7928BG000018"}, "type": "Feature"}, {"geometry": {"coordinates": [11.57451, 50.14222], "type": "Point"}, "properties": {"oid": "5835BG000008"}, "type": "Feature"}, {"geometry": {"coordinates": [11.58709, 50.12698], "type": "Point"}, "properties": {"oid": "5835BG000010"}, "type": "Feature"}, {"geometry": {"coordinates": [11.58376, 50.12337], "type": "Point"}, "properties": {"oid": "5835BG000011"}, "type": "Feature"}, {"geometry": {"coordinates": [12.09149, 49.74944], "type": "Point"}, "properties": {"oid": "6238BG000229"}, "type": "Feature"}, {"geometry": {"coordinates": [11.97811, 49.21064], "type": "Point"}, "properties": {"oid": "6737BG000002"}, "type": "Feature"}, {"geometry": {"coordinates": [10.42037, 50.3576], "type": "Point"}, "properties": {"oid": "5628BG000004"}, "type": "Feature"}, {"geometry": {"coordinates": [11.53702, 49.93129], "type": "Point"}, "properties": {"oid": "6035BG000171"}, "type": "Feature"}, {"geometry": {"coordinates": [11.6029, 50.12595], "type": "Point"}, "properties": {"oid": "5835BG000012"}, "type": "Feature"}, {"geometry": {"coordinates": [11.60487, 50.12461], "type": "Point"}, "properties": {"oid": "5835BG000013"}, "type": "Feature"}, {"geometry": {"coordinates": [11.59896, 50.12819], "type": "Point"}, "properties": {"oid": "5835BG000015"}, "type": "Feature"}, {"geometry": {"coordinates": [11.85034, 49.56624], "type": "Point"}, "properties": {"oid": "6437BG000001"}, "type": "Feature"}, {"geometry": {"coordinates": [12.73081, 48.02263], "type": "Point"}, "properties": {"oid": "7942BG000002"}, "type": "Feature"}, {"geometry": {"coordinates": [10.44084, 50.38423], "type": "Point"}, "properties": {"oid": "5628BG000010"}, "type": "Feature"}, {"geometry": {"coordinates": [13.07858, 48.48404], "type": "Point"}, "properties": {"oid": "7544BG000049"}, "type": "Feature"}, {"geometry": {"coordinates": [10.69091, 49.16698], "type": "Point"}, "properties": {"oid": "6830BG000011"}, "type": "Feature"}, {"geometry": {"coordinates": [11.47249, 49.15818], "type": "Point"}, "properties": {"oid": "6834BG000137"}, "type": "Feature"}, {"geometry": {"coordinates": [11.49277, 47.99344], "type": "Point"}, "properties": {"oid": "8034BG000187"}, "type": "Feature"}, {"geometry": {"coordinates": [12.25537, 49.24803], "type": "Point"}, "properties": {"oid": "6739BG000003"}, "type": "Feature"}, {"geometry": {"coordinates": [10.90739, 49.9682], "type": "Point"}, "properties": {"oid": "6031BG000054"}, "type": "Feature"}, {"geometry": {"coordinates": [10.72607, 49.138], "type": "Point"}, "properties": {"oid": "6830BG000009"}, "type": "Feature"}, {"geometry": {"coordinates": [11.39601, 48.98202], "type": "Point"}, "properties": {"oid": "7034BG000276"}, "type": "Feature"}, {"geometry": {"coordinates": [10.01, 50.15781], "type": "Point"}, "properties": {"oid": "5826BG000001"}, "type": "Feature"}, {"geometry": {"coordinates": [11.5724, 50.14356], "type": "Point"}, "properties": {"oid": "5835BG000004"}, "type": "Feature"}, {"geometry": {"coordinates": [11.60079, 50.12694], "type": "Point"}, "properties": {"oid": "5835BG000006"}, "type": "Feature"}, {"geometry": {"coordinates": [12.43723, 49.9754], "type": "Point"}, "properties": {"oid": "6040BG000065"}, "type": "Feature"}, {"geometry": {"coordinates": [11.61335, 49.69516], "type": "Point"}, "properties": {"oid": "6335BG000070"}, "type": "Feature"}, {"geometry": {"coordinates": [11.12742, 49.61944], "type": "Point"}, "properties": {"oid": "6332BG000233"}, "type": "Feature"}, {"geometry": {"coordinates": [9.19802, 49.91413], "type": "Point"}, "properties": {"oid": "6021BG000056"}, "type": "Feature"}, {"geometry": {"coordinates": [12.62412, 48.37405], "type": "Point"}, "properties": {"oid": "7641BG000070"}, "type": "Feature"}, {"geometry": {"coordinates": [11.07811, 48.62378], "type": "Point"}, "properties": {"oid": "7332BG000246"}, "type": "Feature"}, {"geometry": {"coordinates": [12.06048, 48.15995], "type": "Point"}, "properties": {"oid": "7838BG015030"}, "type": "Feature"}, {"geometry": {"coordinates": [12.76364, 49.24255], "type": "Point"}, "properties": {"oid": "6742BG015093"}, "type": "Feature"}, {"geometry": {"coordinates": [9.2828, 49.97801], "type": "Point"}, "properties": {"oid": "6021BG000065"}, "type": "Feature"}, {"geometry": {"coordinates": [12.247, 48.2679], "type": "Point"}, "properties": {"oid": "7739BG015004"}, "type": "Feature"}, {"geometry": {"coordinates": [11.35814, 48.69641], "type": "Point"}, "properties": {"oid": "7334BG000546"}, "type": "Feature"}, {"geometry": {"coordinates": [11.52788, 48.8249], "type": "Point"}, "properties": {"oid": "7135BG000052"}, "type": "Feature"}, {"geometry": {"coordinates": [11.63223, 49.70184], "type": "Point"}, "properties": {"oid": "6235BG000037"}, "type": "Feature"}, {"geometry": {"coordinates": [11.63166, 49.70161], "type": "Point"}, "properties": {"oid": "6235BG000038"}, "type": "Feature"}, {"geometry": {"coordinates": [11.63293, 49.70102], "type": "Point"}, "properties": {"oid": "6235BG000041"}, "type": "Feature"}, {"geometry": {"coordinates": [11.60077, 48.78225], "type": "Point"}, "properties": {"oid": "7235BG001789"}, "type": "Feature"}, {"geometry": {"coordinates": [11.83838, 50.33967], "type": "Point"}, "properties": {"oid": "5637BG000574"}, "type": "Feature"}, {"geometry": {"coordinates": [11.64233, 49.69354], "type": "Point"}, "properties": {"oid": "6335BG000063"}, "type": "Feature"}, {"geometry": {"coordinates": [11.55318, 49.74161], "type": "Point"}, "properties": {"oid": "6235BG000227"}, "type": "Feature"}, {"geometry": {"coordinates": [11.70047, 49.65864], "type": "Point"}, "properties": {"oid": "6336BG000002"}, "type": "Feature"}, {"geometry": {"coordinates": [11.07152, 48.62282], "type": "Point"}, "properties": {"oid": "7332BG000243"}, "type": "Feature"}, {"geometry": {"coordinates": [11.62734, 49.70854], "type": "Point"}, "properties": {"oid": "6235BG000046"}, "type": "Feature"}, {"geometry": {"coordinates": [11.88339, 50.31411], "type": "Point"}, "properties": {"oid": "5637BG000496"}, "type": "Feature"}, {"geometry": {"coordinates": [11.87227, 49.58523], "type": "Point"}, "properties": {"oid": "6437BG000004"}, "type": "Feature"}, {"geometry": {"coordinates": [11.8713, 49.58604], "type": "Point"}, "properties": {"oid": "6437BG000005"}, "type": "Feature"}, {"geometry": {"coordinates": [10.37753, 49.24276], "type": "Point"}, "properties": {"oid": "6728BG000082"}, "type": "Feature"}, {"geometry": {"coordinates": [11.62853, 49.70357], "type": "Point"}, "properties": {"oid": "6235BG000017"}, "type": "Feature"}, {"geometry": {"coordinates": [11.63214, 49.7025], "type": "Point"}, "properties": {"oid": "6235BG000021"}, "type": "Feature"}, {"geometry": {"coordinates": [11.90361, 50.3126], "type": "Point"}, "properties": {"oid": "5637BG000560"}, "type": "Feature"}, {"geometry": {"coordinates": [11.71873, 50.31819], "type": "Point"}, "properties": {"oid": "5636BG000171"}, "type": "Feature"}, {"geometry": {"coordinates": [11.9179, 50.32591], "type": "Point"}, "properties": {"oid": "5637BG000457"}, "type": "Feature"}, {"geometry": {"coordinates": [10.38865, 49.31096], "type": "Point"}, "properties": {"oid": "6628BG000008"}, "type": "Feature"}, {"geometry": {"coordinates": [11.45169, 48.83534], "type": "Point"}, "properties": {"oid": "7134BG000613"}, "type": "Feature"}, {"geometry": {"coordinates": [11.44649, 48.83171], "type": "Point"}, "properties": {"oid": "7134BG000614"}, "type": "Feature"}, {"geometry": {"coordinates": [12.45024, 49.98029], "type": "Point"}, "properties": {"oid": "6040BG000004"}, "type": "Feature"}, {"geometry": {"coordinates": [12.45019, 49.97481], "type": "Point"}, "properties": {"oid": "6040BG000006"}, "type": "Feature"}, {"geometry": {"coordinates": [11.44176, 48.82803], "type": "Point"}, "properties": {"oid": "7134BG000620"}, "type": "Feature"}, {"geometry": {"coordinates": [10.37964, 49.24436], "type": "Point"}, "properties": {"oid": "6728BG000083"}, "type": "Feature"}, {"geometry": {"coordinates": [11.63173, 49.70214], "type": "Point"}, "properties": {"oid": "6235BG000022"}, "type": "Feature"}, {"geometry": {"coordinates": [11.63034, 49.70169], "type": "Point"}, "properties": {"oid": "6235BG000024"}, "type": "Feature"}, {"geometry": {"coordinates": [11.62965, 49.70151], "type": "Point"}, "properties": {"oid": "6235BG000025"}, "type": "Feature"}, {"geometry": {"coordinates": [11.63115, 49.70511], "type": "Point"}, "properties": {"oid": "6235BG000028"}, "type": "Feature"}, {"geometry": {"coordinates": [11.63032, 49.70492], "type": "Point"}, "properties": {"oid": "6235BG000029"}, "type": "Feature"}, {"geometry": {"coordinates": [11.62963, 49.70483], "type": "Point"}, "properties": {"oid": "6235BG000030"}, "type": "Feature"}, {"geometry": {"coordinates": [11.52022, 48.90004], "type": "Point"}, "properties": {"oid": "7035BG000103"}, "type": "Feature"}, {"geometry": {"coordinates": [11.62838, 49.70447], "type": "Point"}, "properties": {"oid": "6235BG000032"}, "type": "Feature"}, {"geometry": {"coordinates": [11.86645, 50.3514], "type": "Point"}, "properties": {"oid": "5637BG000546"}, "type": "Feature"}, {"geometry": {"coordinates": [11.71602, 50.32392], "type": "Point"}, "properties": {"oid": "5636BG000141"}, "type": "Feature"}, {"geometry": {"coordinates": [10.58306, 49.24769], "type": "Point"}, "properties": {"oid": "6729BG000025"}, "type": "Feature"}, {"geometry": {"coordinates": [11.94006, 50.12943], "type": "Point"}, "properties": {"oid": "5837BG000057"}, "type": "Feature"}, {"geometry": {"coordinates": [11.52929, 48.31138], "type": "Point"}, "properties": {"oid": "7635BG000073"}, "type": "Feature"}, {"geometry": {"coordinates": [11.91385, 50.31458], "type": "Point"}, "properties": {"oid": "5637BG000465"}, "type": "Feature"}, {"geometry": {"coordinates": [11.91863, 50.31423], "type": "Point"}, "properties": {"oid": "5637BG000466"}, "type": "Feature"}, {"geometry": {"coordinates": [12.30802, 49.95648], "type": "Point"}, "properties": {"oid": "6039BG000016"}, "type": "Feature"}, {"geometry": {"coordinates": [11.68783, 50.39384], "type": "Point"}, "properties": {"oid": "5636BG000154"}, "type": "Feature"}, {"geometry": {"coordinates": [11.63464, 49.70038], "type": "Point"}, "properties": {"oid": "6235BG000142"}, "type": "Feature"}, {"geometry": {"coordinates": [11.55565, 48.84178], "type": "Point"}, "properties": {"oid": "7135BG000055"}, "type": "Feature"}, {"geometry": {"coordinates": [11.63489, 49.69963], "type": "Point"}, "properties": {"oid": "6235BG000145"}, "type": "Feature"}, {"geometry": {"coordinates": [11.63443, 49.70174], "type": "Point"}, "properties": {"oid": "6235BG000146"}, "type": "Feature"}, {"geometry": {"coordinates": [11.63437, 49.70101], "type": "Point"}, "properties": {"oid": "6235BG000148"}, "type": "Feature"}, {"geometry": {"coordinates": [11.44229, 48.84632], "type": "Point"}, "properties": {"oid": "7134BG000612"}, "type": "Feature"}, {"geometry": {"coordinates": [11.64174, 49.6984], "type": "Point"}, "properties": {"oid": "6335BG000004"}, "type": "Feature"}, {"geometry": {"coordinates": [12.26649, 49.83677], "type": "Point"}, "properties": {"oid": "6139BG000071"}, "type": "Feature"}, {"geometry": {"coordinates": [12.26677, 49.83709], "type": "Point"}, "properties": {"oid": "6139BG000074"}, "type": "Feature"}, {"geometry": {"coordinates": [12.35578, 49.83047], "type": "Point"}, "properties": {"oid": "6140BG000010"}, "type": "Feature"}, {"geometry": {"coordinates": [12.35577, 49.83074], "type": "Point"}, "properties": {"oid": "6140BG000012"}, "type": "Feature"}, {"geometry": {"coordinates": [12.28253, 49.8341], "type": "Point"}, "properties": {"oid": "6139BG000085"}, "type": "Feature"}, {"geometry": {"coordinates": [12.28911, 49.82898], "type": "Point"}, "properties": {"oid": "6139BG000090"}, "type": "Feature"}, {"geometry": {"coordinates": [12.30844, 49.95639], "type": "Point"}, "properties": {"oid": "6039BG000018"}, "type": "Feature"}, {"geometry": {"coordinates": [11.8932, 50.32338], "type": "Point"}, "properties": {"oid": "5637BG000468"}, "type": "Feature"}, {"geometry": {"coordinates": [12.30844, 49.95648], "type": "Point"}, "properties": {"oid": "6039BG000019"}, "type": "Feature"}, {"geometry": {"coordinates": [12.30788, 49.95585], "type": "Point"}, "properties": {"oid": "6039BG000020"}, "type": "Feature"}, {"geometry": {"coordinates": [11.89614, 50.32338], "type": "Point"}, "properties": {"oid": "5637BG000471"}, "type": "Feature"}, {"geometry": {"coordinates": [11.72092, 48.9763], "type": "Point"}, "properties": {"oid": "7036BG000268"}, "type": "Feature"}, {"geometry": {"coordinates": [11.30911, 50.30349], "type": "Point"}, "properties": {"oid": "5633BG000006"}, "type": "Feature"}, {"geometry": {"coordinates": [10.51487, 49.22788], "type": "Point"}, "properties": {"oid": "6729BG000063"}, "type": "Feature"}, {"geometry": {"coordinates": [11.27202, 50.30119], "type": "Point"}, "properties": {"oid": "5633BG000007"}, "type": "Feature"}, {"geometry": {"coordinates": [12.51989, 49.92255], "type": "Point"}, "properties": {"oid": "6041BG000005"}, "type": "Feature"}, {"geometry": {"coordinates": [12.52111, 49.9194], "type": "Point"}, "properties": {"oid": "6041BG000007"}, "type": "Feature"}, {"geometry": {"coordinates": [12.52091, 49.92695], "type": "Point"}, "properties": {"oid": "6041BG000009"}, "type": "Feature"}, {"geometry": {"coordinates": [11.68983, 48.96187], "type": "Point"}, "properties": {"oid": "7036BG000272"}, "type": "Feature"}, {"geometry": {"coordinates": [11.21603, 47.98838], "type": "Point"}, "properties": {"oid": "8033BG015114"}, "type": "Feature"}, {"geometry": {"coordinates": [12.28693, 49.83328], "type": "Point"}, "properties": {"oid": "6139BG000022"}, "type": "Feature"}, {"geometry": {"coordinates": [11.63866, 49.70234], "type": "Point"}, "properties": {"oid": "6235BG000225"}, "type": "Feature"}, {"geometry": {"coordinates": [11.42762, 47.84417], "type": "Point"}, "properties": {"oid": "8134BG000105"}, "type": "Feature"}, {"geometry": {"coordinates": [11.46188, 47.98737], "type": "Point"}, "properties": {"oid": "8034BG000029"}, "type": "Feature"}, {"geometry": {"coordinates": [12.27026, 49.85723], "type": "Point"}, "properties": {"oid": "6139BG000058"}, "type": "Feature"}, {"geometry": {"coordinates": [12.07798, 50.13672], "type": "Point"}, "properties": {"oid": "5838BG000018"}, "type": "Feature"}, {"geometry": {"coordinates": [12.28954, 49.82868], "type": "Point"}, "properties": {"oid": "6139BG000024"}, "type": "Feature"}, {"geometry": {"coordinates": [12.35321, 49.82517], "type": "Point"}, "properties": {"oid": "6140BG000006"}, "type": "Feature"}, {"geometry": {"coordinates": [12.27844, 49.83633], "type": "Point"}, "properties": {"oid": "6139BG000045"}, "type": "Feature"}, {"geometry": {"coordinates": [12.27777, 49.83622], "type": "Point"}, "properties": {"oid": "6139BG000047"}, "type": "Feature"}, {"geometry": {"coordinates": [12.28659, 49.83282], "type": "Point"}, "properties": {"oid": "6139BG000048"}, "type": "Feature"}, {"geometry": {"coordinates": [11.88356, 50.33181], "type": "Point"}, "properties": {"oid": "5637BG000631"}, "type": "Feature"}, {"geometry": {"coordinates": [11.34579, 49.00847], "type": "Point"}, "properties": {"oid": "6934BG000245"}, "type": "Feature"}, {"geometry": {"coordinates": [11.68629, 47.87169], "type": "Point"}, "properties": {"oid": "8136BG015018"}, "type": "Feature"}, {"geometry": {"coordinates": [11.36963, 48.99612], "type": "Point"}, "properties": {"oid": "7034BG000237"}, "type": "Feature"}, {"geometry": {"coordinates": [11.81477, 49.61213], "type": "Point"}, "properties": {"oid": "6336BG000003"}, "type": "Feature"}, {"geometry": {"coordinates": [11.8156, 49.61231], "type": "Point"}, "properties": {"oid": "6336BG000004"}, "type": "Feature"}, {"geometry": {"coordinates": [11.81616, 49.61276], "type": "Point"}, "properties": {"oid": "6336BG000005"}, "type": "Feature"}, {"geometry": {"coordinates": [11.6663, 49.67357], "type": "Point"}, "properties": {"oid": "6336BG000007"}, "type": "Feature"}, {"geometry": {"coordinates": [11.66617, 49.67312], "type": "Point"}, "properties": {"oid": "6336BG000008"}, "type": "Feature"}, {"geometry": {"coordinates": [11.66658, 49.67402], "type": "Point"}, "properties": {"oid": "6336BG000009"}, "type": "Feature"}, {"geometry": {"coordinates": [11.36806, 47.95766], "type": "Point"}, "properties": {"oid": "8034BG000196"}, "type": "Feature"}, {"geometry": {"coordinates": [11.31311, 49.03302], "type": "Point"}, "properties": {"oid": "6933BG000090"}, "type": "Feature"}, {"geometry": {"coordinates": [11.69891, 49.77804], "type": "Point"}, "properties": {"oid": "6236BG000005"}, "type": "Feature"}, {"geometry": {"coordinates": [11.3119, 49.03687], "type": "Point"}, "properties": {"oid": "6933BG000093"}, "type": "Feature"}, {"geometry": {"coordinates": [11.46159, 47.98916], "type": "Point"}, "properties": {"oid": "8034BG000031"}, "type": "Feature"}, {"geometry": {"coordinates": [11.41085, 47.90375], "type": "Point"}, "properties": {"oid": "8034BG000083"}, "type": "Feature"}, {"geometry": {"coordinates": [11.34978, 47.89164], "type": "Point"}, "properties": {"oid": "8134BG000096"}, "type": "Feature"}, {"geometry": {"coordinates": [12.17292, 50.05404], "type": "Point"}, "properties": {"oid": "5939BG000123"}, "type": "Feature"}, {"geometry": {"coordinates": [11.94144, 50.00646], "type": "Point"}, "properties": {"oid": "5937BG000009"}, "type": "Feature"}, {"geometry": {"coordinates": [11.45978, 47.98331], "type": "Point"}, "properties": {"oid": "8034BG000032"}, "type": "Feature"}, {"geometry": {"coordinates": [11.93739, 50.13711], "type": "Point"}, "properties": {"oid": "5837BG000034"}, "type": "Feature"}, {"geometry": {"coordinates": [11.93448, 50.13749], "type": "Point"}, "properties": {"oid": "5837BG000035"}, "type": "Feature"}, {"geometry": {"coordinates": [12.27888, 49.83525], "type": "Point"}, "properties": {"oid": "6139BG000028"}, "type": "Feature"}, {"geometry": {"coordinates": [12.29298, 49.83203], "type": "Point"}, "properties": {"oid": "6139BG000031"}, "type": "Feature"}, {"geometry": {"coordinates": [12.29226, 49.8273], "type": "Point"}, "properties": {"oid": "6139BG000032"}, "type": "Feature"}, {"geometry": {"coordinates": [12.25163, 49.82916], "type": "Point"}, "properties": {"oid": "6139BG000034"}, "type": "Feature"}, {"geometry": {"coordinates": [12.28495, 49.83449], "type": "Point"}, "properties": {"oid": "6139BG000035"}, "type": "Feature"}, {"geometry": {"coordinates": [12.25453, 49.82852], "type": "Point"}, "properties": {"oid": "6139BG000037"}, "type": "Feature"}, {"geometry": {"coordinates": [11.94301, 50.13086], "type": "Point"}, "properties": {"oid": "5837BG000037"}, "type": "Feature"}, {"geometry": {"coordinates": [11.94431, 50.12878], "type": "Point"}, "properties": {"oid": "5837BG000040"}, "type": "Feature"}, {"geometry": {"coordinates": [12.28585, 49.83428], "type": "Point"}, "properties": {"oid": "6139BG000050"}, "type": "Feature"}, {"geometry": {"coordinates": [12.28517, 49.83506], "type": "Point"}, "properties": {"oid": "6139BG000051"}, "type": "Feature"}, {"geometry": {"coordinates": [11.92324, 50.15358], "type": "Point"}, "properties": {"oid": "5837BG000053"}, "type": "Feature"}, {"geometry": {"coordinates": [12.03942, 50.11949], "type": "Point"}, "properties": {"oid": "5838BG000007"}, "type": "Feature"}, {"geometry": {"coordinates": [12.04044, 50.1204], "type": "Point"}, "properties": {"oid": "5838BG000008"}, "type": "Feature"}, {"geometry": {"coordinates": [12.03949, 50.1206], "type": "Point"}, "properties": {"oid": "5838BG000009"}, "type": "Feature"}, {"geometry": {"coordinates": [11.66755, 49.67366], "type": "Point"}, "properties": {"oid": "6336BG000010"}, "type": "Feature"}, {"geometry": {"coordinates": [11.66894, 49.67285], "type": "Point"}, "properties": {"oid": "6336BG000012"}, "type": "Feature"}, {"geometry": {"coordinates": [11.66852, 49.67348], "type": "Point"}, "properties": {"oid": "6336BG000013"}, "type": "Feature"}, {"geometry": {"coordinates": [11.43429, 47.98643], "type": "Point"}, "properties": {"oid": "8034BG000053"}, "type": "Feature"}, {"geometry": {"coordinates": [11.36099, 47.90987], "type": "Point"}, "properties": {"oid": "8034BG000056"}, "type": "Feature"}, {"geometry": {"coordinates": [11.65738, 47.94162], "type": "Point"}, "properties": {"oid": "8035BG000028"}, "type": "Feature"}, {"geometry": {"coordinates": [11.65165, 47.95743], "type": "Point"}, "properties": {"oid": "8035BG000029"}, "type": "Feature"}, {"geometry": {"coordinates": [11.39413, 48.98438], "type": "Point"}, "properties": {"oid": "7034BG000226"}, "type": "Feature"}, {"geometry": {"coordinates": [11.39413, 48.98438], "type": "Point"}, "properties": {"oid": "7034BG000227"}, "type": "Feature"}, {"geometry": {"coordinates": [11.66865, 49.67393], "type": "Point"}, "properties": {"oid": "6336BG000014"}, "type": "Feature"}, {"geometry": {"coordinates": [11.83666, 49.6038], "type": "Point"}, "properties": {"oid": "6337BG000003"}, "type": "Feature"}, {"geometry": {"coordinates": [11.84884, 49.60184], "type": "Point"}, "properties": {"oid": "6337BG000005"}, "type": "Feature"}, {"geometry": {"coordinates": [11.88169, 49.63631], "type": "Point"}, "properties": {"oid": "6337BG000009"}, "type": "Feature"}, {"geometry": {"coordinates": [12.3165, 49.86052], "type": "Point"}, "properties": {"oid": "6139BG000143"}, "type": "Feature"}, {"geometry": {"coordinates": [12.3161, 49.86053], "type": "Point"}, "properties": {"oid": "6139BG000145"}, "type": "Feature"}, {"geometry": {"coordinates": [12.31541, 49.86051], "type": "Point"}, "properties": {"oid": "6139BG000146"}, "type": "Feature"}, {"geometry": {"coordinates": [11.40295, 48.98035], "type": "Point"}, "properties": {"oid": "7034BG000230"}, "type": "Feature"}, {"geometry": {"coordinates": [12.31591, 49.86052], "type": "Point"}, "properties": {"oid": "6139BG000147"}, "type": "Feature"}, {"geometry": {"coordinates": [11.93327, 50.13961], "type": "Point"}, "properties": {"oid": "5837BG000044"}, "type": "Feature"}, {"geometry": {"coordinates": [12.04003, 50.11896], "type": "Point"}, "properties": {"oid": "5838BG000011"}, "type": "Feature"}, {"geometry": {"coordinates": [12.0356, 50.12057], "type": "Point"}, "properties": {"oid": "5838BG000012"}, "type": "Feature"}, {"geometry": {"coordinates": [12.35603, 47.90945], "type": "Point"}, "properties": {"oid": "8040BG000015"}, "type": "Feature"}, {"geometry": {"coordinates": [11.41405, 47.8811], "type": "Point"}, "properties": {"oid": "8134BG000067"}, "type": "Feature"}, {"geometry": {"coordinates": [11.72215, 49.71194], "type": "Point"}, "properties": {"oid": "6236BG000004"}, "type": "Feature"}, {"geometry": {"coordinates": [12.25099, 49.82902], "type": "Point"}, "properties": {"oid": "6139BG000038"}, "type": "Feature"}, {"geometry": {"coordinates": [12.27846, 49.83498], "type": "Point"}, "properties": {"oid": "6139BG000040"}, "type": "Feature"}, {"geometry": {"coordinates": [12.35799, 49.82645], "type": "Point"}, "properties": {"oid": "6140BG000005"}, "type": "Feature"}, {"geometry": {"coordinates": [11.63913, 49.69524], "type": "Point"}, "properties": {"oid": "6335BG000160"}, "type": "Feature"}, {"geometry": {"coordinates": [10.44511, 49.65851], "type": "Point"}, "properties": {"oid": "6328BG015001"}, "type": "Feature"}, {"geometry": {"coordinates": [12.30861, 48.23922], "type": "Point"}, "properties": {"oid": "7739BG000007"}, "type": "Feature"}, {"geometry": {"coordinates": [12.28334, 47.95455], "type": "Point"}, "properties": {"oid": "8039BG000002"}, "type": "Feature"}, {"geometry": {"coordinates": [11.35462, 47.89399], "type": "Point"}, "properties": {"oid": "8134BG000162"}, "type": "Feature"}, {"geometry": {"coordinates": [11.41273, 48.97293], "type": "Point"}, "properties": {"oid": "7034BG000233"}, "type": "Feature"}, {"geometry": {"coordinates": [12.31641, 49.8603], "type": "Point"}, "properties": {"oid": "6139BG000151"}, "type": "Feature"}, {"geometry": {"coordinates": [10.36151, 50.39676], "type": "Point"}, "properties": {"oid": "5628BG000006"}, "type": "Feature"}, {"geometry": {"coordinates": [12.2013, 50.06266], "type": "Point"}, "properties": {"oid": "5939BG000071"}, "type": "Feature"}, {"geometry": {"coordinates": [12.20009, 50.06264], "type": "Point"}, "properties": {"oid": "5939BG000075"}, "type": "Feature"}, {"geometry": {"coordinates": [11.39653, 47.85861], "type": "Point"}, "properties": {"oid": "8134BG000017"}, "type": "Feature"}, {"geometry": {"coordinates": [11.93867, 50.13516], "type": "Point"}, "properties": {"oid": "5837BG000010"}, "type": "Feature"}, {"geometry": {"coordinates": [11.94081, 50.13179], "type": "Point"}, "properties": {"oid": "5837BG000013"}, "type": "Feature"}, {"geometry": {"coordinates": [12.03863, 50.11955], "type": "Point"}, "properties": {"oid": "5838BG000017"}, "type": "Feature"}, {"geometry": {"coordinates": [12.49072, 49.88009], "type": "Point"}, "properties": {"oid": "6140BG000008"}, "type": "Feature"}, {"geometry": {"coordinates": [11.43335, 49.11442], "type": "Point"}, "properties": {"oid": "6834BG000133"}, "type": "Feature"}, {"geometry": {"coordinates": [11.94435, 50.1302], "type": "Point"}, "properties": {"oid": "5837BG000025"}, "type": "Feature"}, {"geometry": {"coordinates": [12.28073, 49.83637], "type": "Point"}, "properties": {"oid": "6139BG000007"}, "type": "Feature"}, {"geometry": {"coordinates": [12.28098, 49.83554], "type": "Point"}, "properties": {"oid": "6139BG000008"}, "type": "Feature"}, {"geometry": {"coordinates": [12.27535, 49.83572], "type": "Point"}, "properties": {"oid": "6139BG000010"}, "type": "Feature"}, {"geometry": {"coordinates": [12.28555, 49.83591], "type": "Point"}, "properties": {"oid": "6139BG000015"}, "type": "Feature"}, {"geometry": {"coordinates": [12.28546, 49.83441], "type": "Point"}, "properties": {"oid": "6139BG000017"}, "type": "Feature"}, {"geometry": {"coordinates": [12.28577, 49.83286], "type": "Point"}, "properties": {"oid": "6139BG000018"}, "type": "Feature"}, {"geometry": {"coordinates": [12.28547, 49.83037], "type": "Point"}, "properties": {"oid": "6139BG000019"}, "type": "Feature"}, {"geometry": {"coordinates": [12.28668, 49.83325], "type": "Point"}, "properties": {"oid": "6139BG000021"}, "type": "Feature"}, {"geometry": {"coordinates": [11.42583, 47.84032], "type": "Point"}, "properties": {"oid": "8134BG000100"}, "type": "Feature"}, {"geometry": {"coordinates": [12.27955, 49.83454], "type": "Point"}, "properties": {"oid": "6139BG000041"}, "type": "Feature"}, {"geometry": {"coordinates": [12.27861, 49.83449], "type": "Point"}, "properties": {"oid": "6139BG000042"}, "type": "Feature"}, {"geometry": {"coordinates": [12.24245, 49.83087], "type": "Point"}, "properties": {"oid": "6139BG000044"}, "type": "Feature"}, {"geometry": {"coordinates": [11.90123, 50.08519], "type": "Point"}, "properties": {"oid": "5937BG000008"}, "type": "Feature"}, {"geometry": {"coordinates": [12.49411, 49.88258], "type": "Point"}, "properties": {"oid": "6140BG000009"}, "type": "Feature"}, {"geometry": {"coordinates": [12.28969, 49.82868], "type": "Point"}, "properties": {"oid": "6139BG000052"}, "type": "Feature"}, {"geometry": {"coordinates": [12.28455, 49.82825], "type": "Point"}, "properties": {"oid": "6139BG000054"}, "type": "Feature"}, {"geometry": {"coordinates": [12.27856, 49.82565], "type": "Point"}, "properties": {"oid": "6139BG000055"}, "type": "Feature"}, {"geometry": {"coordinates": [12.26883, 49.82613], "type": "Point"}, "properties": {"oid": "6139BG000056"}, "type": "Feature"}, {"geometry": {"coordinates": [11.34794, 47.89446], "type": "Point"}, "properties": {"oid": "8134BG000165"}, "type": "Feature"}, {"geometry": {"coordinates": [12.29432, 47.97943], "type": "Point"}, "properties": {"oid": "8039BG000003"}, "type": "Feature"}, {"geometry": {"coordinates": [11.28596, 48.87168], "type": "Point"}, "properties": {"oid": "7133BG000293"}, "type": "Feature"}, {"geometry": {"coordinates": [11.32083, 49.0238], "type": "Point"}, "properties": {"oid": "6933BG000084"}, "type": "Feature"}, {"geometry": {"coordinates": [12.28987, 49.82948], "type": "Point"}, "properties": {"oid": "6139BG000120"}, "type": "Feature"}, {"geometry": {"coordinates": [12.31688, 49.8605], "type": "Point"}, "properties": {"oid": "6139BG000141"}, "type": "Feature"}, {"geometry": {"coordinates": [12.3278, 49.31648], "type": "Point"}, "properties": {"oid": "6639BG000081"}, "type": "Feature"}, {"geometry": {"coordinates": [11.48435, 48.71321], "type": "Point"}, "properties": {"oid": "7234BG002958"}, "type": "Feature"}, {"geometry": {"coordinates": [12.11503, 49.37764], "type": "Point"}, "properties": {"oid": "6638BG000323"}, "type": "Feature"}, {"geometry": {"coordinates": [12.27572, 49.82682], "type": "Point"}, "properties": {"oid": "6139BG000124"}, "type": "Feature"}, {"geometry": {"coordinates": [12.27601, 49.82641], "type": "Point"}, "properties": {"oid": "6139BG000125"}, "type": "Feature"}, {"geometry": {"coordinates": [12.06619, 49.34111], "type": "Point"}, "properties": {"oid": "6638BG000715"}, "type": "Feature"}, {"geometry": {"coordinates": [11.79133, 48.82123], "type": "Point"}, "properties": {"oid": "7136BG000265"}, "type": "Feature"}, {"geometry": {"coordinates": [12.28277, 49.83508], "type": "Point"}, "properties": {"oid": "6139BG000127"}, "type": "Feature"}, {"geometry": {"coordinates": [12.28223, 49.83525], "type": "Point"}, "properties": {"oid": "6139BG000128"}, "type": "Feature"}, {"geometry": {"coordinates": [11.40803, 47.96318], "type": "Point"}, "properties": {"oid": "8034BG000195"}, "type": "Feature"}, {"geometry": {"coordinates": [11.38438, 48.73817], "type": "Point"}, "properties": {"oid": "7234BG002945"}, "type": "Feature"}, {"geometry": {"coordinates": [11.41908, 48.76424], "type": "Point"}, "properties": {"oid": "7234BG003282"}, "type": "Feature"}, {"geometry": {"coordinates": [12.28391, 49.83258], "type": "Point"}, "properties": {"oid": "6139BG000130"}, "type": "Feature"}, {"geometry": {"coordinates": [12.47497, 49.91474], "type": "Point"}, "properties": {"oid": "6040BG000007"}, "type": "Feature"}, {"geometry": {"coordinates": [12.47888, 49.91607], "type": "Point"}, "properties": {"oid": "6040BG000008"}, "type": "Feature"}, {"geometry": {"coordinates": [12.28278, 49.83477], "type": "Point"}, "properties": {"oid": "6139BG000134"}, "type": "Feature"}, {"geometry": {"coordinates": [12.95642, 48.76758], "type": "Point"}, "properties": {"oid": "7243BG000210"}, "type": "Feature"}, {"geometry": {"coordinates": [12.11092, 49.37264], "type": "Point"}, "properties": {"oid": "6638BG000320"}, "type": "Feature"}, {"geometry": {"coordinates": [10.78214, 49.61619], "type": "Point"}, "properties": {"oid": "6330BG015010"}, "type": "Feature"}, {"geometry": {"coordinates": [12.27338, 49.83649], "type": "Point"}, "properties": {"oid": "6139BG000136"}, "type": "Feature"}, {"geometry": {"coordinates": [11.7776, 47.95944], "type": "Point"}, "properties": {"oid": "8036BG015051"}, "type": "Feature"}, {"geometry": {"coordinates": [11.76328, 48.81016], "type": "Point"}, "properties": {"oid": "7136BG000267"}, "type": "Feature"}, {"geometry": {"coordinates": [12.57862, 47.97233], "type": "Point"}, "properties": {"oid": "8041BG000001"}, "type": "Feature"}, {"geometry": {"coordinates": [10.24429, 47.8825], "type": "Point"}, "properties": {"oid": "8127BG015001"}, "type": "Feature"}, {"geometry": {"coordinates": [11.51209, 48.71123], "type": "Point"}, "properties": {"oid": "7235BG001560"}, "type": "Feature"}, {"geometry": {"coordinates": [12.61787, 48.86039], "type": "Point"}, "properties": {"oid": "7141BG000158"}, "type": "Feature"}, {"geometry": {"coordinates": [11.759, 47.87737], "type": "Point"}, "properties": {"oid": "8136BG000001"}, "type": "Feature"}, {"geometry": {"coordinates": [11.389, 47.90777], "type": "Point"}, "properties": {"oid": "8034BG000227"}, "type": "Feature"}, {"geometry": {"coordinates": [11.39524, 47.90007], "type": "Point"}, "properties": {"oid": "8034BG000229"}, "type": "Feature"}, {"geometry": {"coordinates": [11.44383, 47.93377], "type": "Point"}, "properties": {"oid": "8034BG000230"}, "type": "Feature"}, {"geometry": {"coordinates": [11.35835, 49.00133], "type": "Point"}, "properties": {"oid": "6934BG000247"}, "type": "Feature"}, {"geometry": {"coordinates": [11.44227, 47.94231], "type": "Point"}, "properties": {"oid": "8034BG000233"}, "type": "Feature"}, {"geometry": {"coordinates": [10.82558, 49.22353], "type": "Point"}, "properties": {"oid": "6730BG015049"}, "type": "Feature"}, {"geometry": {"coordinates": [11.99247, 49.4106], "type": "Point"}, "properties": {"oid": "6537BG000003"}, "type": "Feature"}, {"geometry": {"coordinates": [12.025, 48.1712], "type": "Point"}, "properties": {"oid": "7838BG000022"}, "type": "Feature"}, {"geometry": {"coordinates": [13.22946, 48.58754], "type": "Point"}, "properties": {"oid": "7445BG000002"}, "type": "Feature"}, {"geometry": {"coordinates": [12.10205, 48.52565], "type": "Point"}, "properties": {"oid": "7438BG002028"}, "type": "Feature"}, {"geometry": {"coordinates": [12.40154, 49.28256], "type": "Point"}, "properties": {"oid": "6740BG000003"}, "type": "Feature"}, {"geometry": {"coordinates": [12.48924, 49.23073], "type": "Point"}, "properties": {"oid": "6740BG000015"}, "type": "Feature"}, {"geometry": {"coordinates": [11.49448, 49.73921], "type": "Point"}, "properties": {"oid": "6234BG000004"}, "type": "Feature"}, {"geometry": {"coordinates": [11.48831, 49.7411], "type": "Point"}, "properties": {"oid": "6234BG000005"}, "type": "Feature"}, {"geometry": {"coordinates": [11.3151, 48.72887], "type": "Point"}, "properties": {"oid": "7233BG000896"}, "type": "Feature"}, {"geometry": {"coordinates": [12.21882, 49.64561], "type": "Point"}, "properties": {"oid": "6339BG000015"}, "type": "Feature"}, {"geometry": {"coordinates": [11.46343, 47.99331], "type": "Point"}, "properties": {"oid": "8034BG000001"}, "type": "Feature"}, {"geometry": {"coordinates": [11.46441, 47.98909], "type": "Point"}, "properties": {"oid": "8034BG000002"}, "type": "Feature"}, {"geometry": {"coordinates": [11.42968, 47.94278], "type": "Point"}, "properties": {"oid": "8034BG000004"}, "type": "Feature"}, {"geometry": {"coordinates": [12.0983, 49.41608], "type": "Point"}, "properties": {"oid": "6538BG000004"}, "type": "Feature"}, {"geometry": {"coordinates": [12.23177, 49.31872], "type": "Point"}, "properties": {"oid": "6639BG000045"}, "type": "Feature"}, {"geometry": {"coordinates": [12.23401, 49.31849], "type": "Point"}, "properties": {"oid": "6639BG000059"}, "type": "Feature"}, {"geometry": {"coordinates": [12.23034, 49.32067], "type": "Point"}, "properties": {"oid": "6639BG000067"}, "type": "Feature"}, {"geometry": {"coordinates": [12.23266, 49.31958], "type": "Point"}, "properties": {"oid": "6639BG000070"}, "type": "Feature"}, {"geometry": {"coordinates": [12.23264, 50.07659], "type": "Point"}, "properties": {"oid": "5939BG000015"}, "type": "Feature"}, {"geometry": {"coordinates": [12.21011, 50.06424], "type": "Point"}, "properties": {"oid": "5939BG000016"}, "type": "Feature"}, {"geometry": {"coordinates": [11.36967, 47.81997], "type": "Point"}, "properties": {"oid": "8134BG000006"}, "type": "Feature"}, {"geometry": {"coordinates": [12.23144, 49.32004], "type": "Point"}, "properties": {"oid": "6639BG000074"}, "type": "Feature"}, {"geometry": {"coordinates": [12.23362, 49.3191], "type": "Point"}, "properties": {"oid": "6639BG000076"}, "type": "Feature"}, {"geometry": {"coordinates": [11.51825, 49.79079], "type": "Point"}, "properties": {"oid": "6235BG000006"}, "type": "Feature"}, {"geometry": {"coordinates": [11.36435, 47.81261], "type": "Point"}, "properties": {"oid": "8134BG000007"}, "type": "Feature"}, {"geometry": {"coordinates": [12.20396, 50.06418], "type": "Point"}, "properties": {"oid": "5939BG000019"}, "type": "Feature"}, {"geometry": {"coordinates": [12.22878, 49.31893], "type": "Point"}, "properties": {"oid": "6639BG000017"}, "type": "Feature"}, {"geometry": {"coordinates": [12.22934, 49.31875], "type": "Point"}, "properties": {"oid": "6639BG000018"}, "type": "Feature"}, {"geometry": {"coordinates": [12.2304, 49.31811], "type": "Point"}, "properties": {"oid": "6639BG000020"}, "type": "Feature"}, {"geometry": {"coordinates": [12.23105, 49.31797], "type": "Point"}, "properties": {"oid": "6639BG000021"}, "type": "Feature"}, {"geometry": {"coordinates": [12.23342, 49.31705], "type": "Point"}, "properties": {"oid": "6639BG000025"}, "type": "Feature"}, {"geometry": {"coordinates": [12.22975, 49.31914], "type": "Point"}, "properties": {"oid": "6639BG000027"}, "type": "Feature"}, {"geometry": {"coordinates": [12.23098, 49.31867], "type": "Point"}, "properties": {"oid": "6639BG000029"}, "type": "Feature"}, {"geometry": {"coordinates": [11.43749, 47.95083], "type": "Point"}, "properties": {"oid": "8034BG000023"}, "type": "Feature"}, {"geometry": {"coordinates": [11.4299, 47.94773], "type": "Point"}, "properties": {"oid": "8034BG000024"}, "type": "Feature"}, {"geometry": {"coordinates": [12.69673, 47.97914], "type": "Point"}, "properties": {"oid": "8042BG000001"}, "type": "Feature"}, {"geometry": {"coordinates": [12.20525, 50.06513], "type": "Point"}, "properties": {"oid": "5939BG000040"}, "type": "Feature"}, {"geometry": {"coordinates": [12.20409, 50.06468], "type": "Point"}, "properties": {"oid": "5939BG000045"}, "type": "Feature"}, {"geometry": {"coordinates": [12.20345, 50.06387], "type": "Point"}, "properties": {"oid": "5939BG000047"}, "type": "Feature"}, {"geometry": {"coordinates": [11.41273, 47.92687], "type": "Point"}, "properties": {"oid": "8034BG000014"}, "type": "Feature"}, {"geometry": {"coordinates": [11.40917, 47.90994], "type": "Point"}, "properties": {"oid": "8034BG000017"}, "type": "Feature"}, {"geometry": {"coordinates": [12.20363, 50.0636], "type": "Point"}, "properties": {"oid": "5939BG000049"}, "type": "Feature"}, {"geometry": {"coordinates": [12.20382, 50.06338], "type": "Point"}, "properties": {"oid": "5939BG000051"}, "type": "Feature"}, {"geometry": {"coordinates": [12.20664, 50.0639], "type": "Point"}, "properties": {"oid": "5939BG000052"}, "type": "Feature"}, {"geometry": {"coordinates": [11.42177, 47.93249], "type": "Point"}, "properties": {"oid": "8034BG000005"}, "type": "Feature"}, {"geometry": {"coordinates": [11.41678, 47.92329], "type": "Point"}, "properties": {"oid": "8034BG000006"}, "type": "Feature"}, {"geometry": {"coordinates": [11.45711, 47.98258], "type": "Point"}, "properties": {"oid": "8034BG000019"}, "type": "Feature"}, {"geometry": {"coordinates": [12.28432, 49.83174], "type": "Point"}, "properties": {"oid": "6139BG000004"}, "type": "Feature"}, {"geometry": {"coordinates": [12.28138, 49.83569], "type": "Point"}, "properties": {"oid": "6139BG000005"}, "type": "Feature"}, {"geometry": {"coordinates": [11.43903, 47.95713], "type": "Point"}, "properties": {"oid": "8034BG000021"}, "type": "Feature"}, {"geometry": {"coordinates": [11.9268, 49.40655], "type": "Point"}, "properties": {"oid": "6537BG015153"}, "type": "Feature"}, {"geometry": {"coordinates": [11.44357, 47.95868], "type": "Point"}, "properties": {"oid": "8034BG000011"}, "type": "Feature"}, {"geometry": {"coordinates": [11.41303, 47.92399], "type": "Point"}, "properties": {"oid": "8034BG000015"}, "type": "Feature"}, {"geometry": {"coordinates": [11.40276, 47.89813], "type": "Point"}, "properties": {"oid": "8134BG000010"}, "type": "Feature"}, {"geometry": {"coordinates": [11.42052, 47.93599], "type": "Point"}, "properties": {"oid": "8034BG000013"}, "type": "Feature"}, {"geometry": {"coordinates": [12.39849, 48.18341], "type": "Point"}, "properties": {"oid": "7840BG000024"}, "type": "Feature"}, {"geometry": {"coordinates": [11.64438, 47.78698], "type": "Point"}, "properties": {"oid": "8235BG015002"}, "type": "Feature"}, {"geometry": {"coordinates": [12.11538, 48.01174], "type": "Point"}, "properties": {"oid": "7938BG000001"}, "type": "Feature"}, {"geometry": {"coordinates": [11.97125, 49.33658], "type": "Point"}, "properties": {"oid": "6637BG000082"}, "type": "Feature"}, {"geometry": {"coordinates": [12.20209, 50.0627], "type": "Point"}, "properties": {"oid": "5939BG000053"}, "type": "Feature"}, {"geometry": {"coordinates": [12.20524, 50.06251], "type": "Point"}, "properties": {"oid": "5939BG000059"}, "type": "Feature"}, {"geometry": {"coordinates": [12.20264, 50.06239], "type": "Point"}, "properties": {"oid": "5939BG000060"}, "type": "Feature"}, {"geometry": {"coordinates": [11.06595, 47.49658], "type": "Point"}, "properties": {"oid": "8532BG015007"}, "type": "Feature"}, {"geometry": {"coordinates": [10.96469, 48.99359], "type": "Point"}, "properties": {"oid": "7031BG015009"}, "type": "Feature"}, {"geometry": {"coordinates": [10.943, 49.03585], "type": "Point"}, "properties": {"oid": "6931BG000087"}, "type": "Feature"}, {"geometry": {"coordinates": [11.39367, 47.85154], "type": "Point"}, "properties": {"oid": "8134BG000013"}, "type": "Feature"}, {"geometry": {"coordinates": [11.93966, 50.13711], "type": "Point"}, "properties": {"oid": "5837BG000005"}, "type": "Feature"}, {"geometry": {"coordinates": [11.93812, 50.13646], "type": "Point"}, "properties": {"oid": "5837BG000006"}, "type": "Feature"}, {"geometry": {"coordinates": [11.39037, 47.84801], "type": "Point"}, "properties": {"oid": "8134BG000014"}, "type": "Feature"}, {"geometry": {"coordinates": [11.14333, 48.87016], "type": "Point"}, "properties": {"oid": "7132BG000002"}, "type": "Feature"}, {"geometry": {"coordinates": [11.04346, 48.86021], "type": "Point"}, "properties": {"oid": "7132BG000005"}, "type": "Feature"}, {"geometry": {"coordinates": [11.05379, 48.86911], "type": "Point"}, "properties": {"oid": "7132BG000007"}, "type": "Feature"}, {"geometry": {"coordinates": [9.58306, 49.97107], "type": "Point"}, "properties": {"oid": "6023BG000060"}, "type": "Feature"}, {"geometry": {"coordinates": [13.06612, 48.6303], "type": "Point"}, "properties": {"oid": "7344BG015622"}, "type": "Feature"}, {"geometry": {"coordinates": [10.9689, 48.21017], "type": "Point"}, "properties": {"oid": "7731BG015031"}, "type": "Feature"}, {"geometry": {"coordinates": [11.03997, 49.97916], "type": "Point"}, "properties": {"oid": "6032BG000086"}, "type": "Feature"}, {"geometry": {"coordinates": [13.18428, 48.48278], "type": "Point"}, "properties": {"oid": "7545BG000065"}, "type": "Feature"}, {"geometry": {"coordinates": [11.8355, 49.63001], "type": "Point"}, "properties": {"oid": "6337BG015007"}, "type": "Feature"}, {"geometry": {"coordinates": [11.83346, 49.6302], "type": "Point"}, "properties": {"oid": "6337BG015006"}, "type": "Feature"}, {"geometry": {"coordinates": [12.89649, 47.7444], "type": "Point"}, "properties": {"oid": "8243BG000030"}, "type": "Feature"}, {"geometry": {"coordinates": [12.082, 48.17909], "type": "Point"}, "properties": {"oid": "7838BG000019"}, "type": "Feature"}, {"geometry": {"coordinates": [11.05317, 49.61167], "type": "Point"}, "properties": {"oid": "6332BG000185"}, "type": "Feature"}, {"geometry": {"coordinates": [12.15079, 49.34892], "type": "Point"}, "properties": {"oid": "6638BG000686"}, "type": "Feature"}, {"geometry": {"coordinates": [12.82992, 48.19198], "type": "Point"}, "properties": {"oid": "7842BG000070"}, "type": "Feature"}, {"geometry": {"coordinates": [10.34276, 49.17536], "type": "Point"}, "properties": {"oid": "6828BG015010"}, "type": "Feature"}, {"geometry": {"coordinates": [11.11191, 49.61529], "type": "Point"}, "properties": {"oid": "6332BG000198"}, "type": "Feature"}, {"geometry": {"coordinates": [10.33214, 50.23519], "type": "Point"}, "properties": {"oid": "5728BG015002"}, "type": "Feature"}, {"geometry": {"coordinates": [12.39786, 48.13008], "type": "Point"}, "properties": {"oid": "7840BG000015"}, "type": "Feature"}, {"geometry": {"coordinates": [11.07872, 49.6747], "type": "Point"}, "properties": {"oid": "6332BG000267"}, "type": "Feature"}, {"geometry": {"coordinates": [11.13429, 49.6152], "type": "Point"}, "properties": {"oid": "6332BG000181"}, "type": "Feature"}, {"geometry": {"coordinates": [11.00709, 50.32011], "type": "Point"}, "properties": {"oid": "5632BG000185"}, "type": "Feature"}, {"geometry": {"coordinates": [11.28951, 50.06881], "type": "Point"}, "properties": {"oid": "5933BG000037"}, "type": "Feature"}, {"geometry": {"coordinates": [10.20957, 50.40762], "type": "Point"}, "properties": {"oid": "5527BG000013"}, "type": "Feature"}, {"geometry": {"coordinates": [11.64809, 49.96976], "type": "Point"}, "properties": {"oid": "6035BG000011"}, "type": "Feature"}, {"geometry": {"coordinates": [11.34449, 48.8517], "type": "Point"}, "properties": {"oid": "7134BG000296"}, "type": "Feature"}, {"geometry": {"coordinates": [11.12297, 48.73998], "type": "Point"}, "properties": {"oid": "7232BG000100"}, "type": "Feature"}, {"geometry": {"coordinates": [10.86341, 50.37847], "type": "Point"}, "properties": {"oid": "5631BG000002"}, "type": "Feature"}, {"geometry": {"coordinates": [11.07786, 48.97622], "type": "Point"}, "properties": {"oid": "7032BG000005"}, "type": "Feature"}, {"geometry": {"coordinates": [12.25159, 48.12805], "type": "Point"}, "properties": {"oid": "7839BG000022"}, "type": "Feature"}, {"geometry": {"coordinates": [10.45171, 48.42607], "type": "Point"}, "properties": {"oid": "7528BG015005"}, "type": "Feature"}, {"geometry": {"coordinates": [11.52434, 49.75451], "type": "Point"}, "properties": {"oid": "6235BG000007"}, "type": "Feature"}, {"geometry": {"coordinates": [12.89164, 48.2857], "type": "Point"}, "properties": {"oid": "7743BG000022"}, "type": "Feature"}, {"geometry": {"coordinates": [12.84459, 48.19246], "type": "Point"}, "properties": {"oid": "7843BG000002"}, "type": "Feature"}, {"geometry": {"coordinates": [10.9901, 48.87414], "type": "Point"}, "properties": {"oid": "7131BG000019"}, "type": "Feature"}, {"geometry": {"coordinates": [10.95997, 48.88412], "type": "Point"}, "properties": {"oid": "7131BG000020"}, "type": "Feature"}, {"geometry": {"coordinates": [10.56487, 49.0163], "type": "Point"}, "properties": {"oid": "6929BG015003"}, "type": "Feature"}, {"geometry": {"coordinates": [11.63212, 49.58539], "type": "Point"}, "properties": {"oid": "6435BG000021"}, "type": "Feature"}, {"geometry": {"coordinates": [10.32221, 49.47015], "type": "Point"}, "properties": {"oid": "6527BG015005"}, "type": "Feature"}, {"geometry": {"coordinates": [11.32192, 48.9089], "type": "Point"}, "properties": {"oid": "7033BG000001"}, "type": "Feature"}, {"geometry": {"coordinates": [9.54459, 50.01508], "type": "Point"}, "properties": {"oid": "5923BG000063"}, "type": "Feature"}, {"geometry": {"coordinates": [11.61935, 49.5912], "type": "Point"}, "properties": {"oid": "6435BG000019"}, "type": "Feature"}, {"geometry": {"coordinates": [12.83404, 47.7331], "type": "Point"}, "properties": {"oid": "8243BG015124"}, "type": "Feature"}, {"geometry": {"coordinates": [11.5434, 49.5568], "type": "Point"}, "properties": {"oid": "6435BG000002"}, "type": "Feature"}, {"geometry": {"coordinates": [12.64647, 47.87169], "type": "Point"}, "properties": {"oid": "8141BG000010"}, "type": "Feature"}, {"geometry": {"coordinates": [11.86354, 48.30977], "type": "Point"}, "properties": {"oid": "7637BG015060"}, "type": "Feature"}, {"geometry": {"coordinates": [12.10663, 49.38222], "type": "Point"}, "properties": {"oid": "6638BG000667"}, "type": "Feature"}, {"geometry": {"coordinates": [10.43388, 48.79149], "type": "Point"}, "properties": {"oid": "7228BG015003"}, "type": "Feature"}, {"geometry": {"coordinates": [10.36215, 48.53643], "type": "Point"}, "properties": {"oid": "7428BG015050"}, "type": "Feature"}, {"geometry": {"coordinates": [12.11608, 49.09316], "type": "Point"}, "properties": {"oid": "6938BG000622"}, "type": "Feature"}, {"geometry": {"coordinates": [11.81462, 49.07605], "type": "Point"}, "properties": {"oid": "6936BG000004"}, "type": "Feature"}, {"geometry": {"coordinates": [11.91653, 49.40873], "type": "Point"}, "properties": {"oid": "6537BG015150"}, "type": "Feature"}, {"geometry": {"coordinates": [11.74632, 49.82893], "type": "Point"}, "properties": {"oid": "6136BG000084"}, "type": "Feature"}, {"geometry": {"coordinates": [11.92258, 49.41069], "type": "Point"}, "properties": {"oid": "6537BG000132"}, "type": "Feature"}, {"geometry": {"coordinates": [11.98968, 49.42487], "type": "Point"}, "properties": {"oid": "6537BG015147"}, "type": "Feature"}, {"geometry": {"coordinates": [12.60649, 48.65283], "type": "Point"}, "properties": {"oid": "7341BG000432"}, "type": "Feature"}, {"geometry": {"coordinates": [12.30691, 47.86879], "type": "Point"}, "properties": {"oid": "8139BG015050"}, "type": "Feature"}, {"geometry": {"coordinates": [10.91855, 47.91882], "type": "Point"}, "properties": {"oid": "8031BG015054"}, "type": "Feature"}, {"geometry": {"coordinates": [11.6481, 47.77196], "type": "Point"}, "properties": {"oid": "8235BG000003"}, "type": "Feature"}, {"geometry": {"coordinates": [11.56817, 50.23847], "type": "Point"}, "properties": {"oid": "5735BG015001"}, "type": "Feature"}, {"geometry": {"coordinates": [11.97903, 50.30571], "type": "Point"}, "properties": {"oid": "5637BG015012"}, "type": "Feature"}, {"geometry": {"coordinates": [11.32265, 48.14966], "type": "Point"}, "properties": {"oid": "7833BG000135"}, "type": "Feature"}, {"geometry": {"coordinates": [10.66886, 48.10862], "type": "Point"}, "properties": {"oid": "7830BG015023"}, "type": "Feature"}, {"geometry": {"coordinates": [11.20944, 48.49708], "type": "Point"}, "properties": {"oid": "7533BG000200"}, "type": "Feature"}, {"geometry": {"coordinates": [11.98195, 50.16104], "type": "Point"}, "properties": {"oid": "5837BG000177"}, "type": "Feature"}, {"geometry": {"coordinates": [11.86398, 47.96998], "type": "Point"}, "properties": {"oid": "8037BG000013"}, "type": "Feature"}, {"geometry": {"coordinates": [12.7827, 48.38949], "type": "Point"}, "properties": {"oid": "7642BG000094"}, "type": "Feature"}, {"geometry": {"coordinates": [11.62849, 49.70798], "type": "Point"}, "properties": {"oid": "6235BG000237"}, "type": "Feature"}, {"geometry": {"coordinates": [12.75993, 48.56782], "type": "Point"}, "properties": {"oid": "7442BG000043"}, "type": "Feature"}, {"geometry": {"coordinates": [11.35652, 48.84907], "type": "Point"}, "properties": {"oid": "7134BG000103"}, "type": "Feature"}, {"geometry": {"coordinates": [11.53613, 48.91998], "type": "Point"}, "properties": {"oid": "7035BG000040"}, "type": "Feature"}, {"geometry": {"coordinates": [11.56218, 48.14013], "type": "Point"}, "properties": {"oid": "7835BG010621"}, "type": "Feature"}, {"geometry": {"coordinates": [12.35891, 48.24099], "type": "Point"}, "properties": {"oid": "7740BG000024"}, "type": "Feature"}, {"geometry": {"coordinates": [10.477, 50.3015], "type": "Point"}, "properties": {"oid": "5628BG000013"}, "type": "Feature"}, {"geometry": {"coordinates": [10.05, 50.21436], "type": "Point"}, "properties": {"oid": "5726BG000123"}, "type": "Feature"}, {"geometry": {"coordinates": [11.3876, 47.90147], "type": "Point"}, "properties": {"oid": "8034BG000228"}, "type": "Feature"}, {"geometry": {"coordinates": [11.72015, 48.38023], "type": "Point"}, "properties": {"oid": "7636BG000009"}, "type": "Feature"}, {"geometry": {"coordinates": [11.43119, 47.92759], "type": "Point"}, "properties": {"oid": "8034BG000287"}, "type": "Feature"}, {"geometry": {"coordinates": [11.66505, 47.93445], "type": "Point"}, "properties": {"oid": "8035BG000030"}, "type": "Feature"}, {"geometry": {"coordinates": [12.35093, 48.1988], "type": "Point"}, "properties": {"oid": "7840BG015111"}, "type": "Feature"}, {"geometry": {"coordinates": [11.3523, 47.88289], "type": "Point"}, "properties": {"oid": "8134BG000163"}, "type": "Feature"}, {"geometry": {"coordinates": [11.35587, 47.88951], "type": "Point"}, "properties": {"oid": "8134BG000167"}, "type": "Feature"}, {"geometry": {"coordinates": [13.02015, 48.52536], "type": "Point"}, "properties": {"oid": "7444BG000087"}, "type": "Feature"}, {"geometry": {"coordinates": [11.54407, 48.08023], "type": "Point"}, "properties": {"oid": "7935BG000406"}, "type": "Feature"}, {"geometry": {"coordinates": [11.43806, 49.16217], "type": "Point"}, "properties": {"oid": "6834BG000135"}, "type": "Feature"}, {"geometry": {"coordinates": [12.38679, 48.01584], "type": "Point"}, "properties": {"oid": "7940BG000019"}, "type": "Feature"}, {"geometry": {"coordinates": [11.13092, 48.87448], "type": "Point"}, "properties": {"oid": "7132BG000003"}, "type": "Feature"}, {"geometry": {"coordinates": [11.48906, 48.8929], "type": "Point"}, "properties": {"oid": "7134BG000340"}, "type": "Feature"}, {"geometry": {"coordinates": [11.00563, 50.27121], "type": "Point"}, "properties": {"oid": "5732BG000443"}, "type": "Feature"}, {"geometry": {"coordinates": [11.12231, 50.29858], "type": "Point"}, "properties": {"oid": "5732BG000464"}, "type": "Feature"}, {"geometry": {"coordinates": [10.08421, 49.8733], "type": "Point"}, "properties": {"oid": "6126BG000041"}, "type": "Feature"}, {"geometry": {"coordinates": [12.21292, 49.29677], "type": "Point"}, "properties": {"oid": "6739BG000038"}, "type": "Feature"}, {"geometry": {"coordinates": [11.26321, 50.14162], "type": "Point"}, "properties": {"oid": "5833BG000083"}, "type": "Feature"}, {"geometry": {"coordinates": [10.6104, 49.60424], "type": "Point"}, "properties": {"oid": "6329BG015005"}, "type": "Feature"}, {"geometry": {"coordinates": [10.789, 49.8836], "type": "Point"}, "properties": {"oid": "6130BG000081"}, "type": "Feature"}, {"geometry": {"coordinates": [11.54157, 48.09842], "type": "Point"}, "properties": {"oid": "7935BG000320"}, "type": "Feature"}, {"geometry": {"coordinates": [10.93339, 49.86474], "type": "Point"}, "properties": {"oid": "6131BG000649"}, "type": "Feature"}, {"geometry": {"coordinates": [10.9444, 49.884], "type": "Point"}, "properties": {"oid": "6131BG000650"}, "type": "Feature"}, {"geometry": {"coordinates": [12.25154, 48.12808], "type": "Point"}, "properties": {"oid": "7839BG015066"}, "type": "Feature"}, {"geometry": {"coordinates": [10.21509, 50.27092], "type": "Point"}, "properties": {"oid": "5727BG000027"}, "type": "Feature"}, {"geometry": {"coordinates": [9.58095, 49.97207], "type": "Point"}, "properties": {"oid": "6023BG000070"}, "type": "Feature"}, {"geometry": {"coordinates": [11.7114, 48.3845], "type": "Point"}, "properties": {"oid": "7636BG000008"}, "type": "Feature"}, {"geometry": {"coordinates": [11.31197, 49.03456], "type": "Point"}, "properties": {"oid": "6933BG000091"}, "type": "Feature"}, {"geometry": {"coordinates": [11.30766, 49.05652], "type": "Point"}, "properties": {"oid": "6933BG000098"}, "type": "Feature"}, {"geometry": {"coordinates": [12.06866, 49.34284], "type": "Point"}, "properties": {"oid": "6638BG000719"}, "type": "Feature"}, {"geometry": {"coordinates": [11.33961, 48.98281], "type": "Point"}, "properties": {"oid": "7034BG000243"}, "type": "Feature"}, {"geometry": {"coordinates": [11.35395, 48.9981], "type": "Point"}, "properties": {"oid": "7034BG000247"}, "type": "Feature"}, {"geometry": {"coordinates": [11.39047, 48.98495], "type": "Point"}, "properties": {"oid": "7034BG000248"}, "type": "Feature"}, {"geometry": {"coordinates": [11.36141, 48.98832], "type": "Point"}, "properties": {"oid": "7034BG000252"}, "type": "Feature"}, {"geometry": {"coordinates": [11.34143, 48.99619], "type": "Point"}, "properties": {"oid": "7034BG000260"}, "type": "Feature"}, {"geometry": {"coordinates": [11.06452, 48.08393], "type": "Point"}, "properties": {"oid": "7932BG015034"}, "type": "Feature"}, {"geometry": {"coordinates": [10.91481, 49.64373], "type": "Point"}, "properties": {"oid": "6331BG000115"}, "type": "Feature"}, {"geometry": {"coordinates": [11.42432, 48.96258], "type": "Point"}, "properties": {"oid": "7034BG000264"}, "type": "Feature"}, {"geometry": {"coordinates": [11.39617, 48.98174], "type": "Point"}, "properties": {"oid": "7034BG000267"}, "type": "Feature"}, {"geometry": {"coordinates": [9.55919, 49.89951], "type": "Point"}, "properties": {"oid": "6023BG000021"}, "type": "Feature"}, {"geometry": {"coordinates": [11.11586, 49.34824], "type": "Point"}, "properties": {"oid": "6632BG015360"}, "type": "Feature"}, {"geometry": {"coordinates": [12.4181, 48.17212], "type": "Point"}, "properties": {"oid": "7840BG000021"}, "type": "Feature"}, {"geometry": {"coordinates": [12.27977, 48.17837], "type": "Point"}, "properties": {"oid": "7839BG000010"}, "type": "Feature"}, {"geometry": {"coordinates": [11.44003, 48.82577], "type": "Point"}, "properties": {"oid": "7134BG000615"}, "type": "Feature"}, {"geometry": {"coordinates": [11.43683, 48.82223], "type": "Point"}, "properties": {"oid": "7134BG000621"}, "type": "Feature"}, {"geometry": {"coordinates": [10.454, 48.64172], "type": "Point"}, "properties": {"oid": "7328BG000009"}, "type": "Feature"}, {"geometry": {"coordinates": [11.33744, 49.01234], "type": "Point"}, "properties": {"oid": "6934BG000254"}, "type": "Feature"}, {"geometry": {"coordinates": [11.56412, 48.89224], "type": "Point"}, "properties": {"oid": "7135BG000065"}, "type": "Feature"}, {"geometry": {"coordinates": [12.39514, 48.00156], "type": "Point"}, "properties": {"oid": "7940BG015098"}, "type": "Feature"}, {"geometry": {"coordinates": [11.47081, 48.91112], "type": "Point"}, "properties": {"oid": "7034BG000200"}, "type": "Feature"}, {"geometry": {"coordinates": [12.7006, 48.83516], "type": "Point"}, "properties": {"oid": "7142BG000031"}, "type": "Feature"}, {"geometry": {"coordinates": [10.61316, 49.58284], "type": "Point"}, "properties": {"oid": "6429BG015010"}, "type": "Feature"}, {"geometry": {"coordinates": [12.0479, 49.02242], "type": "Point"}, "properties": {"oid": "6938BG000404"}, "type": "Feature"}, {"geometry": {"coordinates": [11.45097, 48.7914], "type": "Point"}, "properties": {"oid": "7234BG003851"}, "type": "Feature"}, {"geometry": {"coordinates": [12.07262, 50.05951], "type": "Point"}, "properties": {"oid": "5938BG000709"}, "type": "Feature"}, {"geometry": {"coordinates": [11.50623, 50.10203], "type": "Point"}, "properties": {"oid": "5835BG000129"}, "type": "Feature"}, {"geometry": {"coordinates": [12.62342, 47.9114], "type": "Point"}, "properties": {"oid": "8041BG000004"}, "type": "Feature"}, {"geometry": {"coordinates": [12.64598, 47.914], "type": "Point"}, "properties": {"oid": "8041BG000003"}, "type": "Feature"}, {"geometry": {"coordinates": [11.26742, 48.12461], "type": "Point"}, "properties": {"oid": "7833BG015012"}, "type": "Feature"}, {"geometry": {"coordinates": [11.68161, 49.8936], "type": "Point"}, "properties": {"oid": "6136BG015069"}, "type": "Feature"}, {"geometry": {"coordinates": [12.90342, 47.72557], "type": "Point"}, "properties": {"oid": "8243BG000063"}, "type": "Feature"}, {"geometry": {"coordinates": [10.72627, 49.26958], "type": "Point"}, "properties": {"oid": "6730BG000170"}, "type": "Feature"}, {"geometry": {"coordinates": [10.9477, 50.12228], "type": "Point"}, "properties": {"oid": "5831BG000104"}, "type": "Feature"}, {"geometry": {"coordinates": [11.42675, 48.78425], "type": "Point"}, "properties": {"oid": "7234BG003350"}, "type": "Feature"}, {"geometry": {"coordinates": [11.56397, 49.90006], "type": "Point"}, "properties": {"oid": "6035BG000008"}, "type": "Feature"}, {"geometry": {"coordinates": [13.35155, 48.35363], "type": "Point"}, "properties": {"oid": "7646BG015040"}, "type": "Feature"}, {"geometry": {"coordinates": [11.25482, 47.7405], "type": "Point"}, "properties": {"oid": "8233BG015331"}, "type": "Feature"}, {"geometry": {"coordinates": [11.39471, 47.85424], "type": "Point"}, "properties": {"oid": "8134BG000003"}, "type": "Feature"}, {"geometry": {"coordinates": [11.37499, 47.82697], "type": "Point"}, "properties": {"oid": "8134BG000005"}, "type": "Feature"}, {"geometry": {"coordinates": [11.38046, 47.83312], "type": "Point"}, "properties": {"oid": "8134BG000015"}, "type": "Feature"}, {"geometry": {"coordinates": [11.1002, 49.69658], "type": "Point"}, "properties": {"oid": "6332BG000184"}, "type": "Feature"}, {"geometry": {"coordinates": [12.40581, 48.24906], "type": "Point"}, "properties": {"oid": "7740BG000025"}, "type": "Feature"}, {"geometry": {"coordinates": [9.8855, 50.16018], "type": "Point"}, "properties": {"oid": "5825BG000035"}, "type": "Feature"}, {"geometry": {"coordinates": [11.01583, 47.63887], "type": "Point"}, "properties": {"oid": "8332BG000010"}, "type": "Feature"}, {"geometry": {"coordinates": [11.45931, 47.97719], "type": "Point"}, "properties": {"oid": "8034BG000003"}, "type": "Feature"}, {"geometry": {"coordinates": [11.41283, 47.91779], "type": "Point"}, "properties": {"oid": "8034BG000007"}, "type": "Feature"}, {"geometry": {"coordinates": [11.40497, 47.90354], "type": "Point"}, "properties": {"oid": "8034BG000008"}, "type": "Feature"}, {"geometry": {"coordinates": [11.46487, 47.99638], "type": "Point"}, "properties": {"oid": "8034BG000009"}, "type": "Feature"}, {"geometry": {"coordinates": [11.454, 47.97204], "type": "Point"}, "properties": {"oid": "8034BG000010"}, "type": "Feature"}, {"geometry": {"coordinates": [11.41876, 47.93796], "type": "Point"}, "properties": {"oid": "8034BG000012"}, "type": "Feature"}, {"geometry": {"coordinates": [11.40961, 47.91876], "type": "Point"}, "properties": {"oid": "8034BG000016"}, "type": "Feature"}, {"geometry": {"coordinates": [11.46175, 47.98737], "type": "Point"}, "properties": {"oid": "8034BG000030"}, "type": "Feature"}, {"geometry": {"coordinates": [11.4614, 47.98152], "type": "Point"}, "properties": {"oid": "8034BG000084"}, "type": "Feature"}, {"geometry": {"coordinates": [12.32756, 48.28344], "type": "Point"}, "properties": {"oid": "7739BG000001"}, "type": "Feature"}, {"geometry": {"coordinates": [12.22753, 48.2726], "type": "Point"}, "properties": {"oid": "7739BG000002"}, "type": "Feature"}, {"geometry": {"coordinates": [11.32743, 47.69332], "type": "Point"}, "properties": {"oid": "8333BG000003"}, "type": "Feature"}, {"geometry": {"coordinates": [11.30951, 47.68832], "type": "Point"}, "properties": {"oid": "8333BG000007"}, "type": "Feature"}, {"geometry": {"coordinates": [12.6537, 48.21133], "type": "Point"}, "properties": {"oid": "7741BG000057"}, "type": "Feature"}, {"geometry": {"coordinates": [10.50755, 50.11435], "type": "Point"}, "properties": {"oid": "5829BG000025"}, "type": "Feature"}, {"geometry": {"coordinates": [11.62865, 49.96008], "type": "Point"}, "properties": {"oid": "6035BG000157"}, "type": "Feature"}, {"geometry": {"coordinates": [11.12624, 47.77524], "type": "Point"}, "properties": {"oid": "8232BG000006"}, "type": "Feature"}, {"geometry": {"coordinates": [11.89334, 50.32104], "type": "Point"}, "properties": {"oid": "5637BG000612"}, "type": "Feature"}, {"geometry": {"coordinates": [11.33568, 49.16691], "type": "Point"}, "properties": {"oid": "6834BG000134"}, "type": "Feature"}, {"geometry": {"coordinates": [11.57376, 47.80616], "type": "Point"}, "properties": {"oid": "8135BG000018"}, "type": "Feature"}, {"geometry": {"coordinates": [11.71089, 50.32981], "type": "Point"}, "properties": {"oid": "5636BG000187"}, "type": "Feature"}, {"geometry": {"coordinates": [11.77575, 47.87767], "type": "Point"}, "properties": {"oid": "8136BG000002"}, "type": "Feature"}, {"geometry": {"coordinates": [12.75922, 48.9194], "type": "Point"}, "properties": {"oid": "7042BG000047"}, "type": "Feature"}, {"geometry": {"coordinates": [12.73167, 48.94854], "type": "Point"}, "properties": {"oid": "7042BG000048"}, "type": "Feature"}, {"geometry": {"coordinates": [11.40159, 47.99885], "type": "Point"}, "properties": {"oid": "8034BG000143"}, "type": "Feature"}, {"geometry": {"coordinates": [11.40699, 47.91362], "type": "Point"}, "properties": {"oid": "8034BG000145"}, "type": "Feature"}, {"geometry": {"coordinates": [11.44978, 47.96635], "type": "Point"}, "properties": {"oid": "8034BG000157"}, "type": "Feature"}, {"geometry": {"coordinates": [11.55449, 47.87336], "type": "Point"}, "properties": {"oid": "8135BG000025"}, "type": "Feature"}, {"geometry": {"coordinates": [10.12169, 48.23253], "type": "Point"}, "properties": {"oid": "7726BG015002"}, "type": "Feature"}, {"geometry": {"coordinates": [12.30184, 48.00577], "type": "Point"}, "properties": {"oid": "7939BG000001"}, "type": "Feature"}, {"geometry": {"coordinates": [10.99252, 50.27663], "type": "Point"}, "properties": {"oid": "5731BG000585"}, "type": "Feature"}, {"geometry": {"coordinates": [9.58089, 49.91941], "type": "Point"}, "properties": {"oid": "6023BG000066"}, "type": "Feature"}, {"geometry": {"coordinates": [12.32458, 49.29717], "type": "Point"}, "properties": {"oid": "6739BG015066"}, "type": "Feature"}, {"geometry": {"coordinates": [10.39626, 48.41217], "type": "Point"}, "properties": {"oid": "7528BG015011"}, "type": "Feature"}, {"geometry": {"coordinates": [12.63996, 47.82082], "type": "Point"}, "properties": {"oid": "8141BG000015"}, "type": "Feature"}, {"geometry": {"coordinates": [11.89418, 50.3223], "type": "Point"}, "properties": {"oid": "5637BG000459"}, "type": "Feature"}, {"geometry": {"coordinates": [11.89249, 50.32302], "type": "Point"}, "properties": {"oid": "5637BG000467"}, "type": "Feature"}, {"geometry": {"coordinates": [10.98189, 49.63049], "type": "Point"}, "properties": {"oid": "6331BG000039"}, "type": "Feature"}, {"geometry": {"coordinates": [10.30061, 50.43354], "type": "Point"}, "properties": {"oid": "5527BG000009"}, "type": "Feature"}, {"geometry": {"coordinates": [11.86895, 47.93063], "type": "Point"}, "properties": {"oid": "8037BG000016"}, "type": "Feature"}, {"geometry": {"coordinates": [11.68128, 49.29866], "type": "Point"}, "properties": {"oid": "6736BG000002"}, "type": "Feature"}, {"geometry": {"coordinates": [12.28415, 47.93161], "type": "Point"}, "properties": {"oid": "8039BG000001"}, "type": "Feature"}, {"geometry": {"coordinates": [12.29762, 47.99444], "type": "Point"}, "properties": {"oid": "8039BG000004"}, "type": "Feature"}, {"geometry": {"coordinates": [10.50674, 50.32235], "type": "Point"}, "properties": {"oid": "5629BG015001"}, "type": "Feature"}, {"geometry": {"coordinates": [11.02629, 50.23057], "type": "Point"}, "properties": {"oid": "5732BG000409"}, "type": "Feature"}, {"geometry": {"coordinates": [12.42682, 48.20614], "type": "Point"}, "properties": {"oid": "7740BG000050"}, "type": "Feature"}, {"geometry": {"coordinates": [11.95256, 50.21724], "type": "Point"}, "properties": {"oid": "5737BG000227"}, "type": "Feature"}, {"geometry": {"coordinates": [11.90247, 50.31799], "type": "Point"}, "properties": {"oid": "5637BG000497"}, "type": "Feature"}, {"geometry": {"coordinates": [12.09336, 49.63912], "type": "Point"}, "properties": {"oid": "6338BG000008"}, "type": "Feature"}, {"geometry": {"coordinates": [9.64863, 50.04914], "type": "Point"}, "properties": {"oid": "5923BG000046"}, "type": "Feature"}, {"geometry": {"coordinates": [12.4955, 48.21527], "type": "Point"}, "properties": {"oid": "7740BG000041"}, "type": "Feature"}, {"geometry": {"coordinates": [12.36346, 47.96269], "type": "Point"}, "properties": {"oid": "8040BG000004"}, "type": "Feature"}, {"geometry": {"coordinates": [12.38106, 47.97144], "type": "Point"}, "properties": {"oid": "8040BG000005"}, "type": "Feature"}, {"geometry": {"coordinates": [11.33312, 48.81533], "type": "Point"}, "properties": {"oid": "7134BG000572"}, "type": "Feature"}, {"geometry": {"coordinates": [9.92137, 49.83435], "type": "Point"}, "properties": {"oid": "6125BG000104"}, "type": "Feature"}, {"geometry": {"coordinates": [11.49922, 48.81741], "type": "Point"}, "properties": {"oid": "7135BG000049"}, "type": "Feature"}, {"geometry": {"coordinates": [11.59616, 50.22882], "type": "Point"}, "properties": {"oid": "5735BG000078"}, "type": "Feature"}, {"geometry": {"coordinates": [10.25244, 49.8004], "type": "Point"}, "properties": {"oid": "6127BG000041"}, "type": "Feature"}, {"geometry": {"coordinates": [9.55538, 49.90815], "type": "Point"}, "properties": {"oid": "6023BG000019"}, "type": "Feature"}, {"geometry": {"coordinates": [10.91865, 49.09712], "type": "Point"}, "properties": {"oid": "6931BG000072"}, "type": "Feature"}, {"geometry": {"coordinates": [11.545, 47.88898], "type": "Point"}, "properties": {"oid": "8135BG015123"}, "type": "Feature"}, {"geometry": {"coordinates": [12.04694, 47.91973], "type": "Point"}, "properties": {"oid": "8038BG000014"}, "type": "Feature"}, {"geometry": {"coordinates": [12.10414, 49.38489], "type": "Point"}, "properties": {"oid": "6638BG000666"}, "type": "Feature"}, {"geometry": {"coordinates": [11.82001, 48.47969], "type": "Point"}, "properties": {"oid": "7536BG000245"}, "type": "Feature"}, {"geometry": {"coordinates": [10.51234, 49.61954], "type": "Point"}, "properties": {"oid": "6329BG000011"}, "type": "Feature"}, {"geometry": {"coordinates": [12.28964, 49.99754], "type": "Point"}, "properties": {"oid": "6039BG000694"}, "type": "Feature"}, {"geometry": {"coordinates": [10.79041, 48.90709], "type": "Point"}, "properties": {"oid": "7030BG000049"}, "type": "Feature"}, {"geometry": {"coordinates": [12.33916, 47.95314], "type": "Point"}, "properties": {"oid": "8040BG000003"}, "type": "Feature"}, {"geometry": {"coordinates": [10.7415, 49.82959], "type": "Point"}, "properties": {"oid": "6130BG000023"}, "type": "Feature"}, {"geometry": {"coordinates": [11.60498, 49.9912], "type": "Point"}, "properties": {"oid": "6035BG000218"}, "type": "Feature"}, {"geometry": {"coordinates": [10.78809, 49.88413], "type": "Point"}, "properties": {"oid": "6130BG000041"}, "type": "Feature"}, {"geometry": {"coordinates": [10.78243, 50.33468], "type": "Point"}, "properties": {"oid": "5630BG000059"}, "type": "Feature"}, {"geometry": {"coordinates": [10.56945, 49.30123], "type": "Point"}, "properties": {"oid": "6629BG000036"}, "type": "Feature"}, {"geometry": {"coordinates": [11.0211, 48.08092], "type": "Point"}, "properties": {"oid": "7932BG015092"}, "type": "Feature"}, {"geometry": {"coordinates": [12.47309, 48.25091], "type": "Point"}, "properties": {"oid": "7740BG000039"}, "type": "Feature"}, {"geometry": {"coordinates": [11.57572, 49.30249], "type": "Point"}, "properties": {"oid": "6635BG000001"}, "type": "Feature"}, {"geometry": {"coordinates": [11.58078, 49.93645], "type": "Point"}, "properties": {"oid": "6035BG000178"}, "type": "Feature"}, {"geometry": {"coordinates": [9.54494, 49.78359], "type": "Point"}, "properties": {"oid": "6223BG000014"}, "type": "Feature"}, {"geometry": {"coordinates": [11.42944, 49.82378], "type": "Point"}, "properties": {"oid": "6134BG000071"}, "type": "Feature"}, {"geometry": {"coordinates": [10.96026, 48.99293], "type": "Point"}, "properties": {"oid": "7031BG015008"}, "type": "Feature"}, {"geometry": {"coordinates": [10.53991, 49.32622], "type": "Point"}, "properties": {"oid": "6629BG000050"}, "type": "Feature"}, {"geometry": {"coordinates": [13.03883, 48.52487], "type": "Point"}, "properties": {"oid": "7444BG000025"}, "type": "Feature"}, {"geometry": {"coordinates": [12.43665, 49.97234], "type": "Point"}, "properties": {"oid": "6040BG000067"}, "type": "Feature"}, {"geometry": {"coordinates": [11.78117, 49.54349], "type": "Point"}, "properties": {"oid": "6436BG015022"}, "type": "Feature"}, {"geometry": {"coordinates": [12.04213, 47.91871], "type": "Point"}, "properties": {"oid": "8038BG000013"}, "type": "Feature"}, {"geometry": {"coordinates": [10.75792, 49.11952], "type": "Point"}, "properties": {"oid": "6830BG000070"}, "type": "Feature"}, {"geometry": {"coordinates": [12.63602, 47.99532], "type": "Point"}, "properties": {"oid": "8041BG000008"}, "type": "Feature"}, {"geometry": {"coordinates": [11.75174, 47.94998], "type": "Point"}, "properties": {"oid": "8036BG015062"}, "type": "Feature"}, {"geometry": {"coordinates": [12.15806, 48.82421], "type": "Point"}, "properties": {"oid": "7138BG000247"}, "type": "Feature"}, {"geometry": {"coordinates": [12.08563, 49.72989], "type": "Point"}, "properties": {"oid": "6238BG000269"}, "type": "Feature"}, {"geometry": {"coordinates": [12.07939, 49.74578], "type": "Point"}, "properties": {"oid": "6238BG000271"}, "type": "Feature"}, {"geometry": {"coordinates": [11.89568, 49.95586], "type": "Point"}, "properties": {"oid": "6037BG000096"}, "type": "Feature"}, {"geometry": {"coordinates": [10.75334, 48.61829], "type": "Point"}, "properties": {"oid": "7330BG000013"}, "type": "Feature"}, {"geometry": {"coordinates": [9.59043, 49.95033], "type": "Point"}, "properties": {"oid": "6023BG000067"}, "type": "Feature"}, {"geometry": {"coordinates": [11.00573, 48.69758], "type": "Point"}, "properties": {"oid": "7332BG000205"}, "type": "Feature"}, {"geometry": {"coordinates": [10.41531, 48.50484], "type": "Point"}, "properties": {"oid": "7428BG000046"}, "type": "Feature"}, {"geometry": {"coordinates": [11.5521, 48.71737], "type": "Point"}, "properties": {"oid": "7235BG001969"}, "type": "Feature"}, {"geometry": {"coordinates": [11.77739, 48.20653], "type": "Point"}, "properties": {"oid": "7736BG000002"}, "type": "Feature"}, {"geometry": {"coordinates": [11.77453, 48.22799], "type": "Point"}, "properties": {"oid": "7736BG000003"}, "type": "Feature"}, {"geometry": {"coordinates": [11.80854, 48.0142], "type": "Point"}, "properties": {"oid": "7936BG000013"}, "type": "Feature"}, {"geometry": {"coordinates": [11.71623, 47.99754], "type": "Point"}, "properties": {"oid": "8036BG000002"}, "type": "Feature"}, {"geometry": {"coordinates": [11.78293, 48.2096], "type": "Point"}, "properties": {"oid": "7736BG000006"}, "type": "Feature"}, {"geometry": {"coordinates": [11.77209, 48.20782], "type": "Point"}, "properties": {"oid": "7736BG000018"}, "type": "Feature"}, {"geometry": {"coordinates": [12.47352, 48.23924], "type": "Point"}, "properties": {"oid": "7740BG000004"}, "type": "Feature"}, {"geometry": {"coordinates": [11.81502, 47.80078], "type": "Point"}, "properties": {"oid": "8136BG015063"}, "type": "Feature"}, {"geometry": {"coordinates": [11.12181, 49.10265], "type": "Point"}, "properties": {"oid": "6832BG000008"}, "type": "Feature"}, {"geometry": {"coordinates": [11.43502, 48.57427], "type": "Point"}, "properties": {"oid": "7434BG000668"}, "type": "Feature"}, {"geometry": {"coordinates": [12.33792, 48.13634], "type": "Point"}, "properties": {"oid": "7840BG000010"}, "type": "Feature"}, {"geometry": {"coordinates": [11.70255, 48.14077], "type": "Point"}, "properties": {"oid": "7836BG000382"}, "type": "Feature"}, {"geometry": {"coordinates": [11.61468, 49.94726], "type": "Point"}, "properties": {"oid": "6035BG000217"}, "type": "Feature"}, {"geometry": {"coordinates": [10.87032, 50.05722], "type": "Point"}, "properties": {"oid": "5931BG000172"}, "type": "Feature"}, {"geometry": {"coordinates": [11.55329, 48.21223], "type": "Point"}, "properties": {"oid": "7735BG016142"}, "type": "Feature"}, {"geometry": {"coordinates": [13.0731, 48.29506], "type": "Point"}, "properties": {"oid": "7744BG000002"}, "type": "Feature"}, {"geometry": {"coordinates": [13.01238, 48.29111], "type": "Point"}, "properties": {"oid": "7744BG000001"}, "type": "Feature"}, {"geometry": {"coordinates": [11.67079, 47.94384], "type": "Point"}, "properties": {"oid": "8036BG000007"}, "type": "Feature"}, {"geometry": {"coordinates": [12.40299, 48.12936], "type": "Point"}, "properties": {"oid": "7840BG000025"}, "type": "Feature"}, {"geometry": {"coordinates": [11.9253, 49.98011], "type": "Point"}, "properties": {"oid": "6037BG000103"}, "type": "Feature"}, {"geometry": {"coordinates": [10.99582, 48.44345], "type": "Point"}, "properties": {"oid": "7531BG000006"}, "type": "Feature"}, {"geometry": {"coordinates": [9.90795, 50.11173], "type": "Point"}, "properties": {"oid": "5825BG000023"}, "type": "Feature"}, {"geometry": {"coordinates": [11.67691, 50.31249], "type": "Point"}, "properties": {"oid": "5636BG000157"}, "type": "Feature"}, {"geometry": {"coordinates": [11.96948, 50.1611], "type": "Point"}, "properties": {"oid": "5837BG000149"}, "type": "Feature"}, {"geometry": {"coordinates": [12.73622, 48.19379], "type": "Point"}, "properties": {"oid": "7842BG000014"}, "type": "Feature"}, {"geometry": {"coordinates": [12.6351, 48.84196], "type": "Point"}, "properties": {"oid": "7141BG000159"}, "type": "Feature"}, {"geometry": {"coordinates": [11.93947, 48.26168], "type": "Point"}, "properties": {"oid": "7737BG000054"}, "type": "Feature"}, {"geometry": {"coordinates": [9.54487, 49.91369], "type": "Point"}, "properties": {"oid": "6023BG000020"}, "type": "Feature"}, {"geometry": {"coordinates": [12.10963, 48.29163], "type": "Point"}, "properties": {"oid": "7738BG000062"}, "type": "Feature"}, {"geometry": {"coordinates": [12.0994, 48.28305], "type": "Point"}, "properties": {"oid": "7738BG000065"}, "type": "Feature"}, {"geometry": {"coordinates": [12.09228, 48.21567], "type": "Point"}, "properties": {"oid": "7738BG000069"}, "type": "Feature"}, {"geometry": {"coordinates": [12.07762, 48.21049], "type": "Point"}, "properties": {"oid": "7738BG000076"}, "type": "Feature"}, {"geometry": {"coordinates": [12.14135, 48.22201], "type": "Point"}, "properties": {"oid": "7738BG000080"}, "type": "Feature"}, {"geometry": {"coordinates": [11.46605, 48.18651], "type": "Point"}, "properties": {"oid": "7834BG000003"}, "type": "Feature"}, {"geometry": {"coordinates": [11.43494, 48.14434], "type": "Point"}, "properties": {"oid": "7834BG000048"}, "type": "Feature"}, {"geometry": {"coordinates": [10.54984, 48.1196], "type": "Point"}, "properties": {"oid": "7829BG000004"}, "type": "Feature"}, {"geometry": {"coordinates": [11.52993, 48.08856], "type": "Point"}, "properties": {"oid": "7935BG015014"}, "type": "Feature"}, {"geometry": {"coordinates": [12.08255, 49.63221], "type": "Point"}, "properties": {"oid": "6338BG000007"}, "type": "Feature"}, {"geometry": {"coordinates": [10.46167, 48.66676], "type": "Point"}, "properties": {"oid": "7328BG015003"}, "type": "Feature"}, {"geometry": {"coordinates": [11.8953, 48.05892], "type": "Point"}, "properties": {"oid": "7937BG015237"}, "type": "Feature"}, {"geometry": {"coordinates": [11.3058, 48.07496], "type": "Point"}, "properties": {"oid": "7933BG000001"}, "type": "Feature"}, {"geometry": {"coordinates": [11.04855, 49.61477], "type": "Point"}, "properties": {"oid": "6332BG015049"}, "type": "Feature"}, {"geometry": {"coordinates": [13.29276, 48.40593], "type": "Point"}, "properties": {"oid": "7545BG015054"}, "type": "Feature"}, {"geometry": {"coordinates": [12.25003, 48.11562], "type": "Point"}, "properties": {"oid": "7839BG015058"}, "type": "Feature"}, {"geometry": {"coordinates": [10.97086, 50.31833], "type": "Point"}, "properties": {"oid": "5631BG000266"}, "type": "Feature"}, {"geometry": {"coordinates": [11.88016, 47.9282], "type": "Point"}, "properties": {"oid": "8037BG000006"}, "type": "Feature"}, {"geometry": {"coordinates": [12.14823, 48.28148], "type": "Point"}, "properties": {"oid": "7738BG000067"}, "type": "Feature"}, {"geometry": {"coordinates": [11.78754, 48.18206], "type": "Point"}, "properties": {"oid": "7836BG000001"}, "type": "Feature"}, {"geometry": {"coordinates": [11.81083, 48.10402], "type": "Point"}, "properties": {"oid": "7836BG000003"}, "type": "Feature"}, {"geometry": {"coordinates": [11.75529, 48.10744], "type": "Point"}, "properties": {"oid": "7836BG000005"}, "type": "Feature"}, {"geometry": {"coordinates": [10.51052, 48.88981], "type": "Point"}, "properties": {"oid": "7129BG015013"}, "type": "Feature"}, {"geometry": {"coordinates": [11.78051, 48.00926], "type": "Point"}, "properties": {"oid": "7936BG000001"}, "type": "Feature"}, {"geometry": {"coordinates": [11.79877, 48.05747], "type": "Point"}, "properties": {"oid": "7936BG000002"}, "type": "Feature"}, {"geometry": {"coordinates": [11.81375, 48.03921], "type": "Point"}, "properties": {"oid": "7936BG000003"}, "type": "Feature"}, {"geometry": {"coordinates": [11.87241, 48.07696], "type": "Point"}, "properties": {"oid": "7937BG000001"}, "type": "Feature"}, {"geometry": {"coordinates": [11.87302, 48.04779], "type": "Point"}, "properties": {"oid": "7937BG000003"}, "type": "Feature"}, {"geometry": {"coordinates": [11.71185, 49.88601], "type": "Point"}, "properties": {"oid": "6136BG015070"}, "type": "Feature"}, {"geometry": {"coordinates": [11.47908, 49.96971], "type": "Point"}, "properties": {"oid": "6034BG015007"}, "type": "Feature"}, {"geometry": {"coordinates": [11.53831, 48.10012], "type": "Point"}, "properties": {"oid": "7835BG017311"}, "type": "Feature"}, {"geometry": {"coordinates": [11.85766, 48.13659], "type": "Point"}, "properties": {"oid": "7837BG000009"}, "type": "Feature"}, {"geometry": {"coordinates": [11.95804, 48.10203], "type": "Point"}, "properties": {"oid": "7837BG000013"}, "type": "Feature"}, {"geometry": {"coordinates": [11.97409, 48.17292], "type": "Point"}, "properties": {"oid": "7837BG000015"}, "type": "Feature"}, {"geometry": {"coordinates": [11.96532, 48.16862], "type": "Point"}, "properties": {"oid": "7837BG000019"}, "type": "Feature"}, {"geometry": {"coordinates": [12.26978, 48.75997], "type": "Point"}, "properties": {"oid": "7239BG015238"}, "type": "Feature"}, {"geometry": {"coordinates": [12.09137, 48.12034], "type": "Point"}, "properties": {"oid": "7838BG000008"}, "type": "Feature"}, {"geometry": {"coordinates": [11.1432, 48.70947], "type": "Point"}, "properties": {"oid": "7232BG000585"}, "type": "Feature"}, {"geometry": {"coordinates": [11.4025, 48.32563], "type": "Point"}, "properties": {"oid": "7634BG015008"}, "type": "Feature"}, {"geometry": {"coordinates": [10.22505, 48.0672], "type": "Point"}, "properties": {"oid": "7927BG015004"}, "type": "Feature"}, {"geometry": {"coordinates": [12.57137, 48.83884], "type": "Point"}, "properties": {"oid": "7141BG000031"}, "type": "Feature"}, {"geometry": {"coordinates": [12.31162, 49.45464], "type": "Point"}, "properties": {"oid": "6539BG000012"}, "type": "Feature"}, {"geometry": {"coordinates": [12.59887, 48.69995], "type": "Point"}, "properties": {"oid": "7241BG000064"}, "type": "Feature"}, {"geometry": {"coordinates": [10.92608, 48.9259], "type": "Point"}, "properties": {"oid": "7031BG000001"}, "type": "Feature"}, {"geometry": {"coordinates": [10.98509, 48.92288], "type": "Point"}, "properties": {"oid": "7031BG000004"}, "type": "Feature"}, {"geometry": {"coordinates": [10.91805, 48.9278], "type": "Point"}, "properties": {"oid": "7031BG000009"}, "type": "Feature"}, {"geometry": {"coordinates": [10.88971, 48.91364], "type": "Point"}, "properties": {"oid": "7031BG000013"}, "type": "Feature"}, {"geometry": {"coordinates": [12.08185, 49.03106], "type": "Point"}, "properties": {"oid": "6938BG000070"}, "type": "Feature"}, {"geometry": {"coordinates": [11.2561, 48.19703], "type": "Point"}, "properties": {"oid": "7833BG015037"}, "type": "Feature"}, {"geometry": {"coordinates": [11.25662, 48.19806], "type": "Point"}, "properties": {"oid": "7833BG015025"}, "type": "Feature"}, {"geometry": {"coordinates": [10.80571, 48.46096], "type": "Point"}, "properties": {"oid": "7530BG000024"}, "type": "Feature"}, {"geometry": {"coordinates": [12.09342, 49.02042], "type": "Point"}, "properties": {"oid": "6938BG000144"}, "type": "Feature"}, {"geometry": {"coordinates": [11.84694, 48.04968], "type": "Point"}, "properties": {"oid": "7937BG015241"}, "type": "Feature"}, {"geometry": {"coordinates": [11.39042, 48.98496], "type": "Point"}, "properties": {"oid": "7034BG000001"}, "type": "Feature"}, {"geometry": {"coordinates": [11.42272, 48.96097], "type": "Point"}, "properties": {"oid": "7034BG000003"}, "type": "Feature"}, {"geometry": {"coordinates": [11.87841, 48.04691], "type": "Point"}, "properties": {"oid": "7937BG015228"}, "type": "Feature"}, {"geometry": {"coordinates": [11.0599, 48.01748], "type": "Point"}, "properties": {"oid": "7932BG015065"}, "type": "Feature"}, {"geometry": {"coordinates": [11.08923, 48.03363], "type": "Point"}, "properties": {"oid": "7932BG015066"}, "type": "Feature"}, {"geometry": {"coordinates": [11.56105, 49.03419], "type": "Point"}, "properties": {"oid": "6935BG000091"}, "type": "Feature"}, {"geometry": {"coordinates": [12.15548, 49.05956], "type": "Point"}, "properties": {"oid": "6938BG000008"}, "type": "Feature"}, {"geometry": {"coordinates": [11.44098, 48.95067], "type": "Point"}, "properties": {"oid": "7034BG000135"}, "type": "Feature"}, {"geometry": {"coordinates": [12.13999, 49.04986], "type": "Point"}, "properties": {"oid": "6938BG000012"}, "type": "Feature"}, {"geometry": {"coordinates": [11.16911, 48.89274], "type": "Point"}, "properties": {"oid": "7133BG000230"}, "type": "Feature"}, {"geometry": {"coordinates": [10.45627, 48.75357], "type": "Point"}, "properties": {"oid": "7228BG015013"}, "type": "Feature"}, {"geometry": {"coordinates": [11.25168, 48.81157], "type": "Point"}, "properties": {"oid": "7133BG000012"}, "type": "Feature"}, {"geometry": {"coordinates": [13.29628, 48.6701], "type": "Point"}, "properties": {"oid": "7345BG000007"}, "type": "Feature"}, {"geometry": {"coordinates": [12.60321, 48.00251], "type": "Point"}, "properties": {"oid": "7941BG015370"}, "type": "Feature"}, {"geometry": {"coordinates": [11.67546, 48.81057], "type": "Point"}, "properties": {"oid": "7136BG000005"}, "type": "Feature"}, {"geometry": {"coordinates": [10.85617, 50.0711], "type": "Point"}, "properties": {"oid": "5931BG000302"}, "type": "Feature"}, {"geometry": {"coordinates": [12.20869, 50.0687], "type": "Point"}, "properties": {"oid": "5939BG000001"}, "type": "Feature"}, {"geometry": {"coordinates": [12.282, 48.24284], "type": "Point"}, "properties": {"oid": "7739BG000020"}, "type": "Feature"}, {"geometry": {"coordinates": [9.81265, 49.75028], "type": "Point"}, "properties": {"oid": "6224BG000001"}, "type": "Feature"}, {"geometry": {"coordinates": [10.11811, 49.75754], "type": "Point"}, "properties": {"oid": "6226BG000001"}, "type": "Feature"}, {"geometry": {"coordinates": [11.16038, 49.94469], "type": "Point"}, "properties": {"oid": "6032BG000001"}, "type": "Feature"}, {"geometry": {"coordinates": [10.07238, 49.73567], "type": "Point"}, "properties": {"oid": "6226BG000031"}, "type": "Feature"}, {"geometry": {"coordinates": [11.46035, 50.32928], "type": "Point"}, "properties": {"oid": "5634BG000060"}, "type": "Feature"}, {"geometry": {"coordinates": [12.23317, 50.0765], "type": "Point"}, "properties": {"oid": "5939BG000014"}, "type": "Feature"}, {"geometry": {"coordinates": [11.68429, 49.72762], "type": "Point"}, "properties": {"oid": "6236BG000002"}, "type": "Feature"}, {"geometry": {"coordinates": [11.96632, 49.76656], "type": "Point"}, "properties": {"oid": "6237BG000001"}, "type": "Feature"}, {"geometry": {"coordinates": [11.95494, 49.76709], "type": "Point"}, "properties": {"oid": "6237BG000002"}, "type": "Feature"}, {"geometry": {"coordinates": [11.97187, 49.77654], "type": "Point"}, "properties": {"oid": "6237BG000021"}, "type": "Feature"}, {"geometry": {"coordinates": [11.96551, 49.72969], "type": "Point"}, "properties": {"oid": "6237BG000025"}, "type": "Feature"}, {"geometry": {"coordinates": [11.75032, 49.90511], "type": "Point"}, "properties": {"oid": "6036BG000015"}, "type": "Feature"}, {"geometry": {"coordinates": [12.20745, 50.0669], "type": "Point"}, "properties": {"oid": "5939BG000038"}, "type": "Feature"}, {"geometry": {"coordinates": [12.20172, 50.06138], "type": "Point"}, "properties": {"oid": "5939BG000074"}, "type": "Feature"}, {"geometry": {"coordinates": [12.21429, 50.06851], "type": "Point"}, "properties": {"oid": "5939BG000082"}, "type": "Feature"}, {"geometry": {"coordinates": [12.76774, 48.53523], "type": "Point"}, "properties": {"oid": "7442BG000077"}, "type": "Feature"}, {"geometry": {"coordinates": [11.87269, 50.37681], "type": "Point"}, "properties": {"oid": "5637BG015015"}, "type": "Feature"}, {"geometry": {"coordinates": [11.93839, 50.01088], "type": "Point"}, "properties": {"oid": "5937BG000002"}, "type": "Feature"}, {"geometry": {"coordinates": [11.94062, 50.01213], "type": "Point"}, "properties": {"oid": "5937BG000003"}, "type": "Feature"}, {"geometry": {"coordinates": [11.9358, 50.01052], "type": "Point"}, "properties": {"oid": "5937BG000006"}, "type": "Feature"}, {"geometry": {"coordinates": [10.14876, 49.89486], "type": "Point"}, "properties": {"oid": "6126BG000002"}, "type": "Feature"}, {"geometry": {"coordinates": [12.35247, 49.82599], "type": "Point"}, "properties": {"oid": "6140BG000007"}, "type": "Feature"}, {"geometry": {"coordinates": [12.35541, 49.83059], "type": "Point"}, "properties": {"oid": "6140BG000011"}, "type": "Feature"}, {"geometry": {"coordinates": [10.93288, 48.28954], "type": "Point"}, "properties": {"oid": "7731BG015005"}, "type": "Feature"}, {"geometry": {"coordinates": [9.57092, 49.90313], "type": "Point"}, "properties": {"oid": "6023BG000011"}, "type": "Feature"}, {"geometry": {"coordinates": [12.42122, 48.85982], "type": "Point"}, "properties": {"oid": "7140BG000051"}, "type": "Feature"}, {"geometry": {"coordinates": [12.14679, 49.9105], "type": "Point"}, "properties": {"oid": "6038BG000001"}, "type": "Feature"}, {"geometry": {"coordinates": [12.14672, 49.91009], "type": "Point"}, "properties": {"oid": "6038BG000002"}, "type": "Feature"}, {"geometry": {"coordinates": [12.04689, 49.9674], "type": "Point"}, "properties": {"oid": "6038BG000016"}, "type": "Feature"}, {"geometry": {"coordinates": [12.28752, 49.82569], "type": "Point"}, "properties": {"oid": "6139BG000036"}, "type": "Feature"}, {"geometry": {"coordinates": [12.25247, 49.82828], "type": "Point"}, "properties": {"oid": "6139BG000039"}, "type": "Feature"}, {"geometry": {"coordinates": [12.24736, 49.83094], "type": "Point"}, "properties": {"oid": "6139BG000043"}, "type": "Feature"}, {"geometry": {"coordinates": [12.28304, 49.83122], "type": "Point"}, "properties": {"oid": "6139BG000053"}, "type": "Feature"}, {"geometry": {"coordinates": [12.22658, 49.85454], "type": "Point"}, "properties": {"oid": "6139BG000057"}, "type": "Feature"}, {"geometry": {"coordinates": [12.26636, 49.83702], "type": "Point"}, "properties": {"oid": "6139BG000072"}, "type": "Feature"}, {"geometry": {"coordinates": [12.27658, 49.82691], "type": "Point"}, "properties": {"oid": "6139BG000084"}, "type": "Feature"}, {"geometry": {"coordinates": [12.9385, 48.4658], "type": "Point"}, "properties": {"oid": "7543BG000099"}, "type": "Feature"}, {"geometry": {"coordinates": [12.17006, 49.36148], "type": "Point"}, "properties": {"oid": "6639BG000134"}, "type": "Feature"}, {"geometry": {"coordinates": [12.28899, 49.82886], "type": "Point"}, "properties": {"oid": "6139BG000092"}, "type": "Feature"}, {"geometry": {"coordinates": [11.62629, 49.71311], "type": "Point"}, "properties": {"oid": "6235BG000106"}, "type": "Feature"}, {"geometry": {"coordinates": [11.63393, 49.70014], "type": "Point"}, "properties": {"oid": "6235BG000143"}, "type": "Feature"}, {"geometry": {"coordinates": [11.63367, 49.70135], "type": "Point"}, "properties": {"oid": "6235BG000147"}, "type": "Feature"}, {"geometry": {"coordinates": [11.61692, 49.91014], "type": "Point"}, "properties": {"oid": "6035BG000086"}, "type": "Feature"}, {"geometry": {"coordinates": [13.03461, 48.39397], "type": "Point"}, "properties": {"oid": "7644BG000082"}, "type": "Feature"}, {"geometry": {"coordinates": [12.7192, 48.18113], "type": "Point"}, "properties": {"oid": "7842BG000012"}, "type": "Feature"}, {"geometry": {"coordinates": [9.557, 49.89709], "type": "Point"}, "properties": {"oid": "6123BG000048"}, "type": "Feature"}, {"geometry": {"coordinates": [9.56327, 49.89126], "type": "Point"}, "properties": {"oid": "6123BG000052"}, "type": "Feature"}, {"geometry": {"coordinates": [9.55513, 49.89853], "type": "Point"}, "properties": {"oid": "6123BG000056"}, "type": "Feature"}, {"geometry": {"coordinates": [9.55417, 49.89867], "type": "Point"}, "properties": {"oid": "6123BG000060"}, "type": "Feature"}, {"geometry": {"coordinates": [12.29006, 49.82913], "type": "Point"}, "properties": {"oid": "6139BG000118"}, "type": "Feature"}, {"geometry": {"coordinates": [12.2753, 49.82636], "type": "Point"}, "properties": {"oid": "6139BG000126"}, "type": "Feature"}, {"geometry": {"coordinates": [12.2832, 49.8344], "type": "Point"}, "properties": {"oid": "6139BG000129"}, "type": "Feature"}, {"geometry": {"coordinates": [12.28505, 49.83282], "type": "Point"}, "properties": {"oid": "6139BG000133"}, "type": "Feature"}, {"geometry": {"coordinates": [12.27333, 49.83727], "type": "Point"}, "properties": {"oid": "6139BG000137"}, "type": "Feature"}, {"geometry": {"coordinates": [12.31688, 49.8605], "type": "Point"}, "properties": {"oid": "6139BG000140"}, "type": "Feature"}, {"geometry": {"coordinates": [12.31646, 49.86052], "type": "Point"}, "properties": {"oid": "6139BG000144"}, "type": "Feature"}, {"geometry": {"coordinates": [12.30956, 49.95711], "type": "Point"}, "properties": {"oid": "6039BG000008"}, "type": "Feature"}, {"geometry": {"coordinates": [12.3083, 49.9563], "type": "Point"}, "properties": {"oid": "6039BG000017"}, "type": "Feature"}, {"geometry": {"coordinates": [12.32648, 49.95646], "type": "Point"}, "properties": {"oid": "6039BG000364"}, "type": "Feature"}, {"geometry": {"coordinates": [12.47611, 49.91671], "type": "Point"}, "properties": {"oid": "6040BG000001"}, "type": "Feature"}, {"geometry": {"coordinates": [12.47611, 49.91671], "type": "Point"}, "properties": {"oid": "6040BG000003"}, "type": "Feature"}, {"geometry": {"coordinates": [12.45377, 49.91096], "type": "Point"}, "properties": {"oid": "6040BG000009"}, "type": "Feature"}, {"geometry": {"coordinates": [10.63707, 48.83472], "type": "Point"}, "properties": {"oid": "7129BG015001"}, "type": "Feature"}, {"geometry": {"coordinates": [10.17226, 49.74729], "type": "Point"}, "properties": {"oid": "6227BG000016"}, "type": "Feature"}, {"geometry": {"coordinates": [11.52823, 49.76689], "type": "Point"}, "properties": {"oid": "6235BG000002"}, "type": "Feature"}, {"geometry": {"coordinates": [11.51837, 49.76705], "type": "Point"}, "properties": {"oid": "6235BG000004"}, "type": "Feature"}, {"geometry": {"coordinates": [12.50085, 48.34845], "type": "Point"}, "properties": {"oid": "7641BG000004"}, "type": "Feature"}, {"geometry": {"coordinates": [12.22996, 49.31851], "type": "Point"}, "properties": {"oid": "6639BG000019"}, "type": "Feature"}, {"geometry": {"coordinates": [12.23226, 49.31752], "type": "Point"}, "properties": {"oid": "6639BG000023"}, "type": "Feature"}, {"geometry": {"coordinates": [12.23316, 49.31776], "type": "Point"}, "properties": {"oid": "6639BG000033"}, "type": "Feature"}, {"geometry": {"coordinates": [12.23071, 49.31924], "type": "Point"}, "properties": {"oid": "6639BG000042"}, "type": "Feature"}, {"geometry": {"coordinates": [11.23408, 49.9139], "type": "Point"}, "properties": {"oid": "6033BG000001"}, "type": "Feature"}, {"geometry": {"coordinates": [12.43789, 49.97144], "type": "Point"}, "properties": {"oid": "6040BG000034"}, "type": "Feature"}, {"geometry": {"coordinates": [12.4354, 49.9736], "type": "Point"}, "properties": {"oid": "6040BG000040"}, "type": "Feature"}, {"geometry": {"coordinates": [12.42629, 49.93588], "type": "Point"}, "properties": {"oid": "6040BG000049"}, "type": "Feature"}, {"geometry": {"coordinates": [12.5203, 49.92174], "type": "Point"}, "properties": {"oid": "6041BG000001"}, "type": "Feature"}, {"geometry": {"coordinates": [12.52005, 49.92417], "type": "Point"}, "properties": {"oid": "6041BG000003"}, "type": "Feature"}, {"geometry": {"coordinates": [12.52049, 49.92704], "type": "Point"}, "properties": {"oid": "6041BG000008"}, "type": "Feature"}, {"geometry": {"coordinates": [13.39612, 48.85428], "type": "Point"}, "properties": {"oid": "7146BG000006"}, "type": "Feature"}, {"geometry": {"coordinates": [12.05103, 49.88435], "type": "Point"}, "properties": {"oid": "6138BG000006"}, "type": "Feature"}, {"geometry": {"coordinates": [12.28301, 49.83367], "type": "Point"}, "properties": {"oid": "6139BG000001"}, "type": "Feature"}, {"geometry": {"coordinates": [12.28347, 49.83396], "type": "Point"}, "properties": {"oid": "6139BG000002"}, "type": "Feature"}, {"geometry": {"coordinates": [12.283, 49.83368], "type": "Point"}, "properties": {"oid": "6139BG000003"}, "type": "Feature"}, {"geometry": {"coordinates": [12.28055, 49.83536], "type": "Point"}, "properties": {"oid": "6139BG000006"}, "type": "Feature"}, {"geometry": {"coordinates": [12.33561, 49.95157], "type": "Point"}, "properties": {"oid": "6040BG000075"}, "type": "Feature"}, {"geometry": {"coordinates": [12.28336, 49.83321], "type": "Point"}, "properties": {"oid": "6139BG000013"}, "type": "Feature"}, {"geometry": {"coordinates": [12.28602, 49.82946], "type": "Point"}, "properties": {"oid": "6139BG000020"}, "type": "Feature"}, {"geometry": {"coordinates": [12.28714, 49.83332], "type": "Point"}, "properties": {"oid": "6139BG000023"}, "type": "Feature"}, {"geometry": {"coordinates": [12.28926, 49.82983], "type": "Point"}, "properties": {"oid": "6139BG000026"}, "type": "Feature"}, {"geometry": {"coordinates": [12.29371, 49.8355], "type": "Point"}, "properties": {"oid": "6139BG000029"}, "type": "Feature"}, {"geometry": {"coordinates": [12.24482, 49.82724], "type": "Point"}, "properties": {"oid": "6139BG000033"}, "type": "Feature"}, {"geometry": {"coordinates": [11.62673, 49.70356], "type": "Point"}, "properties": {"oid": "6235BG000019"}, "type": "Feature"}, {"geometry": {"coordinates": [11.63104, 49.70196], "type": "Point"}, "properties": {"oid": "6235BG000023"}, "type": "Feature"}, {"geometry": {"coordinates": [11.62894, 49.70465], "type": "Point"}, "properties": {"oid": "6235BG000031"}, "type": "Feature"}, {"geometry": {"coordinates": [11.62994, 49.70691], "type": "Point"}, "properties": {"oid": "6235BG000048"}, "type": "Feature"}, {"geometry": {"coordinates": [12.22953, 49.31976], "type": "Point"}, "properties": {"oid": "6639BG000043"}, "type": "Feature"}, {"geometry": {"coordinates": [12.23307, 49.31831], "type": "Point"}, "properties": {"oid": "6639BG000047"}, "type": "Feature"}, {"geometry": {"coordinates": [11.65729, 49.96969], "type": "Point"}, "properties": {"oid": "6035BG000035"}, "type": "Feature"}, {"geometry": {"coordinates": [12.64654, 48.85965], "type": "Point"}, "properties": {"oid": "7141BG000160"}, "type": "Feature"}, {"geometry": {"coordinates": [12.08895, 49.43049], "type": "Point"}, "properties": {"oid": "6538BG000001"}, "type": "Feature"}, {"geometry": {"coordinates": [12.003, 49.45019], "type": "Point"}, "properties": {"oid": "6538BG000002"}, "type": "Feature"}, {"geometry": {"coordinates": [12.02571, 49.44309], "type": "Point"}, "properties": {"oid": "6538BG000005"}, "type": "Feature"}, {"geometry": {"coordinates": [12.12952, 49.33662], "type": "Point"}, "properties": {"oid": "6638BG000459"}, "type": "Feature"}, {"geometry": {"coordinates": [11.69302, 49.69854], "type": "Point"}, "properties": {"oid": "6336BG000001"}, "type": "Feature"}, {"geometry": {"coordinates": [11.82015, 49.61663], "type": "Point"}, "properties": {"oid": "6336BG000006"}, "type": "Feature"}, {"geometry": {"coordinates": [11.66824, 49.67312], "type": "Point"}, "properties": {"oid": "6336BG000011"}, "type": "Feature"}, {"geometry": {"coordinates": [9.55932, 49.8986], "type": "Point"}, "properties": {"oid": "6123BG000029"}, "type": "Feature"}, {"geometry": {"coordinates": [11.66574, 49.67518], "type": "Point"}, "properties": {"oid": "6336BG000015"}, "type": "Feature"}, {"geometry": {"coordinates": [11.84553, 49.60013], "type": "Point"}, "properties": {"oid": "6337BG000004"}, "type": "Feature"}, {"geometry": {"coordinates": [13.01404, 48.41653], "type": "Point"}, "properties": {"oid": "7544BG000106"}, "type": "Feature"}, {"geometry": {"coordinates": [12.29105, 49.61416], "type": "Point"}, "properties": {"oid": "6339BG000023"}, "type": "Feature"}, {"geometry": {"coordinates": [11.31569, 49.62507], "type": "Point"}, "properties": {"oid": "6333BG000003"}, "type": "Feature"}, {"geometry": {"coordinates": [11.87592, 48.04715], "type": "Point"}, "properties": {"oid": "7937BG015242"}, "type": "Feature"}, {"geometry": {"coordinates": [10.5162, 49.35055], "type": "Point"}, "properties": {"oid": "6629BG000015"}, "type": "Feature"}, {"geometry": {"coordinates": [10.79639, 49.38906], "type": "Point"}, "properties": {"oid": "6630BG000003"}, "type": "Feature"}, {"geometry": {"coordinates": [12.83293, 48.24471], "type": "Point"}, "properties": {"oid": "7743BG000020"}, "type": "Feature"}, {"geometry": {"coordinates": [11.29047, 49.62997], "type": "Point"}, "properties": {"oid": "6333BG000004"}, "type": "Feature"}, {"geometry": {"coordinates": [11.63825, 49.69777], "type": "Point"}, "properties": {"oid": "6335BG000035"}, "type": "Feature"}, {"geometry": {"coordinates": [12.39558, 48.13564], "type": "Point"}, "properties": {"oid": "7840BG000001"}, "type": "Feature"}, {"geometry": {"coordinates": [11.62638, 49.16723], "type": "Point"}, "properties": {"oid": "6835BG000005"}, "type": "Feature"}, {"geometry": {"coordinates": [11.64012, 49.61657], "type": "Point"}, "properties": {"oid": "6335BG000068"}, "type": "Feature"}, {"geometry": {"coordinates": [11.68842, 49.52966], "type": "Point"}, "properties": {"oid": "6436BG000215"}, "type": "Feature"}, {"geometry": {"coordinates": [10.68933, 49.31002], "type": "Point"}, "properties": {"oid": "6630BG000085"}, "type": "Feature"}, {"geometry": {"coordinates": [11.25948, 48.57908], "type": "Point"}, "properties": {"oid": "7433BG000309"}, "type": "Feature"}, {"geometry": {"coordinates": [11.85339, 49.56336], "type": "Point"}, "properties": {"oid": "6437BG000011"}, "type": "Feature"}, {"geometry": {"coordinates": [11.97575, 49.20838], "type": "Point"}, "properties": {"oid": "6737BG000003"}, "type": "Feature"}, {"geometry": {"coordinates": [11.9953, 49.21123], "type": "Point"}, "properties": {"oid": "6737BG000006"}, "type": "Feature"}, {"geometry": {"coordinates": [12.09945, 49.23181], "type": "Point"}, "properties": {"oid": "6738BG000002"}, "type": "Feature"}, {"geometry": {"coordinates": [10.25944, 48.46635], "type": "Point"}, "properties": {"oid": "7527BG000159"}, "type": "Feature"}, {"geometry": {"coordinates": [10.24904, 48.42842], "type": "Point"}, "properties": {"oid": "7527BG015062"}, "type": "Feature"}, {"geometry": {"coordinates": [11.02101, 50.32123], "type": "Point"}, "properties": {"oid": "5632BG000187"}, "type": "Feature"}, {"geometry": {"coordinates": [12.40068, 49.2706], "type": "Point"}, "properties": {"oid": "6740BG000001"}, "type": "Feature"}, {"geometry": {"coordinates": [11.07549, 48.10081], "type": "Point"}, "properties": {"oid": "7832BG015101"}, "type": "Feature"}, {"geometry": {"coordinates": [11.79133, 48.8211], "type": "Point"}, "properties": {"oid": "7136BG000266"}, "type": "Feature"}, {"geometry": {"coordinates": [10.79363, 49.70573], "type": "Point"}, "properties": {"oid": "6230BG000018"}, "type": "Feature"}, {"geometry": {"coordinates": [12.62265, 47.9587], "type": "Point"}, "properties": {"oid": "8041BG000002"}, "type": "Feature"}, {"geometry": {"coordinates": [10.55283, 49.78027], "type": "Point"}, "properties": {"oid": "6229BG000054"}, "type": "Feature"}, {"geometry": {"coordinates": [12.01285, 48.27601], "type": "Point"}, "properties": {"oid": "7738BG000068"}, "type": "Feature"}, {"geometry": {"coordinates": [11.85997, 50.39922], "type": "Point"}, "properties": {"oid": "5537BG000001"}, "type": "Feature"}, {"geometry": {"coordinates": [12.05165, 49.85834], "type": "Point"}, "properties": {"oid": "6138BG000001"}, "type": "Feature"}, {"geometry": {"coordinates": [11.33552, 49.0591], "type": "Point"}, "properties": {"oid": "6934BG000074"}, "type": "Feature"}, {"geometry": {"coordinates": [11.05057, 48.03246], "type": "Point"}, "properties": {"oid": "7932BG015087"}, "type": "Feature"}, {"geometry": {"coordinates": [12.90179, 47.7169], "type": "Point"}, "properties": {"oid": "8243BG000007"}, "type": "Feature"}, {"geometry": {"coordinates": [11.29047, 50.2973], "type": "Point"}, "properties": {"oid": "5733BG000093"}, "type": "Feature"}, {"geometry": {"coordinates": [10.82258, 49.86776], "type": "Point"}, "properties": {"oid": "6130BG000027"}, "type": "Feature"}, {"geometry": {"coordinates": [11.6366, 50.37554], "type": "Point"}, "properties": {"oid": "5635BG000001"}, "type": "Feature"}, {"geometry": {"coordinates": [11.6111, 50.3911], "type": "Point"}, "properties": {"oid": "5635BG000006"}, "type": "Feature"}, {"geometry": {"coordinates": [10.94141, 50.25343], "type": "Point"}, "properties": {"oid": "5731BG000396"}, "type": "Feature"}, {"geometry": {"coordinates": [11.79374, 50.20233], "type": "Point"}, "properties": {"oid": "5736BG000185"}, "type": "Feature"}, {"geometry": {"coordinates": [11.58687, 50.1366], "type": "Point"}, "properties": {"oid": "5835BG000002"}, "type": "Feature"}, {"geometry": {"coordinates": [11.58391, 50.13874], "type": "Point"}, "properties": {"oid": "5835BG000003"}, "type": "Feature"}, {"geometry": {"coordinates": [11.57142, 50.14373], "type": "Point"}, "properties": {"oid": "5835BG000005"}, "type": "Feature"}, {"geometry": {"coordinates": [11.58056, 50.13729], "type": "Point"}, "properties": {"oid": "5835BG000009"}, "type": "Feature"}, {"geometry": {"coordinates": [9.50482, 50.22448], "type": "Point"}, "properties": {"oid": "5723BG000004"}, "type": "Feature"}, {"geometry": {"coordinates": [12.12566, 48.32742], "type": "Point"}, "properties": {"oid": "7638BG000050"}, "type": "Feature"}, {"geometry": {"coordinates": [11.63088, 50.27007], "type": "Point"}, "properties": {"oid": "5735BG000018"}, "type": "Feature"}, {"geometry": {"coordinates": [11.79335, 50.35686], "type": "Point"}, "properties": {"oid": "5636BG000020"}, "type": "Feature"}, {"geometry": {"coordinates": [11.69184, 50.38649], "type": "Point"}, "properties": {"oid": "5636BG000023"}, "type": "Feature"}, {"geometry": {"coordinates": [11.0121, 50.23509], "type": "Point"}, "properties": {"oid": "5732BG000084"}, "type": "Feature"}, {"geometry": {"coordinates": [10.01068, 50.28929], "type": "Point"}, "properties": {"oid": "5726BG000033"}, "type": "Feature"}, {"geometry": {"coordinates": [11.30687, 50.30549], "type": "Point"}, "properties": {"oid": "5633BG000001"}, "type": "Feature"}, {"geometry": {"coordinates": [11.30775, 50.30487], "type": "Point"}, "properties": {"oid": "5633BG000003"}, "type": "Feature"}, {"geometry": {"coordinates": [11.3084, 50.30458], "type": "Point"}, "properties": {"oid": "5633BG000005"}, "type": "Feature"}, {"geometry": {"coordinates": [9.65455, 50.0451], "type": "Point"}, "properties": {"oid": "5923BG000024"}, "type": "Feature"}, {"geometry": {"coordinates": [12.36369, 49.99233], "type": "Point"}, "properties": {"oid": "6040BG000050"}, "type": "Feature"}, {"geometry": {"coordinates": [12.32485, 49.83933], "type": "Point"}, "properties": {"oid": "6139BG015065"}, "type": "Feature"}, {"geometry": {"coordinates": [12.71472, 47.91776], "type": "Point"}, "properties": {"oid": "8042BG000003"}, "type": "Feature"}, {"geometry": {"coordinates": [11.93947, 50.13273], "type": "Point"}, "properties": {"oid": "5837BG000001"}, "type": "Feature"}, {"geometry": {"coordinates": [11.93679, 50.13987], "type": "Point"}, "properties": {"oid": "5837BG000011"}, "type": "Feature"}, {"geometry": {"coordinates": [11.9398, 50.13339], "type": "Point"}, "properties": {"oid": "5837BG000017"}, "type": "Feature"}, {"geometry": {"coordinates": [11.94106, 50.13532], "type": "Point"}, "properties": {"oid": "5837BG000020"}, "type": "Feature"}, {"geometry": {"coordinates": [11.93743, 50.13033], "type": "Point"}, "properties": {"oid": "5837BG000024"}, "type": "Feature"}, {"geometry": {"coordinates": [11.94183, 50.13659], "type": "Point"}, "properties": {"oid": "5837BG000027"}, "type": "Feature"}, {"geometry": {"coordinates": [11.94246, 50.13589], "type": "Point"}, "properties": {"oid": "5837BG000028"}, "type": "Feature"}, {"geometry": {"coordinates": [11.94098, 50.13751], "type": "Point"}, "properties": {"oid": "5837BG000029"}, "type": "Feature"}, {"geometry": {"coordinates": [11.93606, 50.13826], "type": "Point"}, "properties": {"oid": "5837BG000036"}, "type": "Feature"}, {"geometry": {"coordinates": [11.95231, 50.13796], "type": "Point"}, "properties": {"oid": "5837BG000042"}, "type": "Feature"}, {"geometry": {"coordinates": [11.96085, 50.13195], "type": "Point"}, "properties": {"oid": "5837BG000055"}, "type": "Feature"}, {"geometry": {"coordinates": [12.08426, 49.2045], "type": "Point"}, "properties": {"oid": "6738BG000041"}, "type": "Feature"}, {"geometry": {"coordinates": [11.09919, 48.82284], "type": "Point"}, "properties": {"oid": "7132BG000112"}, "type": "Feature"}, {"geometry": {"coordinates": [12.09794, 48.37533], "type": "Point"}, "properties": {"oid": "7638BG000052"}, "type": "Feature"}, {"geometry": {"coordinates": [11.9481, 50.19216], "type": "Point"}, "properties": {"oid": "5837BG000162"}, "type": "Feature"}, {"geometry": {"coordinates": [12.03944, 50.1194], "type": "Point"}, "properties": {"oid": "5838BG000001"}, "type": "Feature"}, {"geometry": {"coordinates": [12.03986, 50.11956], "type": "Point"}, "properties": {"oid": "5838BG000002"}, "type": "Feature"}, {"geometry": {"coordinates": [12.04002, 50.11856], "type": "Point"}, "properties": {"oid": "5838BG000004"}, "type": "Feature"}, {"geometry": {"coordinates": [12.04193, 50.12053], "type": "Point"}, "properties": {"oid": "5838BG000010"}, "type": "Feature"}, {"geometry": {"coordinates": [12.04129, 50.11546], "type": "Point"}, "properties": {"oid": "5838BG000013"}, "type": "Feature"}, {"geometry": {"coordinates": [12.04102, 50.11615], "type": "Point"}, "properties": {"oid": "5838BG000014"}, "type": "Feature"}, {"geometry": {"coordinates": [12.03798, 50.12004], "type": "Point"}, "properties": {"oid": "5838BG000015"}, "type": "Feature"}, {"geometry": {"coordinates": [12.04073, 50.11967], "type": "Point"}, "properties": {"oid": "5838BG000016"}, "type": "Feature"}, {"geometry": {"coordinates": [11.48599, 48.71259], "type": "Point"}, "properties": {"oid": "7234BG003042"}, "type": "Feature"}, {"geometry": {"coordinates": [12.49398, 48.60864], "type": "Point"}, "properties": {"oid": "7340BG015007"}, "type": "Feature"}, {"geometry": {"coordinates": [11.53102, 47.74288], "type": "Point"}, "properties": {"oid": "8235BG000004"}, "type": "Feature"}, {"geometry": {"coordinates": [10.46872, 48.8895], "type": "Point"}, "properties": {"oid": "7128BG015001"}, "type": "Feature"}, {"geometry": {"coordinates": [10.92325, 48.76509], "type": "Point"}, "properties": {"oid": "7231BG000029"}, "type": "Feature"}, {"geometry": {"coordinates": [12.18077, 48.16129], "type": "Point"}, "properties": {"oid": "7839BG015073"}, "type": "Feature"}, {"geometry": {"coordinates": [13.06326, 48.29142], "type": "Point"}, "properties": {"oid": "7744BG000100"}, "type": "Feature"}, {"geometry": {"coordinates": [11.98535, 47.99306], "type": "Point"}, "properties": {"oid": "8037BG000001"}, "type": "Feature"}, {"geometry": {"coordinates": [12.05059, 47.97969], "type": "Point"}, "properties": {"oid": "8038BG000007"}, "type": "Feature"}, {"geometry": {"coordinates": [12.32738, 49.31645], "type": "Point"}, "properties": {"oid": "6639BG015015"}, "type": "Feature"}, {"geometry": {"coordinates": [12.32752, 49.31654], "type": "Point"}, "properties": {"oid": "6639BG015014"}, "type": "Feature"}, {"geometry": {"coordinates": [10.41503, 49.50658], "type": "Point"}, "properties": {"oid": "6428BG015002"}, "type": "Feature"}, {"geometry": {"coordinates": [11.43366, 47.73504], "type": "Point"}, "properties": {"oid": "8234BG000036"}, "type": "Feature"}, {"geometry": {"coordinates": [12.34238, 49.89316], "type": "Point"}, "properties": {"oid": "6140BG000033"}, "type": "Feature"}, {"geometry": {"coordinates": [11.42405, 47.96794], "type": "Point"}, "properties": {"oid": "8034BG015005"}, "type": "Feature"}, {"geometry": {"coordinates": [12.39772, 48.13005], "type": "Point"}, "properties": {"oid": "7840BG000016"}, "type": "Feature"}, {"geometry": {"coordinates": [12.18053, 49.62643], "type": "Point"}, "properties": {"oid": "6339BG000021"}, "type": "Feature"}, {"geometry": {"coordinates": [11.05604, 48.85456], "type": "Point"}, "properties": {"oid": "7132BG000006"}, "type": "Feature"}, {"geometry": {"coordinates": [12.1766, 48.16026], "type": "Point"}, "properties": {"oid": "7839BG015091"}, "type": "Feature"}, {"geometry": {"coordinates": [11.90546, 50.08713], "type": "Point"}, "properties": {"oid": "5937BG000014"}, "type": "Feature"}, {"geometry": {"coordinates": [10.681, 49.89041], "type": "Point"}, "properties": {"oid": "6130BG000018"}, "type": "Feature"}, {"geometry": {"coordinates": [13.00304, 48.55694], "type": "Point"}, "properties": {"oid": "7444BG000057"}, "type": "Feature"}, {"geometry": {"coordinates": [12.44399, 48.89875], "type": "Point"}, "properties": {"oid": "7140BG000027"}, "type": "Feature"}, {"geometry": {"coordinates": [11.11741, 48.87923], "type": "Point"}, "properties": {"oid": "7132BG000004"}, "type": "Feature"}, {"geometry": {"coordinates": [13.1045, 48.50124], "type": "Point"}, "properties": {"oid": "7444BG000124"}, "type": "Feature"}, {"geometry": {"coordinates": [11.56197, 47.78711], "type": "Point"}, "properties": {"oid": "8235BG015144"}, "type": "Feature"}, {"geometry": {"coordinates": [12.126, 47.9024], "type": "Point"}, "properties": {"oid": "8038BG000005"}, "type": "Feature"}, {"geometry": {"coordinates": [12.77704, 48.19527], "type": "Point"}, "properties": {"oid": "7842BG000015"}, "type": "Feature"}, {"geometry": {"coordinates": [11.24503, 48.26278], "type": "Point"}, "properties": {"oid": "7733BG015009"}, "type": "Feature"}, {"geometry": {"coordinates": [12.83411, 47.73658], "type": "Point"}, "properties": {"oid": "8243BG015001"}, "type": "Feature"}, {"geometry": {"coordinates": [11.28865, 50.31113], "type": "Point"}, "properties": {"oid": "5633BG000074"}, "type": "Feature"}, {"geometry": {"coordinates": [13.03485, 48.49254], "type": "Point"}, "properties": {"oid": "7544BG000153"}, "type": "Feature"}, {"geometry": {"coordinates": [10.43734, 49.10488], "type": "Point"}, "properties": {"oid": "6828BG015011"}, "type": "Feature"}, {"geometry": {"coordinates": [9.89985, 49.90554], "type": "Point"}, "properties": {"oid": "6025BG015002"}, "type": "Feature"}, {"geometry": {"coordinates": [10.19385, 50.36295], "type": "Point"}, "properties": {"oid": "5627BG000030"}, "type": "Feature"}, {"geometry": {"coordinates": [12.47314, 48.22742], "type": "Point"}, "properties": {"oid": "7740BG000064"}, "type": "Feature"}, {"geometry": {"coordinates": [12.14923, 48.82859], "type": "Point"}, "properties": {"oid": "7138BG000262"}, "type": "Feature"}, {"geometry": {"coordinates": [11.13319, 49.61812], "type": "Point"}, "properties": {"oid": "6332BG000182"}, "type": "Feature"}, {"geometry": {"coordinates": [12.80488, 48.16115], "type": "Point"}, "properties": {"oid": "7842BG000042"}, "type": "Feature"}, {"geometry": {"coordinates": [12.60073, 48.36262], "type": "Point"}, "properties": {"oid": "7641BG015009"}, "type": "Feature"}, {"geometry": {"coordinates": [12.11625, 47.85229], "type": "Point"}, "properties": {"oid": "8138BG015864"}, "type": "Feature"}, {"geometry": {"coordinates": [12.11629, 47.85222], "type": "Point"}, "properties": {"oid": "8138BG015442"}, "type": "Feature"}, {"geometry": {"coordinates": [12.41922, 47.92084], "type": "Point"}, "properties": {"oid": "8040BG000014"}, "type": "Feature"}, {"geometry": {"coordinates": [10.76571, 50.33389], "type": "Point"}, "properties": {"oid": "5630BG000058"}, "type": "Feature"}, {"geometry": {"coordinates": [11.80751, 47.8103], "type": "Point"}, "properties": {"oid": "8136BG015073"}, "type": "Feature"}, {"geometry": {"coordinates": [12.2682, 48.23621], "type": "Point"}, "properties": {"oid": "7739BG000003"}, "type": "Feature"}, {"geometry": {"coordinates": [12.42373, 48.85872], "type": "Point"}, "properties": {"oid": "7140BG000009"}, "type": "Feature"}, {"geometry": {"coordinates": [12.78509, 48.26451], "type": "Point"}, "properties": {"oid": "7742BG000108"}, "type": "Feature"}, {"geometry": {"coordinates": [10.99479, 49.5957], "type": "Point"}, "properties": {"oid": "6431BG015107"}, "type": "Feature"}, {"geometry": {"coordinates": [13.19027, 48.40695], "type": "Point"}, "properties": {"oid": "7545BG000050"}, "type": "Feature"}, {"geometry": {"coordinates": [11.7768, 47.96557], "type": "Point"}, "properties": {"oid": "8036BG000006"}, "type": "Feature"}, {"geometry": {"coordinates": [11.32232, 48.14915], "type": "Point"}, "properties": {"oid": "7833BG015006"}, "type": "Feature"}, {"geometry": {"coordinates": [11.06821, 48.08466], "type": "Point"}, "properties": {"oid": "7932BG015039"}, "type": "Feature"}, {"geometry": {"coordinates": [12.62918, 48.12118], "type": "Point"}, "properties": {"oid": "7841BG015144"}, "type": "Feature"}, {"geometry": {"coordinates": [12.16557, 48.96818], "type": "Point"}, "properties": {"oid": "7039BG000043"}, "type": "Feature"}, {"geometry": {"coordinates": [11.62384, 49.95882], "type": "Point"}, "properties": {"oid": "6035BG000201"}, "type": "Feature"}, {"geometry": {"coordinates": [10.31567, 48.46263], "type": "Point"}, "properties": {"oid": "7527BG015025"}, "type": "Feature"}, {"geometry": {"coordinates": [13.19589, 48.42485], "type": "Point"}, "properties": {"oid": "7545BG000037"}, "type": "Feature"}, {"geometry": {"coordinates": [11.84602, 48.28737], "type": "Point"}, "properties": {"oid": "7737BG015009"}, "type": "Feature"}, {"geometry": {"coordinates": [12.73802, 48.36739], "type": "Point"}, "properties": {"oid": "7642BG000063"}, "type": "Feature"}, {"geometry": {"coordinates": [12.09432, 49.20511], "type": "Point"}, "properties": {"oid": "6738BG000101"}, "type": "Feature"}, {"geometry": {"coordinates": [10.59204, 48.01895], "type": "Point"}, "properties": {"oid": "7929BG015003"}, "type": "Feature"}, {"geometry": {"coordinates": [10.62398, 48.89225], "type": "Point"}, "properties": {"oid": "7129BG015006"}, "type": "Feature"}, {"geometry": {"coordinates": [12.39336, 48.12722], "type": "Point"}, "properties": {"oid": "7840BG000002"}, "type": "Feature"}, {"geometry": {"coordinates": [13.48347, 48.59806], "type": "Point"}, "properties": {"oid": "7446BG000302"}, "type": "Feature"}, {"geometry": {"coordinates": [9.93159, 49.99664], "type": "Point"}, "properties": {"oid": "6025BG015001"}, "type": "Feature"}, {"geometry": {"coordinates": [12.18081, 48.16295], "type": "Point"}, "properties": {"oid": "7839BG015071"}, "type": "Feature"}, {"geometry": {"coordinates": [12.5778, 48.22045], "type": "Point"}, "properties": {"oid": "7741BG000012"}, "type": "Feature"}, {"geometry": {"coordinates": [11.84688, 48.13296], "type": "Point"}, "properties": {"oid": "7837BG015002"}, "type": "Feature"}, {"geometry": {"coordinates": [12.28961, 48.2381], "type": "Point"}, "properties": {"oid": "7739BG000006"}, "type": "Feature"}, {"geometry": {"coordinates": [12.22087, 48.23326], "type": "Point"}, "properties": {"oid": "7739BG000013"}, "type": "Feature"}, {"geometry": {"coordinates": [12.22878, 48.23228], "type": "Point"}, "properties": {"oid": "7739BG000018"}, "type": "Feature"}, {"geometry": {"coordinates": [10.74724, 49.28603], "type": "Point"}, "properties": {"oid": "6730BG015004"}, "type": "Feature"}, {"geometry": {"coordinates": [12.97322, 48.29774], "type": "Point"}, "properties": {"oid": "7743BG000134"}, "type": "Feature"}, {"geometry": {"coordinates": [11.71839, 49.91385], "type": "Point"}, "properties": {"oid": "6036BG000020"}, "type": "Feature"}, {"geometry": {"coordinates": [11.66316, 49.90768], "type": "Point"}, "properties": {"oid": "6035BG000151"}, "type": "Feature"}, {"geometry": {"coordinates": [12.34068, 49.94923], "type": "Point"}, "properties": {"oid": "6040BG000074"}, "type": "Feature"}, {"geometry": {"coordinates": [10.35649, 49.46646], "type": "Point"}, "properties": {"oid": "6528BG015004"}, "type": "Feature"}, {"geometry": {"coordinates": [12.76864, 48.8617], "type": "Point"}, "properties": {"oid": "7142BG015154"}, "type": "Feature"}, {"geometry": {"coordinates": [10.82024, 48.81336], "type": "Point"}, "properties": {"oid": "7130BG015007"}, "type": "Feature"}, {"geometry": {"coordinates": [11.94317, 48.47114], "type": "Point"}, "properties": {"oid": "7537BG000003"}, "type": "Feature"}, {"geometry": {"coordinates": [12.15831, 47.91837], "type": "Point"}, "properties": {"oid": "8038BG000018"}, "type": "Feature"}, {"geometry": {"coordinates": [13.1695, 48.50319], "type": "Point"}, "properties": {"oid": "7445BG000078"}, "type": "Feature"}, {"geometry": {"coordinates": [12.00019, 49.94152], "type": "Point"}, "properties": {"oid": "6038BG015036"}, "type": "Feature"}, {"geometry": {"coordinates": [11.64899, 49.98037], "type": "Point"}, "properties": {"oid": "6035BG000009"}, "type": "Feature"}, {"geometry": {"coordinates": [11.49704, 50.13269], "type": "Point"}, "properties": {"oid": "5834BG000016"}, "type": "Feature"}, {"geometry": {"coordinates": [12.42422, 47.92696], "type": "Point"}, "properties": {"oid": "8040BG000020"}, "type": "Feature"}, {"geometry": {"coordinates": [12.41929, 47.92087], "type": "Point"}, "properties": {"oid": "8040BG000012"}, "type": "Feature"}, {"geometry": {"coordinates": [11.05301, 49.10098], "type": "Point"}, "properties": {"oid": "6832BG000007"}, "type": "Feature"}, {"geometry": {"coordinates": [12.92821, 48.33548], "type": "Point"}, "properties": {"oid": "7643BG000135"}, "type": "Feature"}, {"geometry": {"coordinates": [12.77521, 48.2702], "type": "Point"}, "properties": {"oid": "7742BG000011"}, "type": "Feature"}, {"geometry": {"coordinates": [13.1323, 48.67291], "type": "Point"}, "properties": {"oid": "7344BG015123"}, "type": "Feature"}, {"geometry": {"coordinates": [12.68687, 48.21384], "type": "Point"}, "properties": {"oid": "7742BG000006"}, "type": "Feature"}, {"geometry": {"coordinates": [12.30454, 48.30416], "type": "Point"}, "properties": {"oid": "7639BG000058"}, "type": "Feature"}, {"geometry": {"coordinates": [12.11784, 50.20784], "type": "Point"}, "properties": {"oid": "5738BG000284"}, "type": "Feature"}, {"geometry": {"coordinates": [12.88386, 48.21481], "type": "Point"}, "properties": {"oid": "7743BG000001"}, "type": "Feature"}, {"geometry": {"coordinates": [9.62275, 50.21889], "type": "Point"}, "properties": {"oid": "5723BG015002"}, "type": "Feature"}, {"geometry": {"coordinates": [11.80787, 49.23056], "type": "Point"}, "properties": {"oid": "6736BG015008"}, "type": "Feature"}, {"geometry": {"coordinates": [12.10033, 49.3861], "type": "Point"}, "properties": {"oid": "6638BG000656"}, "type": "Feature"}, {"geometry": {"coordinates": [12.42234, 48.8595], "type": "Point"}, "properties": {"oid": "7140BG000050"}, "type": "Feature"}, {"geometry": {"coordinates": [12.68939, 48.23392], "type": "Point"}, "properties": {"oid": "7742BG000005"}, "type": "Feature"}, {"geometry": {"coordinates": [11.34896, 49.30474], "type": "Point"}, "properties": {"oid": "6634BG000011"}, "type": "Feature"}, {"geometry": {"coordinates": [13.0163, 48.26149], "type": "Point"}, "properties": {"oid": "7744BG000113"}, "type": "Feature"}, {"geometry": {"coordinates": [11.97509, 49.04544], "type": "Point"}, "properties": {"oid": "6937BG000021"}, "type": "Feature"}, {"geometry": {"coordinates": [12.84986, 48.19715], "type": "Point"}, "properties": {"oid": "7843BG015004"}, "type": "Feature"}, {"geometry": {"coordinates": [13.11249, 48.29014], "type": "Point"}, "properties": {"oid": "7744BG000110"}, "type": "Feature"}, {"geometry": {"coordinates": [10.85036, 48.84995], "type": "Point"}, "properties": {"oid": "7131BG000076"}, "type": "Feature"}, {"geometry": {"coordinates": [12.38532, 48.40731], "type": "Point"}, "properties": {"oid": "7540BG000004"}, "type": "Feature"}, {"geometry": {"coordinates": [13.08291, 48.35733], "type": "Point"}, "properties": {"oid": "7644BG000049"}, "type": "Feature"}, {"geometry": {"coordinates": [12.3947, 48.24057], "type": "Point"}, "properties": {"oid": "7740BG000018"}, "type": "Feature"}, {"geometry": {"coordinates": [12.32651, 49.31544], "type": "Point"}, "properties": {"oid": "6639BG015016"}, "type": "Feature"}, {"geometry": {"coordinates": [12.84864, 48.19351], "type": "Point"}, "properties": {"oid": "7843BG000005"}, "type": "Feature"}, {"geometry": {"coordinates": [12.02592, 48.17865], "type": "Point"}, "properties": {"oid": "7838BG015089"}, "type": "Feature"}, {"geometry": {"coordinates": [11.10845, 49.61919], "type": "Point"}, "properties": {"oid": "6332BG000232"}, "type": "Feature"}, {"geometry": {"coordinates": [11.4445, 49.5114], "type": "Point"}, "properties": {"oid": "6434BG000024"}, "type": "Feature"}, {"geometry": {"coordinates": [11.58562, 47.94314], "type": "Point"}, "properties": {"oid": "8035BG000005"}, "type": "Feature"}, {"geometry": {"coordinates": [11.76286, 49.84517], "type": "Point"}, "properties": {"oid": "6136BG015052"}, "type": "Feature"}, {"geometry": {"coordinates": [11.55957, 48.14009], "type": "Point"}, "properties": {"oid": "7835BG017470"}, "type": "Feature"}, {"geometry": {"coordinates": [11.5796, 50.13594], "type": "Point"}, "properties": {"oid": "5835BG000043"}, "type": "Feature"}, {"geometry": {"coordinates": [10.6019, 48.63434], "type": "Point"}, "properties": {"oid": "7329BG015006"}, "type": "Feature"}, {"geometry": {"coordinates": [12.32518, 47.82268], "type": "Point"}, "properties": {"oid": "8139BG015179"}, "type": "Feature"}, {"geometry": {"coordinates": [11.66188, 49.90156], "type": "Point"}, "properties": {"oid": "6035BG000161"}, "type": "Feature"}, {"geometry": {"coordinates": [11.47619, 48.10894], "type": "Point"}, "properties": {"oid": "7834BG015711"}, "type": "Feature"}, {"geometry": {"coordinates": [11.48879, 48.10396], "type": "Point"}, "properties": {"oid": "7834BG015709"}, "type": "Feature"}, {"geometry": {"coordinates": [11.65773, 49.20546], "type": "Point"}, "properties": {"oid": "6735BG015072"}, "type": "Feature"}, {"geometry": {"coordinates": [11.61296, 48.24883], "type": "Point"}, "properties": {"oid": "7735BG000076"}, "type": "Feature"}, {"geometry": {"coordinates": [11.45145, 48.19345], "type": "Point"}, "properties": {"oid": "7834BG015710"}, "type": "Feature"}, {"geometry": {"coordinates": [10.83286, 48.68882], "type": "Point"}, "properties": {"oid": "7331BG015133"}, "type": "Feature"}, {"geometry": {"coordinates": [11.55558, 48.14654], "type": "Point"}, "properties": {"oid": "7835BG000615"}, "type": "Feature"}, {"geometry": {"coordinates": [11.45836, 48.1544], "type": "Point"}, "properties": {"oid": "7834BG015712"}, "type": "Feature"}, {"geometry": {"coordinates": [11.40066, 48.17456], "type": "Point"}, "properties": {"oid": "7834BG000094"}, "type": "Feature"}, {"geometry": {"coordinates": [11.00227, 49.05213], "type": "Point"}, "properties": {"oid": "6932BG015015"}, "type": "Feature"}, {"geometry": {"coordinates": [11.66348, 48.12544], "type": "Point"}, "properties": {"oid": "7835BG004675"}, "type": "Feature"}, {"geometry": {"coordinates": [13.25224, 48.37275], "type": "Point"}, "properties": {"oid": "7645BG000058"}, "type": "Feature"}, {"geometry": {"coordinates": [11.75898, 49.87745], "type": "Point"}, "properties": {"oid": "6136BG015066"}, "type": "Feature"}, {"geometry": {"coordinates": [12.56276, 48.85223], "type": "Point"}, "properties": {"oid": "7141BG000085"}, "type": "Feature"}, {"geometry": {"coordinates": [11.75086, 49.87846], "type": "Point"}, "properties": {"oid": "6136BG015065"}, "type": "Feature"}, {"geometry": {"coordinates": [11.32783, 47.77657], "type": "Point"}, "properties": {"oid": "8233BG000035"}, "type": "Feature"}, {"geometry": {"coordinates": [11.32475, 47.77709], "type": "Point"}, "properties": {"oid": "8233BG000037"}, "type": "Feature"}, {"geometry": {"coordinates": [11.3233, 47.77457], "type": "Point"}, "properties": {"oid": "8233BG000039"}, "type": "Feature"}, {"geometry": {"coordinates": [11.25567, 47.73727], "type": "Point"}, "properties": {"oid": "8233BG000051"}, "type": "Feature"}, {"geometry": {"coordinates": [12.76376, 48.29276], "type": "Point"}, "properties": {"oid": "7742BG000096"}, "type": "Feature"}, {"geometry": {"coordinates": [12.66662, 48.21162], "type": "Point"}, "properties": {"oid": "7742BG000071"}, "type": "Feature"}, {"geometry": {"coordinates": [13.11123, 48.69641], "type": "Point"}, "properties": {"oid": "7344BG015157"}, "type": "Feature"}, {"geometry": {"coordinates": [12.83489, 47.86488], "type": "Point"}, "properties": {"oid": "8143BG015097"}, "type": "Feature"}, {"geometry": {"coordinates": [10.91865, 49.09706], "type": "Point"}, "properties": {"oid": "6931BG000084"}, "type": "Feature"}, {"geometry": {"coordinates": [10.82539, 47.73868], "type": "Point"}, "properties": {"oid": "8230BG000005"}, "type": "Feature"}, {"geometry": {"coordinates": [11.42555, 49.84705], "type": "Point"}, "properties": {"oid": "6134BG000070"}, "type": "Feature"}, {"geometry": {"coordinates": [13.13476, 48.58305], "type": "Point"}, "properties": {"oid": "7444BG000026"}, "type": "Feature"}, {"geometry": {"coordinates": [11.71451, 48.56365], "type": "Point"}, "properties": {"oid": "7436BG001243"}, "type": "Feature"}, {"geometry": {"coordinates": [11.36905, 47.93167], "type": "Point"}, "properties": {"oid": "8034BG000142"}, "type": "Feature"}, {"geometry": {"coordinates": [11.41745, 47.98301], "type": "Point"}, "properties": {"oid": "8034BG000144"}, "type": "Feature"}, {"geometry": {"coordinates": [11.94681, 48.82386], "type": "Point"}, "properties": {"oid": "7137BG015007"}, "type": "Feature"}, {"geometry": {"coordinates": [11.94196, 48.82407], "type": "Point"}, "properties": {"oid": "7137BG015006"}, "type": "Feature"}, {"geometry": {"coordinates": [12.8648, 48.52946], "type": "Point"}, "properties": {"oid": "7443BG000082"}, "type": "Feature"}, {"geometry": {"coordinates": [10.90391, 47.76635], "type": "Point"}, "properties": {"oid": "8231BG000004"}, "type": "Feature"}, {"geometry": {"coordinates": [10.94549, 47.78508], "type": "Point"}, "properties": {"oid": "8231BG000008"}, "type": "Feature"}, {"geometry": {"coordinates": [10.374, 50.19764], "type": "Point"}, "properties": {"oid": "5828BG015001"}, "type": "Feature"}, {"geometry": {"coordinates": [11.60052, 48.43944], "type": "Point"}, "properties": {"oid": "7535BG000483"}, "type": "Feature"}, {"geometry": {"coordinates": [12.0713, 50.17834], "type": "Point"}, "properties": {"oid": "5838BG000485"}, "type": "Feature"}, {"geometry": {"coordinates": [11.12271, 48.72379], "type": "Point"}, "properties": {"oid": "7232BG000068"}, "type": "Feature"}, {"geometry": {"coordinates": [13.04323, 49.25573], "type": "Point"}, "properties": {"oid": "6744BG000004"}, "type": "Feature"}, {"geometry": {"coordinates": [12.00617, 49.84892], "type": "Point"}, "properties": {"oid": "6138BG000009"}, "type": "Feature"}, {"geometry": {"coordinates": [11.99647, 48.40936], "type": "Point"}, "properties": {"oid": "7537BG000546"}, "type": "Feature"}, {"geometry": {"coordinates": [12.47961, 47.83854], "type": "Point"}, "properties": {"oid": "8140BG015087"}, "type": "Feature"}, {"geometry": {"coordinates": [11.70389, 49.72286], "type": "Point"}, "properties": {"oid": "6236BG000001"}, "type": "Feature"}, {"geometry": {"coordinates": [11.05681, 49.61096], "type": "Point"}, "properties": {"oid": "6332BG015056"}, "type": "Feature"}, {"geometry": {"coordinates": [12.19528, 48.10771], "type": "Point"}, "properties": {"oid": "7839BG015104"}, "type": "Feature"}, {"geometry": {"coordinates": [10.90165, 49.07025], "type": "Point"}, "properties": {"oid": "6931BG015036"}, "type": "Feature"}, {"geometry": {"coordinates": [10.38102, 47.87858], "type": "Point"}, "properties": {"oid": "8128BG015007"}, "type": "Feature"}, {"geometry": {"coordinates": [10.38484, 47.88131], "type": "Point"}, "properties": {"oid": "8128BG015006"}, "type": "Feature"}, {"geometry": {"coordinates": [12.0628, 48.20697], "type": "Point"}, "properties": {"oid": "7738BG000072"}, "type": "Feature"}, {"geometry": {"coordinates": [11.94289, 48.47071], "type": "Point"}, "properties": {"oid": "7537BG000554"}, "type": "Feature"}, {"geometry": {"coordinates": [12.0255, 47.74566], "type": "Point"}, "properties": {"oid": "8238BG000010"}, "type": "Feature"}, {"geometry": {"coordinates": [12.88822, 47.73348], "type": "Point"}, "properties": {"oid": "8243BG000008"}, "type": "Feature"}, {"geometry": {"coordinates": [12.27079, 48.23297], "type": "Point"}, "properties": {"oid": "7739BG015099"}, "type": "Feature"}, {"geometry": {"coordinates": [11.13243, 49.91594], "type": "Point"}, "properties": {"oid": "6032BG000084"}, "type": "Feature"}, {"geometry": {"coordinates": [9.17751, 49.84724], "type": "Point"}, "properties": {"oid": "6121BG000019"}, "type": "Feature"}, {"geometry": {"coordinates": [12.74167, 48.17734], "type": "Point"}, "properties": {"oid": "7842BG000018"}, "type": "Feature"}, {"geometry": {"coordinates": [12.28175, 48.19405], "type": "Point"}, "properties": {"oid": "7839BG015100"}, "type": "Feature"}, {"geometry": {"coordinates": [10.94137, 50.1273], "type": "Point"}, "properties": {"oid": "5831BG000326"}, "type": "Feature"}, {"geometry": {"coordinates": [12.25606, 48.23004], "type": "Point"}, "properties": {"oid": "7739BG000008"}, "type": "Feature"}, {"geometry": {"coordinates": [12.21932, 48.2412], "type": "Point"}, "properties": {"oid": "7739BG000010"}, "type": "Feature"}, {"geometry": {"coordinates": [12.21909, 48.23011], "type": "Point"}, "properties": {"oid": "7739BG000015"}, "type": "Feature"}, {"geometry": {"coordinates": [12.94741, 48.28312], "type": "Point"}, "properties": {"oid": "7743BG000012"}, "type": "Feature"}, {"geometry": {"coordinates": [12.151, 49.34889], "type": "Point"}, "properties": {"oid": "6638BG000685"}, "type": "Feature"}, {"geometry": {"coordinates": [12.08745, 49.19729], "type": "Point"}, "properties": {"oid": "6838BG000260"}, "type": "Feature"}, {"geometry": {"coordinates": [12.32761, 49.40198], "type": "Point"}, "properties": {"oid": "6539BG000016"}, "type": "Feature"}, {"geometry": {"coordinates": [12.45732, 48.92513], "type": "Point"}, "properties": {"oid": "7040BG000075"}, "type": "Feature"}, {"geometry": {"coordinates": [13.21704, 48.40258], "type": "Point"}, "properties": {"oid": "7545BG000008"}, "type": "Feature"}, {"geometry": {"coordinates": [10.98472, 49.61426], "type": "Point"}, "properties": {"oid": "6331BG015208"}, "type": "Feature"}, {"geometry": {"coordinates": [10.98487, 49.61628], "type": "Point"}, "properties": {"oid": "6331BG015209"}, "type": "Feature"}, {"geometry": {"coordinates": [12.08474, 49.19031], "type": "Point"}, "properties": {"oid": "6838BG000258"}, "type": "Feature"}, {"geometry": {"coordinates": [11.76209, 49.5767], "type": "Point"}, "properties": {"oid": "6436BG015003"}, "type": "Feature"}, {"geometry": {"coordinates": [12.09202, 49.19542], "type": "Point"}, "properties": {"oid": "6838BG000257"}, "type": "Feature"}, {"geometry": {"coordinates": [11.45827, 50.16556], "type": "Point"}, "properties": {"oid": "5834BG000017"}, "type": "Feature"}, {"geometry": {"coordinates": [12.01985, 49.63781], "type": "Point"}, "properties": {"oid": "6338BG000031"}, "type": "Feature"}, {"geometry": {"coordinates": [12.00937, 49.84217], "type": "Point"}, "properties": {"oid": "6138BG000012"}, "type": "Feature"}, {"geometry": {"coordinates": [12.01521, 49.84748], "type": "Point"}, "properties": {"oid": "6138BG000013"}, "type": "Feature"}, {"geometry": {"coordinates": [12.28589, 49.72548], "type": "Point"}, "properties": {"oid": "6239BG000002"}, "type": "Feature"}, {"geometry": {"coordinates": [12.71377, 48.79362], "type": "Point"}, "properties": {"oid": "7242BG000020"}, "type": "Feature"}, {"geometry": {"coordinates": [13.11236, 48.32148], "type": "Point"}, "properties": {"oid": "7644BG000011"}, "type": "Feature"}, {"geometry": {"coordinates": [12.45382, 49.91568], "type": "Point"}, "properties": {"oid": "6040BG000033"}, "type": "Feature"}, {"geometry": {"coordinates": [12.17907, 49.94255], "type": "Point"}, "properties": {"oid": "6039BG000638"}, "type": "Feature"}, {"geometry": {"coordinates": [11.48098, 48.64107], "type": "Point"}, "properties": {"oid": "7334BG000530"}, "type": "Feature"}, {"geometry": {"coordinates": [12.10988, 48.17935], "type": "Point"}, "properties": {"oid": "7838BG015100"}, "type": "Feature"}, {"geometry": {"coordinates": [13.09386, 48.31393], "type": "Point"}, "properties": {"oid": "7644BG000003"}, "type": "Feature"}, {"geometry": {"coordinates": [13.07128, 48.31099], "type": "Point"}, "properties": {"oid": "7644BG000009"}, "type": "Feature"}, {"geometry": {"coordinates": [12.69019, 48.8506], "type": "Point"}, "properties": {"oid": "7142BG000005"}, "type": "Feature"}, {"geometry": {"coordinates": [11.92359, 48.33475], "type": "Point"}, "properties": {"oid": "7637BG000010"}, "type": "Feature"}, {"geometry": {"coordinates": [10.48161, 50.30205], "type": "Point"}, "properties": {"oid": "5628BG000014"}, "type": "Feature"}, {"geometry": {"coordinates": [11.46319, 48.61424], "type": "Point"}, "properties": {"oid": "7334BG000425"}, "type": "Feature"}, {"geometry": {"coordinates": [10.33324, 49.46412], "type": "Point"}, "properties": {"oid": "6528BG015003"}, "type": "Feature"}, {"geometry": {"coordinates": [12.0729, 47.94629], "type": "Point"}, "properties": {"oid": "8038BG000003"}, "type": "Feature"}, {"geometry": {"coordinates": [12.2659, 49.67239], "type": "Point"}, "properties": {"oid": "6339BG000020"}, "type": "Feature"}, {"geometry": {"coordinates": [11.98965, 49.73581], "type": "Point"}, "properties": {"oid": "6237BG000029"}, "type": "Feature"}, {"geometry": {"coordinates": [12.99855, 49.21288], "type": "Point"}, "properties": {"oid": "6744BG000003"}, "type": "Feature"}, {"geometry": {"coordinates": [12.81975, 49.25727], "type": "Point"}, "properties": {"oid": "6742BG000091"}, "type": "Feature"}, {"geometry": {"coordinates": [12.73348, 48.21825], "type": "Point"}, "properties": {"oid": "7742BG015358"}, "type": "Feature"}, {"geometry": {"coordinates": [12.95268, 48.29135], "type": "Point"}, "properties": {"oid": "7743BG000016"}, "type": "Feature"}, {"geometry": {"coordinates": [10.48418, 48.85459], "type": "Point"}, "properties": {"oid": "7128BG015004"}, "type": "Feature"}, {"geometry": {"coordinates": [13.07466, 48.37871], "type": "Point"}, "properties": {"oid": "7644BG000018"}, "type": "Feature"}, {"geometry": {"coordinates": [12.01237, 48.13781], "type": "Point"}, "properties": {"oid": "7838BG015060"}, "type": "Feature"}, {"geometry": {"coordinates": [11.21869, 47.78469], "type": "Point"}, "properties": {"oid": "8233BG015009"}, "type": "Feature"}, {"geometry": {"coordinates": [12.77472, 48.16166], "type": "Point"}, "properties": {"oid": "7842BG000013"}, "type": "Feature"}, {"geometry": {"coordinates": [10.82852, 49.06045], "type": "Point"}, "properties": {"oid": "6930BG015022"}, "type": "Feature"}, {"geometry": {"coordinates": [12.8324, 48.78141], "type": "Point"}, "properties": {"oid": "7243BG000194"}, "type": "Feature"}, {"geometry": {"coordinates": [13.25391, 48.38316], "type": "Point"}, "properties": {"oid": "7645BG000057"}, "type": "Feature"}, {"geometry": {"coordinates": [11.43994, 48.00593], "type": "Point"}, "properties": {"oid": "7934BG000038"}, "type": "Feature"}, {"geometry": {"coordinates": [11.97107, 49.04412], "type": "Point"}, "properties": {"oid": "6937BG000022"}, "type": "Feature"}, {"geometry": {"coordinates": [10.97587, 49.26643], "type": "Point"}, "properties": {"oid": "6731BG000035"}, "type": "Feature"}, {"geometry": {"coordinates": [12.41651, 49.46344], "type": "Point"}, "properties": {"oid": "6540BG000066"}, "type": "Feature"}, {"geometry": {"coordinates": [11.80801, 48.01403], "type": "Point"}, "properties": {"oid": "7936BG000014"}, "type": "Feature"}, {"geometry": {"coordinates": [11.26153, 50.47547], "type": "Point"}, "properties": {"oid": "5533BG000043"}, "type": "Feature"}, {"geometry": {"coordinates": [12.35651, 50.01226], "type": "Point"}, "properties": {"oid": "5940BG000002"}, "type": "Feature"}, {"geometry": {"coordinates": [10.37726, 49.03523], "type": "Point"}, "properties": {"oid": "6928BG000003"}, "type": "Feature"}, {"geometry": {"coordinates": [12.52057, 48.92786], "type": "Point"}, "properties": {"oid": "7041BG000005"}, "type": "Feature"}, {"geometry": {"coordinates": [9.20386, 49.78443], "type": "Point"}, "properties": {"oid": "6221BG015001"}, "type": "Feature"}, {"geometry": {"coordinates": [11.00592, 48.69695], "type": "Point"}, "properties": {"oid": "7332BG000206"}, "type": "Feature"}, {"geometry": {"coordinates": [12.2896, 48.61717], "type": "Point"}, "properties": {"oid": "7339BG000633"}, "type": "Feature"}, {"geometry": {"coordinates": [12.50928, 47.83282], "type": "Point"}, "properties": {"oid": "8141BG015213"}, "type": "Feature"}, {"geometry": {"coordinates": [12.50793, 47.83317], "type": "Point"}, "properties": {"oid": "8141BG015212"}, "type": "Feature"}, {"geometry": {"coordinates": [9.95966, 49.94975], "type": "Point"}, "properties": {"oid": "6025BG000007"}, "type": "Feature"}, {"geometry": {"coordinates": [13.05682, 48.43622], "type": "Point"}, "properties": {"oid": "7544BG000126"}, "type": "Feature"}, {"geometry": {"coordinates": [10.96642, 48.92357], "type": "Point"}, "properties": {"oid": "7031BG000006"}, "type": "Feature"}, {"geometry": {"coordinates": [13.01723, 48.5248], "type": "Point"}, "properties": {"oid": "7444BG000088"}, "type": "Feature"}, {"geometry": {"coordinates": [10.26164, 50.39277], "type": "Point"}, "properties": {"oid": "5627BG000029"}, "type": "Feature"}, {"geometry": {"coordinates": [12.35213, 49.35195], "type": "Point"}, "properties": {"oid": "6640BG000003"}, "type": "Feature"}, {"geometry": {"coordinates": [12.36349, 49.5681], "type": "Point"}, "properties": {"oid": "6440BG000003"}, "type": "Feature"}, {"geometry": {"coordinates": [12.15653, 49.62841], "type": "Point"}, "properties": {"oid": "6338BG000496"}, "type": "Feature"}, {"geometry": {"coordinates": [12.5052, 48.1258], "type": "Point"}, "properties": {"oid": "7841BG015147"}, "type": "Feature"}, {"geometry": {"coordinates": [10.98133, 50.17832], "type": "Point"}, "properties": {"oid": "5831BG000343"}, "type": "Feature"}, {"geometry": {"coordinates": [12.25845, 48.46479], "type": "Point"}, "properties": {"oid": "7539BG000005"}, "type": "Feature"}, {"geometry": {"coordinates": [12.47831, 47.79889], "type": "Point"}, "properties": {"oid": "8240BG000002"}, "type": "Feature"}, {"geometry": {"coordinates": [12.9943, 48.4372], "type": "Point"}, "properties": {"oid": "7543BG000098"}, "type": "Feature"}, {"geometry": {"coordinates": [11.76837, 49.8566], "type": "Point"}, "properties": {"oid": "6136BG015050"}, "type": "Feature"}, {"geometry": {"coordinates": [10.5949, 49.03297], "type": "Point"}, "properties": {"oid": "6929BG015005"}, "type": "Feature"}, {"geometry": {"coordinates": [10.74765, 48.74717], "type": "Point"}, "properties": {"oid": "7230BG015028"}, "type": "Feature"}, {"geometry": {"coordinates": [10.99025, 49.05259], "type": "Point"}, "properties": {"oid": "6931BG015004"}, "type": "Feature"}, {"geometry": {"coordinates": [12.29046, 49.72421], "type": "Point"}, "properties": {"oid": "6239BG000001"}, "type": "Feature"}, {"geometry": {"coordinates": [11.63382, 49.23324], "type": "Point"}, "properties": {"oid": "6735BG000002"}, "type": "Feature"}, {"geometry": {"coordinates": [12.68548, 47.93077], "type": "Point"}, "properties": {"oid": "8042BG000004"}, "type": "Feature"}, {"geometry": {"coordinates": [11.78091, 48.85682], "type": "Point"}, "properties": {"oid": "7136BG000257"}, "type": "Feature"}, {"geometry": {"coordinates": [12.5105, 49.24124], "type": "Point"}, "properties": {"oid": "6741BG000048"}, "type": "Feature"}, {"geometry": {"coordinates": [12.6875, 48.25367], "type": "Point"}, "properties": {"oid": "7742BG000074"}, "type": "Feature"}, {"geometry": {"coordinates": [12.20862, 49.94619], "type": "Point"}, "properties": {"oid": "6039BG000637"}, "type": "Feature"}, {"geometry": {"coordinates": [11.51961, 50.05994], "type": "Point"}, "properties": {"oid": "5935BG000032"}, "type": "Feature"}, {"geometry": {"coordinates": [11.42568, 47.55278], "type": "Point"}, "properties": {"oid": "8434BG015013"}, "type": "Feature"}, {"geometry": {"coordinates": [12.71636, 48.26627], "type": "Point"}, "properties": {"oid": "7742BG000075"}, "type": "Feature"}, {"geometry": {"coordinates": [12.20846, 49.94169], "type": "Point"}, "properties": {"oid": "6039BG000462"}, "type": "Feature"}, {"geometry": {"coordinates": [12.78162, 48.29732], "type": "Point"}, "properties": {"oid": "7742BG000078"}, "type": "Feature"}, {"geometry": {"coordinates": [10.83025, 49.95756], "type": "Point"}, "properties": {"oid": "6030BG000250"}, "type": "Feature"}, {"geometry": {"coordinates": [10.97574, 49.62366], "type": "Point"}, "properties": {"oid": "6331BG000042"}, "type": "Feature"}, {"geometry": {"coordinates": [10.79575, 50.08743], "type": "Point"}, "properties": {"oid": "5930BG000028"}, "type": "Feature"}, {"geometry": {"coordinates": [11.40829, 47.55162], "type": "Point"}, "properties": {"oid": "8434BG015011"}, "type": "Feature"}, {"geometry": {"coordinates": [10.86381, 50.03742], "type": "Point"}, "properties": {"oid": "5931BG000441"}, "type": "Feature"}, {"geometry": {"coordinates": [11.63903, 48.49815], "type": "Point"}, "properties": {"oid": "7535BG000035"}, "type": "Feature"}, {"geometry": {"coordinates": [10.58442, 49.02623], "type": "Point"}, "properties": {"oid": "6929BG015007"}, "type": "Feature"}, {"geometry": {"coordinates": [11.0055, 50.31574], "type": "Point"}, "properties": {"oid": "5632BG015011"}, "type": "Feature"}, {"geometry": {"coordinates": [12.67411, 48.10777], "type": "Point"}, "properties": {"oid": "7842BG000005"}, "type": "Feature"}, {"geometry": {"coordinates": [12.42632, 48.24579], "type": "Point"}, "properties": {"oid": "7740BG000010"}, "type": "Feature"}, {"geometry": {"coordinates": [10.51491, 48.61092], "type": "Point"}, "properties": {"oid": "7329BG015003"}, "type": "Feature"}, {"geometry": {"coordinates": [10.52599, 49.00234], "type": "Point"}, "properties": {"oid": "6929BG015001"}, "type": "Feature"}, {"geometry": {"coordinates": [10.54602, 49.0096], "type": "Point"}, "properties": {"oid": "6929BG015002"}, "type": "Feature"}, {"geometry": {"coordinates": [11.21874, 49.0901], "type": "Point"}, "properties": {"oid": "6933BG000074"}, "type": "Feature"}, {"geometry": {"coordinates": [13.19124, 48.33194], "type": "Point"}, "properties": {"oid": "7645BG000070"}, "type": "Feature"}, {"geometry": {"coordinates": [11.86514, 47.86463], "type": "Point"}, "properties": {"oid": "8137BG015233"}, "type": "Feature"}, {"geometry": {"coordinates": [10.32688, 50.02795], "type": "Point"}, "properties": {"oid": "5927BG015009"}, "type": "Feature"}, {"geometry": {"coordinates": [12.65589, 48.29311], "type": "Point"}, "properties": {"oid": "7741BG000030"}, "type": "Feature"}, {"geometry": {"coordinates": [10.97871, 49.62605], "type": "Point"}, "properties": {"oid": "6331BG000041"}, "type": "Feature"}, {"geometry": {"coordinates": [10.89819, 50.25474], "type": "Point"}, "properties": {"oid": "5731BG015045"}, "type": "Feature"}, {"geometry": {"coordinates": [10.31044, 49.46825], "type": "Point"}, "properties": {"oid": "6527BG000048"}, "type": "Feature"}, {"geometry": {"coordinates": [10.10715, 49.95904], "type": "Point"}, "properties": {"oid": "6026BG000030"}, "type": "Feature"}, {"geometry": {"coordinates": [12.09296, 49.86623], "type": "Point"}, "properties": {"oid": "6138BG015117"}, "type": "Feature"}, {"geometry": {"coordinates": [11.00499, 48.88331], "type": "Point"}, "properties": {"oid": "7132BG000008"}, "type": "Feature"}, {"geometry": {"coordinates": [11.27851, 50.29925], "type": "Point"}, "properties": {"oid": "5633BG000017"}, "type": "Feature"}, {"geometry": {"coordinates": [11.66026, 49.90403], "type": "Point"}, "properties": {"oid": "6035BG000162"}, "type": "Feature"}, {"geometry": {"coordinates": [11.30718, 47.68344], "type": "Point"}, "properties": {"oid": "8333BG000010"}, "type": "Feature"}, {"geometry": {"coordinates": [11.75471, 47.75672], "type": "Point"}, "properties": {"oid": "8236BG000003"}, "type": "Feature"}, {"geometry": {"coordinates": [11.72829, 49.55778], "type": "Point"}, "properties": {"oid": "6436BG015016"}, "type": "Feature"}, {"geometry": {"coordinates": [10.17062, 49.75981], "type": "Point"}, "properties": {"oid": "6227BG015001"}, "type": "Feature"}, {"geometry": {"coordinates": [12.70375, 48.63708], "type": "Point"}, "properties": {"oid": "7342BG000711"}, "type": "Feature"}, {"geometry": {"coordinates": [12.46052, 49.82957], "type": "Point"}, "properties": {"oid": "6140BG000035"}, "type": "Feature"}, {"geometry": {"coordinates": [11.01009, 50.26159], "type": "Point"}, "properties": {"oid": "5732BG000108"}, "type": "Feature"}, {"geometry": {"coordinates": [12.35092, 49.35396], "type": "Point"}, "properties": {"oid": "6640BG000004"}, "type": "Feature"}, {"geometry": {"coordinates": [11.66746, 50.09177], "type": "Point"}, "properties": {"oid": "5936BG000164"}, "type": "Feature"}, {"geometry": {"coordinates": [12.88593, 48.79315], "type": "Point"}, "properties": {"oid": "7243BG000130"}, "type": "Feature"}, {"geometry": {"coordinates": [12.69204, 48.27123], "type": "Point"}, "properties": {"oid": "7742BG015140"}, "type": "Feature"}, {"geometry": {"coordinates": [10.8121, 50.0766], "type": "Point"}, "properties": {"oid": "5930BG000005"}, "type": "Feature"}, {"geometry": {"coordinates": [10.85951, 50.06565], "type": "Point"}, "properties": {"oid": "5931BG000301"}, "type": "Feature"}, {"geometry": {"coordinates": [11.58054, 48.2723], "type": "Point"}, "properties": {"oid": "7735BG015012"}, "type": "Feature"}, {"geometry": {"coordinates": [12.47036, 48.91888], "type": "Point"}, "properties": {"oid": "7040BG015143"}, "type": "Feature"}, {"geometry": {"coordinates": [11.2115, 50.17565], "type": "Point"}, "properties": {"oid": "5833BG000098"}, "type": "Feature"}, {"geometry": {"coordinates": [11.71612, 48.13471], "type": "Point"}, "properties": {"oid": "7836BG015005"}, "type": "Feature"}, {"geometry": {"coordinates": [12.98396, 48.5857], "type": "Point"}, "properties": {"oid": "7443BG000032"}, "type": "Feature"}, {"geometry": {"coordinates": [10.60902, 48.72074], "type": "Point"}, "properties": {"oid": "7229BG000012"}, "type": "Feature"}, {"geometry": {"coordinates": [11.79353, 50.35677], "type": "Point"}, "properties": {"oid": "5636BG015009"}, "type": "Feature"}, {"geometry": {"coordinates": [11.87925, 48.50801], "type": "Point"}, "properties": {"oid": "7437BG000058"}, "type": "Feature"}, {"geometry": {"coordinates": [12.00794, 49.66946], "type": "Point"}, "properties": {"oid": "6338BG000032"}, "type": "Feature"}, {"geometry": {"coordinates": [11.92644, 50.38459], "type": "Point"}, "properties": {"oid": "5637BG000288"}, "type": "Feature"}, {"geometry": {"coordinates": [12.9411, 48.2481], "type": "Point"}, "properties": {"oid": "7743BG015191"}, "type": "Feature"}, {"geometry": {"coordinates": [13.07738, 48.51719], "type": "Point"}, "properties": {"oid": "7444BG000001"}, "type": "Feature"}, {"geometry": {"coordinates": [11.71592, 48.13467], "type": "Point"}, "properties": {"oid": "7836BG015004"}, "type": "Feature"}, {"geometry": {"coordinates": [11.64019, 49.66733], "type": "Point"}, "properties": {"oid": "6335BG000201"}, "type": "Feature"}, {"geometry": {"coordinates": [13.18423, 48.42014], "type": "Point"}, "properties": {"oid": "7545BG000051"}, "type": "Feature"}, {"geometry": {"coordinates": [12.29351, 48.2487], "type": "Point"}, "properties": {"oid": "7739BG015015"}, "type": "Feature"}, {"geometry": {"coordinates": [11.26289, 50.30185], "type": "Point"}, "properties": {"oid": "5633BG000019"}, "type": "Feature"}, {"geometry": {"coordinates": [10.14218, 50.24311], "type": "Point"}, "properties": {"oid": "5726BG000001"}, "type": "Feature"}, {"geometry": {"coordinates": [13.0391, 48.29955], "type": "Point"}, "properties": {"oid": "7644BG000047"}, "type": "Feature"}, {"geometry": {"coordinates": [12.98624, 48.39982], "type": "Point"}, "properties": {"oid": "7543BG015307"}, "type": "Feature"}, {"geometry": {"coordinates": [12.1476, 48.35542], "type": "Point"}, "properties": {"oid": "7638BG000054"}, "type": "Feature"}, {"geometry": {"coordinates": [11.02776, 50.2959], "type": "Point"}, "properties": {"oid": "5732BG000114"}, "type": "Feature"}, {"geometry": {"coordinates": [12.96414, 47.80293], "type": "Point"}, "properties": {"oid": "8143BG015076"}, "type": "Feature"}, {"geometry": {"coordinates": [12.33937, 48.59498], "type": "Point"}, "properties": {"oid": "7440BG000082"}, "type": "Feature"}, {"geometry": {"coordinates": [12.87186, 47.72023], "type": "Point"}, "properties": {"oid": "8243BG000028"}, "type": "Feature"}, {"geometry": {"coordinates": [12.70033, 48.85503], "type": "Point"}, "properties": {"oid": "7142BG015155"}, "type": "Feature"}, {"geometry": {"coordinates": [11.9716, 49.42504], "type": "Point"}, "properties": {"oid": "6537BG015146"}, "type": "Feature"}, {"geometry": {"coordinates": [10.11463, 50.10069], "type": "Point"}, "properties": {"oid": "5826BG015007"}, "type": "Feature"}, {"geometry": {"coordinates": [13.25173, 48.3765], "type": "Point"}, "properties": {"oid": "7645BG000059"}, "type": "Feature"}, {"geometry": {"coordinates": [11.85946, 47.85489], "type": "Point"}, "properties": {"oid": "8137BG015237"}, "type": "Feature"}, {"geometry": {"coordinates": [10.35389, 49.23719], "type": "Point"}, "properties": {"oid": "6728BG000001"}, "type": "Feature"}, {"geometry": {"coordinates": [11.43979, 48.76174], "type": "Point"}, "properties": {"oid": "7234BG003072"}, "type": "Feature"}, {"geometry": {"coordinates": [12.19656, 47.7552], "type": "Point"}, "properties": {"oid": "8239BG000007"}, "type": "Feature"}, {"geometry": {"coordinates": [10.99836, 47.77292], "type": "Point"}, "properties": {"oid": "8231BG000006"}, "type": "Feature"}, {"geometry": {"coordinates": [12.7472, 48.1501], "type": "Point"}, "properties": {"oid": "7842BG000072"}, "type": "Feature"}, {"geometry": {"coordinates": [12.96102, 48.50208], "type": "Point"}, "properties": {"oid": "7443BG000096"}, "type": "Feature"}, {"geometry": {"coordinates": [12.45303, 48.06531], "type": "Point"}, "properties": {"oid": "7940BG015119"}, "type": "Feature"}, {"geometry": {"coordinates": [13.10436, 48.4878], "type": "Point"}, "properties": {"oid": "7544BG000128"}, "type": "Feature"}, {"geometry": {"coordinates": [11.27158, 48.57978], "type": "Point"}, "properties": {"oid": "7433BG000367"}, "type": "Feature"}, {"geometry": {"coordinates": [12.28235, 47.90162], "type": "Point"}, "properties": {"oid": "8039BG000008"}, "type": "Feature"}, {"geometry": {"coordinates": [12.50326, 49.23175], "type": "Point"}, "properties": {"oid": "6741BG000001"}, "type": "Feature"}, {"geometry": {"coordinates": [11.26611, 50.30259], "type": "Point"}, "properties": {"oid": "5633BG000018"}, "type": "Feature"}, {"geometry": {"coordinates": [12.58165, 48.90299], "type": "Point"}, "properties": {"oid": "7041BG000006"}, "type": "Feature"}, {"geometry": {"coordinates": [13.3769, 48.54963], "type": "Point"}, "properties": {"oid": "7446BG015697"}, "type": "Feature"}, {"geometry": {"coordinates": [10.41144, 48.69518], "type": "Point"}, "properties": {"oid": "7328BG000003"}, "type": "Feature"}, {"geometry": {"coordinates": [10.77188, 48.80769], "type": "Point"}, "properties": {"oid": "7130BG000012"}, "type": "Feature"}, {"geometry": {"coordinates": [10.50862, 48.84118], "type": "Point"}, "properties": {"oid": "7129BG015012"}, "type": "Feature"}, {"geometry": {"coordinates": [10.96728, 47.91568], "type": "Point"}, "properties": {"oid": "8031BG015027"}, "type": "Feature"}, {"geometry": {"coordinates": [10.95286, 47.95103], "type": "Point"}, "properties": {"oid": "8031BG015028"}, "type": "Feature"}, {"geometry": {"coordinates": [10.91241, 47.95439], "type": "Point"}, "properties": {"oid": "8031BG015014"}, "type": "Feature"}, {"geometry": {"coordinates": [10.96324, 47.97647], "type": "Point"}, "properties": {"oid": "8031BG015016"}, "type": "Feature"}, {"geometry": {"coordinates": [10.94535, 47.99209], "type": "Point"}, "properties": {"oid": "8031BG015019"}, "type": "Feature"}, {"geometry": {"coordinates": [10.95111, 47.90124], "type": "Point"}, "properties": {"oid": "8031BG015020"}, "type": "Feature"}, {"geometry": {"coordinates": [10.97545, 47.94633], "type": "Point"}, "properties": {"oid": "8031BG015021"}, "type": "Feature"}, {"geometry": {"coordinates": [10.90595, 47.94398], "type": "Point"}, "properties": {"oid": "8031BG015023"}, "type": "Feature"}, {"geometry": {"coordinates": [13.18424, 48.40694], "type": "Point"}, "properties": {"oid": "7545BG000031"}, "type": "Feature"}, {"geometry": {"coordinates": [13.18443, 48.40698], "type": "Point"}, "properties": {"oid": "7545BG000044"}, "type": "Feature"}, {"geometry": {"coordinates": [10.53311, 48.88425], "type": "Point"}, "properties": {"oid": "7129BG000022"}, "type": "Feature"}, {"geometry": {"coordinates": [10.91984, 48.8735], "type": "Point"}, "properties": {"oid": "7131BG000047"}, "type": "Feature"}, {"geometry": {"coordinates": [10.95087, 47.76907], "type": "Point"}, "properties": {"oid": "8231BG000001"}, "type": "Feature"}, {"geometry": {"coordinates": [11.86873, 48.27448], "type": "Point"}, "properties": {"oid": "7737BG000055"}, "type": "Feature"}, {"geometry": {"coordinates": [11.15585, 47.62735], "type": "Point"}, "properties": {"oid": "8332BG000014"}, "type": "Feature"}, {"geometry": {"coordinates": [12.3017, 47.93273], "type": "Point"}, "properties": {"oid": "8039BG000005"}, "type": "Feature"}, {"geometry": {"coordinates": [10.72162, 48.95583], "type": "Point"}, "properties": {"oid": "7030BG000007"}, "type": "Feature"}, {"geometry": {"coordinates": [11.19947, 48.305], "type": "Point"}, "properties": {"oid": "7633BG015004"}, "type": "Feature"}, {"geometry": {"coordinates": [11.34011, 49.59637], "type": "Point"}, "properties": {"oid": "6434BG015002"}, "type": "Feature"}, {"geometry": {"coordinates": [12.79244, 48.38232], "type": "Point"}, "properties": {"oid": "7642BG000098"}, "type": "Feature"}, {"geometry": {"coordinates": [12.46362, 48.21403], "type": "Point"}, "properties": {"oid": "7740BG000048"}, "type": "Feature"}, {"geometry": {"coordinates": [12.28293, 49.41435], "type": "Point"}, "properties": {"oid": "6539BG000007"}, "type": "Feature"}, {"geometry": {"coordinates": [11.12614, 47.77961], "type": "Point"}, "properties": {"oid": "8232BG000002"}, "type": "Feature"}, {"geometry": {"coordinates": [11.91941, 48.30703], "type": "Point"}, "properties": {"oid": "7637BG015057"}, "type": "Feature"}, {"geometry": {"coordinates": [11.02, 48.9449], "type": "Point"}, "properties": {"oid": "7032BG000038"}, "type": "Feature"}, {"geometry": {"coordinates": [10.69852, 49.99149], "type": "Point"}, "properties": {"oid": "6030BG000251"}, "type": "Feature"}, {"geometry": {"coordinates": [11.40575, 50.07841], "type": "Point"}, "properties": {"oid": "5934BG015025"}, "type": "Feature"}, {"geometry": {"coordinates": [9.55301, 49.89585], "type": "Point"}, "properties": {"oid": "6123BG000026"}, "type": "Feature"}, {"geometry": {"coordinates": [11.74661, 50.39269], "type": "Point"}, "properties": {"oid": "5636BG000182"}, "type": "Feature"}, {"geometry": {"coordinates": [12.55958, 48.85616], "type": "Point"}, "properties": {"oid": "7141BG000015"}, "type": "Feature"}, {"geometry": {"coordinates": [10.98909, 48.93029], "type": "Point"}, "properties": {"oid": "7031BG000048"}, "type": "Feature"}, {"geometry": {"coordinates": [10.4244, 48.74723], "type": "Point"}, "properties": {"oid": "7228BG015001"}, "type": "Feature"}, {"geometry": {"coordinates": [11.63969, 50.299], "type": "Point"}, "properties": {"oid": "5635BG000122"}, "type": "Feature"}, {"geometry": {"coordinates": [11.63477, 50.36413], "type": "Point"}, "properties": {"oid": "5635BG015004"}, "type": "Feature"}, {"geometry": {"coordinates": [13.25774, 48.39552], "type": "Point"}, "properties": {"oid": "7645BG000063"}, "type": "Feature"}, {"geometry": {"coordinates": [12.52292, 48.35068], "type": "Point"}, "properties": {"oid": "7641BG000002"}, "type": "Feature"}, {"geometry": {"coordinates": [10.08535, 49.65446], "type": "Point"}, "properties": {"oid": "6326BG000295"}, "type": "Feature"}, {"geometry": {"coordinates": [11.02143, 50.32771], "type": "Point"}, "properties": {"oid": "5632BG000189"}, "type": "Feature"}, {"geometry": {"coordinates": [11.90064, 49.9536], "type": "Point"}, "properties": {"oid": "6037BG000097"}, "type": "Feature"}, {"geometry": {"coordinates": [12.6213, 48.88853], "type": "Point"}, "properties": {"oid": "7141BG015159"}, "type": "Feature"}, {"geometry": {"coordinates": [12.5706, 48.85467], "type": "Point"}, "properties": {"oid": "7141BG000030"}, "type": "Feature"}, {"geometry": {"coordinates": [11.74395, 48.5693], "type": "Point"}, "properties": {"oid": "7436BG001270"}, "type": "Feature"}, {"geometry": {"coordinates": [11.85812, 47.92303], "type": "Point"}, "properties": {"oid": "8037BG015046"}, "type": "Feature"}, {"geometry": {"coordinates": [13.0573, 48.76165], "type": "Point"}, "properties": {"oid": "7244BG015522"}, "type": "Feature"}, {"geometry": {"coordinates": [11.21783, 49.28867], "type": "Point"}, "properties": {"oid": "6733BG015008"}, "type": "Feature"}, {"geometry": {"coordinates": [12.89153, 48.2895], "type": "Point"}, "properties": {"oid": "7743BG000085"}, "type": "Feature"}, {"geometry": {"coordinates": [10.35322, 49.23747], "type": "Point"}, "properties": {"oid": "6728BG000002"}, "type": "Feature"}, {"geometry": {"coordinates": [13.20254, 48.35448], "type": "Point"}, "properties": {"oid": "7645BG015133"}, "type": "Feature"}, {"geometry": {"coordinates": [13.26832, 48.34644], "type": "Point"}, "properties": {"oid": "7645BG000048"}, "type": "Feature"}, {"geometry": {"coordinates": [13.01033, 48.25707], "type": "Point"}, "properties": {"oid": "7744BG000109"}, "type": "Feature"}, {"geometry": {"coordinates": [10.23887, 49.74193], "type": "Point"}, "properties": {"oid": "6227BG015007"}, "type": "Feature"}, {"geometry": {"coordinates": [11.29991, 50.30415], "type": "Point"}, "properties": {"oid": "5633BG000014"}, "type": "Feature"}, {"geometry": {"coordinates": [10.99362, 47.96212], "type": "Point"}, "properties": {"oid": "8031BG015012"}, "type": "Feature"}, {"geometry": {"coordinates": [13.26006, 48.39234], "type": "Point"}, "properties": {"oid": "7645BG000065"}, "type": "Feature"}, {"geometry": {"coordinates": [10.38704, 48.42091], "type": "Point"}, "properties": {"oid": "7528BG015012"}, "type": "Feature"}, {"geometry": {"coordinates": [12.13955, 48.52651], "type": "Point"}, "properties": {"oid": "7438BG001887"}, "type": "Feature"}, {"geometry": {"coordinates": [10.60986, 49.0396], "type": "Point"}, "properties": {"oid": "6929BG000038"}, "type": "Feature"}, {"geometry": {"coordinates": [11.0331, 48.6536], "type": "Point"}, "properties": {"oid": "7332BG000212"}, "type": "Feature"}, {"geometry": {"coordinates": [11.06868, 48.6008], "type": "Point"}, "properties": {"oid": "7332BG000020"}, "type": "Feature"}, {"geometry": {"coordinates": [10.07652, 49.66032], "type": "Point"}, "properties": {"oid": "6326BG000303"}, "type": "Feature"}, {"geometry": {"coordinates": [10.18032, 50.35088], "type": "Point"}, "properties": {"oid": "5627BG000031"}, "type": "Feature"}, {"geometry": {"coordinates": [12.80298, 48.90868], "type": "Point"}, "properties": {"oid": "7042BG000014"}, "type": "Feature"}, {"geometry": {"coordinates": [12.67393, 48.90842], "type": "Point"}, "properties": {"oid": "7042BG000016"}, "type": "Feature"}, {"geometry": {"coordinates": [12.78974, 48.00624], "type": "Point"}, "properties": {"oid": "7942BG000011"}, "type": "Feature"}, {"geometry": {"coordinates": [12.79338, 48.00297], "type": "Point"}, "properties": {"oid": "7942BG000012"}, "type": "Feature"}, {"geometry": {"coordinates": [11.24692, 48.40552], "type": "Point"}, "properties": {"oid": "7533BG000205"}, "type": "Feature"}, {"geometry": {"coordinates": [11.5926, 49.64827], "type": "Point"}, "properties": {"oid": "6335BG000175"}, "type": "Feature"}, {"geometry": {"coordinates": [11.78183, 47.94111], "type": "Point"}, "properties": {"oid": "8036BG000005"}, "type": "Feature"}, {"geometry": {"coordinates": [12.17676, 47.89943], "type": "Point"}, "properties": {"oid": "8039BG000013"}, "type": "Feature"}, {"geometry": {"coordinates": [12.1392, 48.53451], "type": "Point"}, "properties": {"oid": "7438BG001620"}, "type": "Feature"}, {"geometry": {"coordinates": [10.50408, 48.58379], "type": "Point"}, "properties": {"oid": "7429BG015002"}, "type": "Feature"}, {"geometry": {"coordinates": [10.34852, 48.61108], "type": "Point"}, "properties": {"oid": "7328BG000002"}, "type": "Feature"}, {"geometry": {"coordinates": [12.94394, 48.77287], "type": "Point"}, "properties": {"oid": "7243BG000200"}, "type": "Feature"}, {"geometry": {"coordinates": [12.08386, 47.96269], "type": "Point"}, "properties": {"oid": "8038BG015001"}, "type": "Feature"}, {"geometry": {"coordinates": [11.80702, 48.01257], "type": "Point"}, "properties": {"oid": "7936BG015001"}, "type": "Feature"}, {"geometry": {"coordinates": [13.27578, 48.35882], "type": "Point"}, "properties": {"oid": "7645BG000009"}, "type": "Feature"}, {"geometry": {"coordinates": [11.60642, 50.28635], "type": "Point"}, "properties": {"oid": "5735BG000070"}, "type": "Feature"}, {"geometry": {"coordinates": [11.29873, 50.30805], "type": "Point"}, "properties": {"oid": "5633BG000015"}, "type": "Feature"}, {"geometry": {"coordinates": [11.40831, 47.54964], "type": "Point"}, "properties": {"oid": "8434BG015009"}, "type": "Feature"}, {"geometry": {"coordinates": [12.45314, 48.15327], "type": "Point"}, "properties": {"oid": "7840BG015188"}, "type": "Feature"}, {"geometry": {"coordinates": [12.73071, 48.83546], "type": "Point"}, "properties": {"oid": "7142BG015156"}, "type": "Feature"}, {"geometry": {"coordinates": [12.84487, 48.19336], "type": "Point"}, "properties": {"oid": "7843BG000003"}, "type": "Feature"}, {"geometry": {"coordinates": [13.03201, 48.42797], "type": "Point"}, "properties": {"oid": "7544BG000090"}, "type": "Feature"}, {"geometry": {"coordinates": [12.62982, 48.88844], "type": "Point"}, "properties": {"oid": "7141BG015214"}, "type": "Feature"}, {"geometry": {"coordinates": [10.79783, 49.18679], "type": "Point"}, "properties": {"oid": "6830BG015109"}, "type": "Feature"}, {"geometry": {"coordinates": [11.30234, 50.30151], "type": "Point"}, "properties": {"oid": "5633BG000013"}, "type": "Feature"}, {"geometry": {"coordinates": [10.71448, 49.11621], "type": "Point"}, "properties": {"oid": "6830BG000072"}, "type": "Feature"}, {"geometry": {"coordinates": [11.01073, 49.3304], "type": "Point"}, "properties": {"oid": "6632BG000120"}, "type": "Feature"}, {"geometry": {"coordinates": [12.08557, 48.12864], "type": "Point"}, "properties": {"oid": "7838BG000012"}, "type": "Feature"}, {"geometry": {"coordinates": [11.66952, 50.29997], "type": "Point"}, "properties": {"oid": "5636BG000163"}, "type": "Feature"}, {"geometry": {"coordinates": [10.20167, 49.747], "type": "Point"}, "properties": {"oid": "6227BG015006"}, "type": "Feature"}, {"geometry": {"coordinates": [10.75052, 49.82492], "type": "Point"}, "properties": {"oid": "6130BG000022"}, "type": "Feature"}, {"geometry": {"coordinates": [11.30479, 50.30669], "type": "Point"}, "properties": {"oid": "5633BG000021"}, "type": "Feature"}, {"geometry": {"coordinates": [12.1118, 47.90806], "type": "Point"}, "properties": {"oid": "8038BG000019"}, "type": "Feature"}, {"geometry": {"coordinates": [12.39189, 48.05386], "type": "Point"}, "properties": {"oid": "7940BG015084"}, "type": "Feature"}, {"geometry": {"coordinates": [12.84229, 47.73478], "type": "Point"}, "properties": {"oid": "8243BG015080"}, "type": "Feature"}, {"geometry": {"coordinates": [12.08453, 48.12363], "type": "Point"}, "properties": {"oid": "7838BG000009"}, "type": "Feature"}, {"geometry": {"coordinates": [12.6191, 48.00881], "type": "Point"}, "properties": {"oid": "7941BG015001"}, "type": "Feature"}, {"geometry": {"coordinates": [10.9173, 50.30256], "type": "Point"}, "properties": {"oid": "5631BG000012"}, "type": "Feature"}, {"geometry": {"coordinates": [13.19262, 48.36322], "type": "Point"}, "properties": {"oid": "7645BG000034"}, "type": "Feature"}, {"geometry": {"coordinates": [11.70846, 47.99815], "type": "Point"}, "properties": {"oid": "8036BG000003"}, "type": "Feature"}, {"geometry": {"coordinates": [11.78439, 48.35878], "type": "Point"}, "properties": {"oid": "7636BG015359"}, "type": "Feature"}, {"geometry": {"coordinates": [13.27698, 48.35838], "type": "Point"}, "properties": {"oid": "7645BG000027"}, "type": "Feature"}, {"geometry": {"coordinates": [11.08941, 49.68836], "type": "Point"}, "properties": {"oid": "6332BG000332"}, "type": "Feature"}, {"geometry": {"coordinates": [11.02279, 49.62407], "type": "Point"}, "properties": {"oid": "6332BG015003"}, "type": "Feature"}, {"geometry": {"coordinates": [12.126, 50.21147], "type": "Point"}, "properties": {"oid": "5738BG015078"}, "type": "Feature"}, {"geometry": {"coordinates": [12.19541, 48.17341], "type": "Point"}, "properties": {"oid": "7839BG000002"}, "type": "Feature"}, {"geometry": {"coordinates": [13.06983, 48.45418], "type": "Point"}, "properties": {"oid": "7544BG000207"}, "type": "Feature"}, {"geometry": {"coordinates": [12.57915, 48.43728], "type": "Point"}, "properties": {"oid": "7541BG000002"}, "type": "Feature"}, {"geometry": {"coordinates": [12.61776, 48.86054], "type": "Point"}, "properties": {"oid": "7141BG000072"}, "type": "Feature"}, {"geometry": {"coordinates": [10.18108, 49.45849], "type": "Point"}, "properties": {"oid": "6527BG000052"}, "type": "Feature"}, {"geometry": {"coordinates": [10.98411, 48.26842], "type": "Point"}, "properties": {"oid": "7731BG015030"}, "type": "Feature"}, {"geometry": {"coordinates": [11.00653, 50.21553], "type": "Point"}, "properties": {"oid": "5732BG000448"}, "type": "Feature"}, {"geometry": {"coordinates": [12.39819, 49.75781], "type": "Point"}, "properties": {"oid": "6240BG015001"}, "type": "Feature"}, {"geometry": {"coordinates": [11.43013, 49.25924], "type": "Point"}, "properties": {"oid": "6734BG000028"}, "type": "Feature"}, {"geometry": {"coordinates": [12.09079, 50.16779], "type": "Point"}, "properties": {"oid": "5838BG000280"}, "type": "Feature"}, {"geometry": {"coordinates": [11.23359, 49.33486], "type": "Point"}, "properties": {"oid": "6633BG015103"}, "type": "Feature"}, {"geometry": {"coordinates": [12.52789, 48.21446], "type": "Point"}, "properties": {"oid": "7741BG000006"}, "type": "Feature"}, {"geometry": {"coordinates": [11.67918, 48.9673], "type": "Point"}, "properties": {"oid": "7036BG000262"}, "type": "Feature"}, {"geometry": {"coordinates": [10.98645, 50.11175], "type": "Point"}, "properties": {"oid": "5831BG000293"}, "type": "Feature"}, {"geometry": {"coordinates": [12.05824, 49.40093], "type": "Point"}, "properties": {"oid": "6538BG000534"}, "type": "Feature"}, {"geometry": {"coordinates": [13.05228, 48.37899], "type": "Point"}, "properties": {"oid": "7644BG000013"}, "type": "Feature"}, {"geometry": {"coordinates": [11.16304, 47.63294], "type": "Point"}, "properties": {"oid": "8332BG000013"}, "type": "Feature"}, {"geometry": {"coordinates": [12.521, 48.21525], "type": "Point"}, "properties": {"oid": "7741BG000008"}, "type": "Feature"}, {"geometry": {"coordinates": [11.54934, 47.58631], "type": "Point"}, "properties": {"oid": "8435BG015008"}, "type": "Feature"}, {"geometry": {"coordinates": [11.27176, 49.28045], "type": "Point"}, "properties": {"oid": "6733BG015007"}, "type": "Feature"}, {"geometry": {"coordinates": [12.93716, 48.54742], "type": "Point"}, "properties": {"oid": "7443BG000035"}, "type": "Feature"}, {"geometry": {"coordinates": [11.9391, 50.13563], "type": "Point"}, "properties": {"oid": "5837BG000007"}, "type": "Feature"}, {"geometry": {"coordinates": [10.68868, 49.35516], "type": "Point"}, "properties": {"oid": "6630BG000083"}, "type": "Feature"}, {"geometry": {"coordinates": [12.98737, 48.2594], "type": "Point"}, "properties": {"oid": "7743BG000017"}, "type": "Feature"}, {"geometry": {"coordinates": [11.93068, 48.45427], "type": "Point"}, "properties": {"oid": "7537BG000002"}, "type": "Feature"}, {"geometry": {"coordinates": [12.6707, 48.91132], "type": "Point"}, "properties": {"oid": "7042BG000015"}, "type": "Feature"}, {"geometry": {"coordinates": [12.7248, 48.92628], "type": "Point"}, "properties": {"oid": "7042BG000022"}, "type": "Feature"}, {"geometry": {"coordinates": [9.5604, 49.89626], "type": "Point"}, "properties": {"oid": "6123BG000083"}, "type": "Feature"}, {"geometry": {"coordinates": [12.27448, 48.59142], "type": "Point"}, "properties": {"oid": "7439BG000351"}, "type": "Feature"}, {"geometry": {"coordinates": [12.65195, 48.21125], "type": "Point"}, "properties": {"oid": "7741BG015009"}, "type": "Feature"}, {"geometry": {"coordinates": [12.04152, 50.30199], "type": "Point"}, "properties": {"oid": "5638BG015015"}, "type": "Feature"}, {"geometry": {"coordinates": [12.50517, 47.68903], "type": "Point"}, "properties": {"oid": "8341BG015002"}, "type": "Feature"}, {"geometry": {"coordinates": [12.08624, 47.8826], "type": "Point"}, "properties": {"oid": "8138BG000015"}, "type": "Feature"}, {"geometry": {"coordinates": [12.63945, 48.88992], "type": "Point"}, "properties": {"oid": "7141BG000033"}, "type": "Feature"}, {"geometry": {"coordinates": [12.84362, 47.82605], "type": "Point"}, "properties": {"oid": "8143BG015104"}, "type": "Feature"}, {"geometry": {"coordinates": [11.07469, 47.50345], "type": "Point"}, "properties": {"oid": "8432BG015034"}, "type": "Feature"}, {"geometry": {"coordinates": [13.11514, 48.40869], "type": "Point"}, "properties": {"oid": "7544BG015065"}, "type": "Feature"}, {"geometry": {"coordinates": [13.0737, 48.78413], "type": "Point"}, "properties": {"oid": "7244BG015521"}, "type": "Feature"}, {"geometry": {"coordinates": [12.59547, 48.91839], "type": "Point"}, "properties": {"oid": "7041BG000001"}, "type": "Feature"}, {"geometry": {"coordinates": [11.05137, 49.58466], "type": "Point"}, "properties": {"oid": "6432BG000062"}, "type": "Feature"}, {"geometry": {"coordinates": [11.03946, 47.47434], "type": "Point"}, "properties": {"oid": "8532BG015015"}, "type": "Feature"}, {"geometry": {"coordinates": [10.32236, 48.37976], "type": "Point"}, "properties": {"oid": "7627BG015001"}, "type": "Feature"}, {"geometry": {"coordinates": [10.55419, 49.99086], "type": "Point"}, "properties": {"oid": "6029BG000007"}, "type": "Feature"}, {"geometry": {"coordinates": [12.07072, 48.53233], "type": "Point"}, "properties": {"oid": "7438BG001560"}, "type": "Feature"}, {"geometry": {"coordinates": [11.5979, 49.98721], "type": "Point"}, "properties": {"oid": "6035BG000031"}, "type": "Feature"}, {"geometry": {"coordinates": [10.96436, 50.16686], "type": "Point"}, "properties": {"oid": "5831BG000333"}, "type": "Feature"}, {"geometry": {"coordinates": [12.82839, 48.4554], "type": "Point"}, "properties": {"oid": "7542BG000121"}, "type": "Feature"}, {"geometry": {"coordinates": [11.34297, 48.84406], "type": "Point"}, "properties": {"oid": "7134BG000569"}, "type": "Feature"}, {"geometry": {"coordinates": [11.79717, 48.77871], "type": "Point"}, "properties": {"oid": "7236BG000846"}, "type": "Feature"}, {"geometry": {"coordinates": [10.2848, 48.68822], "type": "Point"}, "properties": {"oid": "7327BG015004"}, "type": "Feature"}, {"geometry": {"coordinates": [10.79095, 50.21868], "type": "Point"}, "properties": {"oid": "5730BG000081"}, "type": "Feature"}, {"geometry": {"coordinates": [11.97538, 48.96438], "type": "Point"}, "properties": {"oid": "7037BG015005"}, "type": "Feature"}, {"geometry": {"coordinates": [12.62513, 48.32404], "type": "Point"}, "properties": {"oid": "7641BG015017"}, "type": "Feature"}, {"geometry": {"coordinates": [11.32895, 49.05937], "type": "Point"}, "properties": {"oid": "6933BG000073"}, "type": "Feature"}, {"geometry": {"coordinates": [12.36997, 48.24749], "type": "Point"}, "properties": {"oid": "7740BG000021"}, "type": "Feature"}, {"geometry": {"coordinates": [12.80696, 48.56172], "type": "Point"}, "properties": {"oid": "7442BG000001"}, "type": "Feature"}, {"geometry": {"coordinates": [10.78375, 48.93393], "type": "Point"}, "properties": {"oid": "7030BG000001"}, "type": "Feature"}, {"geometry": {"coordinates": [13.33081, 48.40963], "type": "Point"}, "properties": {"oid": "7545BG015018"}, "type": "Feature"}, {"geometry": {"coordinates": [13.3368, 48.4369], "type": "Point"}, "properties": {"oid": "7546BG015199"}, "type": "Feature"}, {"geometry": {"coordinates": [12.35238, 48.24332], "type": "Point"}, "properties": {"oid": "7740BG000023"}, "type": "Feature"}, {"geometry": {"coordinates": [10.73713, 48.78491], "type": "Point"}, "properties": {"oid": "7230BG000001"}, "type": "Feature"}, {"geometry": {"coordinates": [10.76602, 48.79682], "type": "Point"}, "properties": {"oid": "7230BG000003"}, "type": "Feature"}, {"geometry": {"coordinates": [11.23652, 48.91821], "type": "Point"}, "properties": {"oid": "7033BG000134"}, "type": "Feature"}, {"geometry": {"coordinates": [10.53247, 48.76417], "type": "Point"}, "properties": {"oid": "7229BG015003"}, "type": "Feature"}, {"geometry": {"coordinates": [13.04568, 48.39752], "type": "Point"}, "properties": {"oid": "7644BG000079"}, "type": "Feature"}, {"geometry": {"coordinates": [13.10442, 48.30597], "type": "Point"}, "properties": {"oid": "7644BG000021"}, "type": "Feature"}, {"geometry": {"coordinates": [11.86179, 48.78208], "type": "Point"}, "properties": {"oid": "7237BG000009"}, "type": "Feature"}, {"geometry": {"coordinates": [12.98228, 48.63895], "type": "Point"}, "properties": {"oid": "7343BG000007"}, "type": "Feature"}, {"geometry": {"coordinates": [11.22216, 49.29792], "type": "Point"}, "properties": {"oid": "6733BG015009"}, "type": "Feature"}, {"geometry": {"coordinates": [13.05418, 48.4331], "type": "Point"}, "properties": {"oid": "7544BG000093"}, "type": "Feature"}, {"geometry": {"coordinates": [12.92321, 48.2865], "type": "Point"}, "properties": {"oid": "7743BG000024"}, "type": "Feature"}, {"geometry": {"coordinates": [9.92178, 49.75266], "type": "Point"}, "properties": {"oid": "6225BG015125"}, "type": "Feature"}, {"geometry": {"coordinates": [12.99558, 48.65997], "type": "Point"}, "properties": {"oid": "7343BG000006"}, "type": "Feature"}, {"geometry": {"coordinates": [11.453, 48.17103], "type": "Point"}, "properties": {"oid": "7834BG015002"}, "type": "Feature"}, {"geometry": {"coordinates": [10.55784, 49.02431], "type": "Point"}, "properties": {"oid": "6929BG015004"}, "type": "Feature"}, {"geometry": {"coordinates": [11.07054, 49.66735], "type": "Point"}, "properties": {"oid": "6332BG015053"}, "type": "Feature"}, {"geometry": {"coordinates": [12.95245, 47.8861], "type": "Point"}, "properties": {"oid": "8143BG015101"}, "type": "Feature"}, {"geometry": {"coordinates": [13.01923, 48.64035], "type": "Point"}, "properties": {"oid": "7344BG015625"}, "type": "Feature"}, {"geometry": {"coordinates": [10.40232, 48.66533], "type": "Point"}, "properties": {"oid": "7328BG000005"}, "type": "Feature"}, {"geometry": {"coordinates": [10.85327, 48.74395], "type": "Point"}, "properties": {"oid": "7231BG000061"}, "type": "Feature"}, {"geometry": {"coordinates": [12.65615, 49.28479], "type": "Point"}, "properties": {"oid": "6741BG000185"}, "type": "Feature"}, {"geometry": {"coordinates": [13.03615, 48.64103], "type": "Point"}, "properties": {"oid": "7344BG015623"}, "type": "Feature"}, {"geometry": {"coordinates": [11.69228, 50.36638], "type": "Point"}, "properties": {"oid": "5636BG015005"}, "type": "Feature"}, {"geometry": {"coordinates": [12.60008, 48.69931], "type": "Point"}, "properties": {"oid": "7241BG000069"}, "type": "Feature"}, {"geometry": {"coordinates": [12.41536, 48.15727], "type": "Point"}, "properties": {"oid": "7840BG000031"}, "type": "Feature"}, {"geometry": {"coordinates": [12.7957, 48.85396], "type": "Point"}, "properties": {"oid": "7142BG015153"}, "type": "Feature"}, {"geometry": {"coordinates": [12.6247, 48.97077], "type": "Point"}, "properties": {"oid": "7041BG015169"}, "type": "Feature"}, {"geometry": {"coordinates": [12.13936, 47.78591], "type": "Point"}, "properties": {"oid": "8238BG000002"}, "type": "Feature"}, {"geometry": {"coordinates": [11.58497, 49.83694], "type": "Point"}, "properties": {"oid": "6135BG000022"}, "type": "Feature"}, {"geometry": {"coordinates": [12.803, 48.89249], "type": "Point"}, "properties": {"oid": "7142BG015149"}, "type": "Feature"}, {"geometry": {"coordinates": [12.00866, 49.83983], "type": "Point"}, "properties": {"oid": "6138BG000011"}, "type": "Feature"}, {"geometry": {"coordinates": [11.78145, 48.85803], "type": "Point"}, "properties": {"oid": "7136BG000258"}, "type": "Feature"}, {"geometry": {"coordinates": [10.62277, 48.87187], "type": "Point"}, "properties": {"oid": "7129BG015011"}, "type": "Feature"}, {"geometry": {"coordinates": [12.53052, 49.18765], "type": "Point"}, "properties": {"oid": "6841BG000001"}, "type": "Feature"}, {"geometry": {"coordinates": [11.7256, 49.55902], "type": "Point"}, "properties": {"oid": "6436BG015014"}, "type": "Feature"}, {"geometry": {"coordinates": [13.02976, 48.30454], "type": "Point"}, "properties": {"oid": "7644BG000002"}, "type": "Feature"}, {"geometry": {"coordinates": [13.24044, 48.31496], "type": "Point"}, "properties": {"oid": "7645BG000008"}, "type": "Feature"}, {"geometry": {"coordinates": [13.04336, 49.25546], "type": "Point"}, "properties": {"oid": "6744BG000002"}, "type": "Feature"}, {"geometry": {"coordinates": [11.62216, 47.86983], "type": "Point"}, "properties": {"oid": "8135BG000027"}, "type": "Feature"}, {"geometry": {"coordinates": [11.63617, 49.58748], "type": "Point"}, "properties": {"oid": "6435BG000020"}, "type": "Feature"}, {"geometry": {"coordinates": [9.48307, 49.84554], "type": "Point"}, "properties": {"oid": "6122BG000011"}, "type": "Feature"}, {"geometry": {"coordinates": [12.38101, 48.19284], "type": "Point"}, "properties": {"oid": "7840BG015191"}, "type": "Feature"}, {"geometry": {"coordinates": [11.54458, 47.75407], "type": "Point"}, "properties": {"oid": "8235BG015256"}, "type": "Feature"}, {"geometry": {"coordinates": [12.31262, 47.93319], "type": "Point"}, "properties": {"oid": "8039BG000007"}, "type": "Feature"}, {"geometry": {"coordinates": [11.85749, 49.80063], "type": "Point"}, "properties": {"oid": "6137BG000126"}, "type": "Feature"}, {"geometry": {"coordinates": [12.8988, 49.15804], "type": "Point"}, "properties": {"oid": "6843BG000046"}, "type": "Feature"}, {"geometry": {"coordinates": [11.51511, 50.07015], "type": "Point"}, "properties": {"oid": "5935BG000033"}, "type": "Feature"}, {"geometry": {"coordinates": [11.3335, 50.49196], "type": "Point"}, "properties": {"oid": "5534BG000004"}, "type": "Feature"}, {"geometry": {"coordinates": [11.72742, 49.55808], "type": "Point"}, "properties": {"oid": "6436BG015015"}, "type": "Feature"}, {"geometry": {"coordinates": [12.53418, 48.21456], "type": "Point"}, "properties": {"oid": "7741BG000009"}, "type": "Feature"}, {"geometry": {"coordinates": [10.23762, 48.42626], "type": "Point"}, "properties": {"oid": "7527BG000170"}, "type": "Feature"}, {"geometry": {"coordinates": [10.7183, 49.05968], "type": "Point"}, "properties": {"oid": "6930BG000039"}, "type": "Feature"}, {"geometry": {"coordinates": [11.41054, 49.52204], "type": "Point"}, "properties": {"oid": "6434BG015001"}, "type": "Feature"}, {"geometry": {"coordinates": [10.91903, 48.8984], "type": "Point"}, "properties": {"oid": "7131BG000045"}, "type": "Feature"}, {"geometry": {"coordinates": [12.49004, 48.21748], "type": "Point"}, "properties": {"oid": "7740BG000043"}, "type": "Feature"}, {"geometry": {"coordinates": [12.87663, 48.26534], "type": "Point"}, "properties": {"oid": "7743BG000090"}, "type": "Feature"}, {"geometry": {"coordinates": [12.28906, 49.93118], "type": "Point"}, "properties": {"oid": "6039BG000262"}, "type": "Feature"}, {"geometry": {"coordinates": [12.21029, 49.62584], "type": "Point"}, "properties": {"oid": "6339BG000022"}, "type": "Feature"}, {"geometry": {"coordinates": [12.73822, 49.26168], "type": "Point"}, "properties": {"oid": "6742BG000092"}, "type": "Feature"}, {"geometry": {"coordinates": [11.66031, 49.90654], "type": "Point"}, "properties": {"oid": "6035BG000212"}, "type": "Feature"}, {"geometry": {"coordinates": [11.66066, 49.90713], "type": "Point"}, "properties": {"oid": "6035BG000221"}, "type": "Feature"}, {"geometry": {"coordinates": [11.30538, 49.92744], "type": "Point"}, "properties": {"oid": "6033BG000029"}, "type": "Feature"}, {"geometry": {"coordinates": [12.14723, 50.05425], "type": "Point"}, "properties": {"oid": "5938BG000045"}, "type": "Feature"}, {"geometry": {"coordinates": [11.3962, 50.04327], "type": "Point"}, "properties": {"oid": "5934BG015033"}, "type": "Feature"}, {"geometry": {"coordinates": [11.21709, 49.24244], "type": "Point"}, "properties": {"oid": "6733BG015085"}, "type": "Feature"}, {"geometry": {"coordinates": [12.73474, 48.84088], "type": "Point"}, "properties": {"oid": "7142BG000006"}, "type": "Feature"}, {"geometry": {"coordinates": [12.01376, 48.71263], "type": "Point"}, "properties": {"oid": "7238BG000144"}, "type": "Feature"}, {"geometry": {"coordinates": [12.53514, 48.88402], "type": "Point"}, "properties": {"oid": "7141BG015213"}, "type": "Feature"}, {"geometry": {"coordinates": [13.08154, 48.7056], "type": "Point"}, "properties": {"oid": "7244BG015156"}, "type": "Feature"}, {"geometry": {"coordinates": [10.82905, 49.12355], "type": "Point"}, "properties": {"oid": "6830BG000001"}, "type": "Feature"}, {"geometry": {"coordinates": [12.02661, 47.74479], "type": "Point"}, "properties": {"oid": "8238BG000009"}, "type": "Feature"}, {"geometry": {"coordinates": [12.4389, 49.97519], "type": "Point"}, "properties": {"oid": "6040BG000054"}, "type": "Feature"}, {"geometry": {"coordinates": [10.25948, 48.66617], "type": "Point"}, "properties": {"oid": "7327BG015001"}, "type": "Feature"}, {"geometry": {"coordinates": [10.81493, 49.2145], "type": "Point"}, "properties": {"oid": "6730BG015034"}, "type": "Feature"}, {"geometry": {"coordinates": [12.94109, 48.24729], "type": "Point"}, "properties": {"oid": "7743BG015198"}, "type": "Feature"}, {"geometry": {"coordinates": [12.40292, 48.1293], "type": "Point"}, "properties": {"oid": "7840BG000007"}, "type": "Feature"}, {"geometry": {"coordinates": [12.30929, 48.24227], "type": "Point"}, "properties": {"oid": "7739BG015018"}, "type": "Feature"}, {"geometry": {"coordinates": [10.59081, 49.13298], "type": "Point"}, "properties": {"oid": "6829BG000062"}, "type": "Feature"}, {"geometry": {"coordinates": [11.40828, 47.55234], "type": "Point"}, "properties": {"oid": "8434BG015007"}, "type": "Feature"}, {"geometry": {"coordinates": [10.65793, 49.29114], "type": "Point"}, "properties": {"oid": "6729BG000028"}, "type": "Feature"}, {"geometry": {"coordinates": [12.91128, 48.36179], "type": "Point"}, "properties": {"oid": "7643BG000072"}, "type": "Feature"}, {"geometry": {"coordinates": [11.43356, 49.50525], "type": "Point"}, "properties": {"oid": "6434BG000026"}, "type": "Feature"}, {"geometry": {"coordinates": [10.42157, 49.1038], "type": "Point"}, "properties": {"oid": "6828BG000020"}, "type": "Feature"}, {"geometry": {"coordinates": [10.43345, 49.10659], "type": "Point"}, "properties": {"oid": "6828BG000019"}, "type": "Feature"}, {"geometry": {"coordinates": [12.12491, 50.17035], "type": "Point"}, "properties": {"oid": "5838BG000487"}, "type": "Feature"}, {"geometry": {"coordinates": [12.28307, 48.26298], "type": "Point"}, "properties": {"oid": "7739BG015003"}, "type": "Feature"}, {"geometry": {"coordinates": [11.29369, 50.30263], "type": "Point"}, "properties": {"oid": "5633BG000016"}, "type": "Feature"}, {"geometry": {"coordinates": [11.66589, 49.89316], "type": "Point"}, "properties": {"oid": "6136BG015067"}, "type": "Feature"}, {"geometry": {"coordinates": [13.41444, 48.41511], "type": "Point"}, "properties": {"oid": "7546BG000002"}, "type": "Feature"}, {"geometry": {"coordinates": [13.34711, 48.354], "type": "Point"}, "properties": {"oid": "7646BG015037"}, "type": "Feature"}, {"geometry": {"coordinates": [10.77825, 49.33855], "type": "Point"}, "properties": {"oid": "6630BG000094"}, "type": "Feature"}, {"geometry": {"coordinates": [13.34255, 48.35275], "type": "Point"}, "properties": {"oid": "7646BG015041"}, "type": "Feature"}, {"geometry": {"coordinates": [13.39019, 48.41262], "type": "Point"}, "properties": {"oid": "7546BG000001"}, "type": "Feature"}, {"geometry": {"coordinates": [11.77583, 47.87806], "type": "Point"}, "properties": {"oid": "8136BG000006"}, "type": "Feature"}, {"geometry": {"coordinates": [13.22126, 48.34629], "type": "Point"}, "properties": {"oid": "7645BG000052"}, "type": "Feature"}, {"geometry": {"coordinates": [11.51352, 49.68426], "type": "Point"}, "properties": {"oid": "6335BG000211"}, "type": "Feature"}, {"geometry": {"coordinates": [11.67581, 49.97271], "type": "Point"}, "properties": {"oid": "6036BG015042"}, "type": "Feature"}, {"geometry": {"coordinates": [11.15926, 47.97272], "type": "Point"}, "properties": {"oid": "8032BG015088"}, "type": "Feature"}, {"geometry": {"coordinates": [11.25251, 47.9029], "type": "Point"}, "properties": {"oid": "8033BG015092"}, "type": "Feature"}, {"geometry": {"coordinates": [11.95042, 48.45977], "type": "Point"}, "properties": {"oid": "7537BG000557"}, "type": "Feature"}, {"geometry": {"coordinates": [10.57698, 49.10456], "type": "Point"}, "properties": {"oid": "6829BG015001"}, "type": "Feature"}, {"geometry": {"coordinates": [12.93815, 48.7696], "type": "Point"}, "properties": {"oid": "7243BG000201"}, "type": "Feature"}, {"geometry": {"coordinates": [11.59492, 48.68487], "type": "Point"}, "properties": {"oid": "7335BG000630"}, "type": "Feature"}, {"geometry": {"coordinates": [12.16643, 48.53816], "type": "Point"}, "properties": {"oid": "7439BG000333"}, "type": "Feature"}, {"geometry": {"coordinates": [11.68975, 50.37236], "type": "Point"}, "properties": {"oid": "5636BG015008"}, "type": "Feature"}, {"geometry": {"coordinates": [10.45772, 49.11545], "type": "Point"}, "properties": {"oid": "6828BG000017"}, "type": "Feature"}, {"geometry": {"coordinates": [10.45868, 48.45896], "type": "Point"}, "properties": {"oid": "7528BG015029"}, "type": "Feature"}, {"geometry": {"coordinates": [11.00645, 50.32216], "type": "Point"}, "properties": {"oid": "5632BG015008"}, "type": "Feature"}, {"geometry": {"coordinates": [12.81906, 48.3978], "type": "Point"}, "properties": {"oid": "7642BG015047"}, "type": "Feature"}, {"geometry": {"coordinates": [12.29178, 48.60613], "type": "Point"}, "properties": {"oid": "7339BG000456"}, "type": "Feature"}, {"geometry": {"coordinates": [12.57696, 48.23791], "type": "Point"}, "properties": {"oid": "7741BG000027"}, "type": "Feature"}, {"geometry": {"coordinates": [11.83062, 49.55039], "type": "Point"}, "properties": {"oid": "6436BG015004"}, "type": "Feature"}, {"geometry": {"coordinates": [11.22047, 49.69058], "type": "Point"}, "properties": {"oid": "6333BG015006"}, "type": "Feature"}, {"geometry": {"coordinates": [12.78771, 48.28481], "type": "Point"}, "properties": {"oid": "7742BG015151"}, "type": "Feature"}, {"geometry": {"coordinates": [12.06814, 48.17634], "type": "Point"}, "properties": {"oid": "7838BG000018"}, "type": "Feature"}, {"geometry": {"coordinates": [12.11408, 48.17856], "type": "Point"}, "properties": {"oid": "7838BG015080"}, "type": "Feature"}, {"geometry": {"coordinates": [12.03007, 49.61155], "type": "Point"}, "properties": {"oid": "6338BG000030"}, "type": "Feature"}, {"geometry": {"coordinates": [10.45969, 49.11739], "type": "Point"}, "properties": {"oid": "6828BG000018"}, "type": "Feature"}, {"geometry": {"coordinates": [11.23876, 49.26546], "type": "Point"}, "properties": {"oid": "6733BG000056"}, "type": "Feature"}, {"geometry": {"coordinates": [12.22614, 49.319], "type": "Point"}, "properties": {"oid": "6639BG000178"}, "type": "Feature"}, {"geometry": {"coordinates": [10.55632, 49.47277], "type": "Point"}, "properties": {"oid": "6529BG015001"}, "type": "Feature"}, {"geometry": {"coordinates": [11.11886, 47.5193], "type": "Point"}, "properties": {"oid": "8432BG000045"}, "type": "Feature"}, {"geometry": {"coordinates": [12.60466, 48.86591], "type": "Point"}, "properties": {"oid": "7141BG000076"}, "type": "Feature"}, {"geometry": {"coordinates": [9.14187, 49.86932], "type": "Point"}, "properties": {"oid": "6120BG015004"}, "type": "Feature"}, {"geometry": {"coordinates": [12.57531, 48.87344], "type": "Point"}, "properties": {"oid": "7141BG015405"}, "type": "Feature"}, {"geometry": {"coordinates": [11.69078, 50.3682], "type": "Point"}, "properties": {"oid": "5636BG000175"}, "type": "Feature"}, {"geometry": {"coordinates": [11.54151, 47.75405], "type": "Point"}, "properties": {"oid": "8235BG015257"}, "type": "Feature"}, {"geometry": {"coordinates": [12.59479, 48.86631], "type": "Point"}, "properties": {"oid": "7141BG000073"}, "type": "Feature"}, {"geometry": {"coordinates": [12.61816, 48.86575], "type": "Point"}, "properties": {"oid": "7141BG015280"}, "type": "Feature"}, {"geometry": {"coordinates": [10.3821, 48.60648], "type": "Point"}, "properties": {"oid": "7328BG000001"}, "type": "Feature"}, {"geometry": {"coordinates": [11.35979, 49.40028], "type": "Point"}, "properties": {"oid": "6534BG000013"}, "type": "Feature"}, {"geometry": {"coordinates": [10.66955, 49.99773], "type": "Point"}, "properties": {"oid": "6030BG000252"}, "type": "Feature"}, {"geometry": {"coordinates": [11.90156, 47.85212], "type": "Point"}, "properties": {"oid": "8137BG000001"}, "type": "Feature"}, {"geometry": {"coordinates": [12.81969, 48.83774], "type": "Point"}, "properties": {"oid": "7142BG015151"}, "type": "Feature"}, {"geometry": {"coordinates": [13.26244, 48.39512], "type": "Point"}, "properties": {"oid": "7645BG000064"}, "type": "Feature"}, {"geometry": {"coordinates": [11.51329, 47.99762], "type": "Point"}, "properties": {"oid": "8035BG015035"}, "type": "Feature"}, {"geometry": {"coordinates": [10.58587, 49.13278], "type": "Point"}, "properties": {"oid": "6829BG000060"}, "type": "Feature"}, {"geometry": {"coordinates": [10.59389, 49.13136], "type": "Point"}, "properties": {"oid": "6829BG000063"}, "type": "Feature"}, {"geometry": {"coordinates": [11.33333, 49.05539], "type": "Point"}, "properties": {"oid": "6934BG000075"}, "type": "Feature"}, {"geometry": {"coordinates": [11.7812, 49.84808], "type": "Point"}, "properties": {"oid": "6136BG015062"}, "type": "Feature"}, {"geometry": {"coordinates": [12.28442, 49.83226], "type": "Point"}, "properties": {"oid": "6139BG000132"}, "type": "Feature"}, {"geometry": {"coordinates": [11.37426, 50.51062], "type": "Point"}, "properties": {"oid": "5434BG000002"}, "type": "Feature"}, {"geometry": {"coordinates": [11.16769, 48.45104], "type": "Point"}, "properties": {"oid": "7533BG000189"}, "type": "Feature"}, {"geometry": {"coordinates": [10.61787, 49.57571], "type": "Point"}, "properties": {"oid": "6429BG000023"}, "type": "Feature"}, {"geometry": {"coordinates": [11.0218, 49.69429], "type": "Point"}, "properties": {"oid": "6332BG000248"}, "type": "Feature"}, {"geometry": {"coordinates": [13.29705, 48.39401], "type": "Point"}, "properties": {"oid": "7645BG000037"}, "type": "Feature"}, {"geometry": {"coordinates": [12.29171, 48.25239], "type": "Point"}, "properties": {"oid": "7739BG015014"}, "type": "Feature"}, {"geometry": {"coordinates": [11.33969, 50.0763], "type": "Point"}, "properties": {"oid": "5934BG000007"}, "type": "Feature"}, {"geometry": {"coordinates": [10.92123, 48.82765], "type": "Point"}, "properties": {"oid": "7131BG000050"}, "type": "Feature"}, {"geometry": {"coordinates": [10.92164, 48.81525], "type": "Point"}, "properties": {"oid": "7131BG000051"}, "type": "Feature"}, {"geometry": {"coordinates": [10.68976, 48.77397], "type": "Point"}, "properties": {"oid": "7230BG000005"}, "type": "Feature"}, {"geometry": {"coordinates": [11.59492, 48.68487], "type": "Point"}, "properties": {"oid": "7335BG000189"}, "type": "Feature"}, {"geometry": {"coordinates": [10.89188, 48.91119], "type": "Point"}, "properties": {"oid": "7031BG000032"}, "type": "Feature"}, {"geometry": {"coordinates": [12.76176, 48.16963], "type": "Point"}, "properties": {"oid": "7842BG000008"}, "type": "Feature"}, {"geometry": {"coordinates": [12.2406, 48.23717], "type": "Point"}, "properties": {"oid": "7739BG000011"}, "type": "Feature"}, {"geometry": {"coordinates": [12.31663, 48.23159], "type": "Point"}, "properties": {"oid": "7739BG000005"}, "type": "Feature"}, {"geometry": {"coordinates": [12.24336, 48.09225], "type": "Point"}, "properties": {"oid": "7939BG000011"}, "type": "Feature"}, {"geometry": {"coordinates": [10.69258, 48.76916], "type": "Point"}, "properties": {"oid": "7230BG000007"}, "type": "Feature"}, {"geometry": {"coordinates": [9.5778, 49.93514], "type": "Point"}, "properties": {"oid": "6023BG015008"}, "type": "Feature"}, {"geometry": {"coordinates": [10.91481, 49.16849], "type": "Point"}, "properties": {"oid": "6831BG000105"}, "type": "Feature"}, {"geometry": {"coordinates": [10.78903, 49.70467], "type": "Point"}, "properties": {"oid": "6230BG000020"}, "type": "Feature"}, {"geometry": {"coordinates": [10.62338, 48.40029], "type": "Point"}, "properties": {"oid": "7529BG015005"}, "type": "Feature"}, {"geometry": {"coordinates": [10.47359, 48.84636], "type": "Point"}, "properties": {"oid": "7128BG015006"}, "type": "Feature"}, {"geometry": {"coordinates": [11.10463, 49.61385], "type": "Point"}, "properties": {"oid": "6332BG000194"}, "type": "Feature"}, {"geometry": {"coordinates": [10.69915, 48.55008], "type": "Point"}, "properties": {"oid": "7430BG000106"}, "type": "Feature"}, {"geometry": {"coordinates": [11.43728, 50.10813], "type": "Point"}, "properties": {"oid": "5834BG015036"}, "type": "Feature"}, {"geometry": {"coordinates": [10.2341, 50.17579], "type": "Point"}, "properties": {"oid": "5827BG015001"}, "type": "Feature"}, {"geometry": {"coordinates": [11.58067, 48.12246], "type": "Point"}, "properties": {"oid": "7835BG015001"}, "type": "Feature"}, {"geometry": {"coordinates": [13.16237, 48.50735], "type": "Point"}, "properties": {"oid": "7444BG000109"}, "type": "Feature"}, {"geometry": {"coordinates": [11.68371, 50.36645], "type": "Point"}, "properties": {"oid": "5636BG000177"}, "type": "Feature"}, {"geometry": {"coordinates": [11.86929, 47.93054], "type": "Point"}, "properties": {"oid": "8037BG000012"}, "type": "Feature"}, {"geometry": {"coordinates": [12.0621, 49.98448], "type": "Point"}, "properties": {"oid": "6038BG000019"}, "type": "Feature"}, {"geometry": {"coordinates": [12.41269, 48.2424], "type": "Point"}, "properties": {"oid": "7740BG000029"}, "type": "Feature"}, {"geometry": {"coordinates": [10.88028, 50.04963], "type": "Point"}, "properties": {"oid": "5931BG000299"}, "type": "Feature"}, {"geometry": {"coordinates": [10.49432, 48.85644], "type": "Point"}, "properties": {"oid": "7128BG015002"}, "type": "Feature"}, {"geometry": {"coordinates": [10.49536, 48.85022], "type": "Point"}, "properties": {"oid": "7128BG015003"}, "type": "Feature"}, {"geometry": {"coordinates": [10.69049, 48.77289], "type": "Point"}, "properties": {"oid": "7230BG000004"}, "type": "Feature"}, {"geometry": {"coordinates": [10.68861, 48.77298], "type": "Point"}, "properties": {"oid": "7230BG000006"}, "type": "Feature"}, {"geometry": {"coordinates": [10.75087, 49.14939], "type": "Point"}, "properties": {"oid": "6830BG015016"}, "type": "Feature"}, {"geometry": {"coordinates": [12.28358, 49.31857], "type": "Point"}, "properties": {"oid": "6639BG000153"}, "type": "Feature"}, {"geometry": {"coordinates": [11.69433, 50.36428], "type": "Point"}, "properties": {"oid": "5636BG000176"}, "type": "Feature"}, {"geometry": {"coordinates": [11.12435, 48.66315], "type": "Point"}, "properties": {"oid": "7332BG000276"}, "type": "Feature"}, {"geometry": {"coordinates": [12.07083, 48.34833], "type": "Point"}, "properties": {"oid": "7638BG000060"}, "type": "Feature"}, {"geometry": {"coordinates": [11.3057, 50.14712], "type": "Point"}, "properties": {"oid": "5833BG000064"}, "type": "Feature"}, {"geometry": {"coordinates": [13.08797, 48.41722], "type": "Point"}, "properties": {"oid": "7544BG000137"}, "type": "Feature"}, {"geometry": {"coordinates": [12.67748, 48.61358], "type": "Point"}, "properties": {"oid": "7342BG000719"}, "type": "Feature"}, {"geometry": {"coordinates": [10.5052, 48.3846], "type": "Point"}, "properties": {"oid": "7629BG000003"}, "type": "Feature"}, {"geometry": {"coordinates": [12.82304, 48.2851], "type": "Point"}, "properties": {"oid": "7742BG015147"}, "type": "Feature"}, {"geometry": {"coordinates": [12.80893, 48.29403], "type": "Point"}, "properties": {"oid": "7742BG015150"}, "type": "Feature"}, {"geometry": {"coordinates": [12.28441, 49.83585], "type": "Point"}, "properties": {"oid": "6139BG000016"}, "type": "Feature"}, {"geometry": {"coordinates": [12.2945, 49.84583], "type": "Point"}, "properties": {"oid": "6139BG000049"}, "type": "Feature"}, {"geometry": {"coordinates": [12.78876, 48.19351], "type": "Point"}, "properties": {"oid": "7842BG000017"}, "type": "Feature"}, {"geometry": {"coordinates": [10.37754, 47.88019], "type": "Point"}, "properties": {"oid": "8128BG015012"}, "type": "Feature"}, {"geometry": {"coordinates": [12.45759, 48.87426], "type": "Point"}, "properties": {"oid": "7140BG015220"}, "type": "Feature"}, {"geometry": {"coordinates": [12.10497, 49.18136], "type": "Point"}, "properties": {"oid": "6838BG015003"}, "type": "Feature"}, {"geometry": {"coordinates": [12.85128, 48.54669], "type": "Point"}, "properties": {"oid": "7443BG000086"}, "type": "Feature"}, {"geometry": {"coordinates": [11.94665, 49.21432], "type": "Point"}, "properties": {"oid": "6737BG000021"}, "type": "Feature"}, {"geometry": {"coordinates": [11.85644, 49.3174], "type": "Point"}, "properties": {"oid": "6637BG015015"}, "type": "Feature"}, {"geometry": {"coordinates": [13.20129, 48.32419], "type": "Point"}, "properties": {"oid": "7645BG015339"}, "type": "Feature"}, {"geometry": {"coordinates": [11.67225, 50.17636], "type": "Point"}, "properties": {"oid": "5836BG015007"}, "type": "Feature"}, {"geometry": {"coordinates": [11.15411, 48.50699], "type": "Point"}, "properties": {"oid": "7432BG000116"}, "type": "Feature"}, {"geometry": {"coordinates": [10.5946, 48.40589], "type": "Point"}, "properties": {"oid": "7529BG015006"}, "type": "Feature"}, {"geometry": {"coordinates": [11.54466, 48.42444], "type": "Point"}, "properties": {"oid": "7535BG000569"}, "type": "Feature"}, {"geometry": {"coordinates": [12.86882, 48.55043], "type": "Point"}, "properties": {"oid": "7443BG000071"}, "type": "Feature"}, {"geometry": {"coordinates": [12.16501, 48.17404], "type": "Point"}, "properties": {"oid": "7838BG000013"}, "type": "Feature"}, {"geometry": {"coordinates": [10.70924, 49.35584], "type": "Point"}, "properties": {"oid": "6630BG000089"}, "type": "Feature"}, {"geometry": {"coordinates": [10.39687, 48.41227], "type": "Point"}, "properties": {"oid": "7528BG015010"}, "type": "Feature"}, {"geometry": {"coordinates": [11.12674, 49.61546], "type": "Point"}, "properties": {"oid": "6332BG000183"}, "type": "Feature"}, {"geometry": {"coordinates": [10.77255, 48.67378], "type": "Point"}, "properties": {"oid": "7330BG000015"}, "type": "Feature"}, {"geometry": {"coordinates": [9.3719, 50.03502], "type": "Point"}, "properties": {"oid": "5922BG000009"}, "type": "Feature"}, {"geometry": {"coordinates": [12.00634, 48.58851], "type": "Point"}, "properties": {"oid": "7438BG002248"}, "type": "Feature"}, {"geometry": {"coordinates": [12.36318, 48.20857], "type": "Point"}, "properties": {"oid": "7740BG015003"}, "type": "Feature"}, {"geometry": {"coordinates": [10.91153, 49.88778], "type": "Point"}, "properties": {"oid": "6131BG000418"}, "type": "Feature"}, {"geometry": {"coordinates": [10.88587, 49.8802], "type": "Point"}, "properties": {"oid": "6131BG000564"}, "type": "Feature"}, {"geometry": {"coordinates": [10.94834, 49.80261], "type": "Point"}, "properties": {"oid": "6131BG000559"}, "type": "Feature"}, {"geometry": {"coordinates": [13.02311, 48.6598], "type": "Point"}, "properties": {"oid": "7344BG015621"}, "type": "Feature"}, {"geometry": {"coordinates": [12.20357, 48.23708], "type": "Point"}, "properties": {"oid": "7739BG000019"}, "type": "Feature"}, {"geometry": {"coordinates": [11.57284, 50.36698], "type": "Point"}, "properties": {"oid": "5635BG015008"}, "type": "Feature"}, {"geometry": {"coordinates": [11.07929, 49.60932], "type": "Point"}, "properties": {"oid": "6332BG000186"}, "type": "Feature"}, {"geometry": {"coordinates": [11.22925, 49.80901], "type": "Point"}, "properties": {"oid": "6133BG000004"}, "type": "Feature"}, {"geometry": {"coordinates": [12.78338, 48.72939], "type": "Point"}, "properties": {"oid": "7242BG000182"}, "type": "Feature"}, {"geometry": {"coordinates": [11.35308, 49.40124], "type": "Point"}, "properties": {"oid": "6534BG000012"}, "type": "Feature"}, {"geometry": {"coordinates": [11.34561, 49.39791], "type": "Point"}, "properties": {"oid": "6634BG000015"}, "type": "Feature"}, {"geometry": {"coordinates": [11.91997, 49.41387], "type": "Point"}, "properties": {"oid": "6537BG015149"}, "type": "Feature"}, {"geometry": {"coordinates": [11.61353, 49.67303], "type": "Point"}, "properties": {"oid": "6335BG000207"}, "type": "Feature"}, {"geometry": {"coordinates": [12.03909, 47.9144], "type": "Point"}, "properties": {"oid": "8038BG000015"}, "type": "Feature"}, {"geometry": {"coordinates": [12.07686, 48.50458], "type": "Point"}, "properties": {"oid": "7438BG015130"}, "type": "Feature"}, {"geometry": {"coordinates": [13.31793, 48.50163], "type": "Point"}, "properties": {"oid": "7445BG000005"}, "type": "Feature"}, {"geometry": {"coordinates": [12.45548, 48.69233], "type": "Point"}, "properties": {"oid": "7340BG015015"}, "type": "Feature"}, {"geometry": {"coordinates": [10.66202, 50.03531], "type": "Point"}, "properties": {"oid": "5929BG000016"}, "type": "Feature"}, {"geometry": {"coordinates": [10.85167, 48.74263], "type": "Point"}, "properties": {"oid": "7231BG000060"}, "type": "Feature"}, {"geometry": {"coordinates": [13.20035, 48.59964], "type": "Point"}, "properties": {"oid": "7345BG000009"}, "type": "Feature"}, {"geometry": {"coordinates": [11.85939, 47.85469], "type": "Point"}, "properties": {"oid": "8137BG015230"}, "type": "Feature"}, {"geometry": {"coordinates": [12.4346, 48.62285], "type": "Point"}, "properties": {"oid": "7340BG000633"}, "type": "Feature"}, {"geometry": {"coordinates": [12.78644, 48.4003], "type": "Point"}, "properties": {"oid": "7542BG000142"}, "type": "Feature"}, {"geometry": {"coordinates": [10.85397, 49.57446], "type": "Point"}, "properties": {"oid": "6431BG015244"}, "type": "Feature"}, {"geometry": {"coordinates": [11.06042, 49.58358], "type": "Point"}, "properties": {"oid": "6432BG000024"}, "type": "Feature"}, {"geometry": {"coordinates": [12.81571, 47.86779], "type": "Point"}, "properties": {"oid": "8142BG015029"}, "type": "Feature"}, {"geometry": {"coordinates": [11.77528, 47.97097], "type": "Point"}, "properties": {"oid": "8036BG015049"}, "type": "Feature"}, {"geometry": {"coordinates": [12.38154, 48.12499], "type": "Point"}, "properties": {"oid": "7840BG000011"}, "type": "Feature"}, {"geometry": {"coordinates": [11.35604, 49.39991], "type": "Point"}, "properties": {"oid": "6534BG000011"}, "type": "Feature"}, {"geometry": {"coordinates": [10.10819, 49.66368], "type": "Point"}, "properties": {"oid": "6326BG000297"}, "type": "Feature"}, {"geometry": {"coordinates": [12.37852, 48.20796], "type": "Point"}, "properties": {"oid": "7740BG000056"}, "type": "Feature"}, {"geometry": {"coordinates": [10.75905, 50.33115], "type": "Point"}, "properties": {"oid": "5630BG000057"}, "type": "Feature"}, {"geometry": {"coordinates": [11.37936, 49.91406], "type": "Point"}, "properties": {"oid": "6034BG000043"}, "type": "Feature"}, {"geometry": {"coordinates": [12.60453, 48.86574], "type": "Point"}, "properties": {"oid": "7141BG000010"}, "type": "Feature"}, {"geometry": {"coordinates": [10.67187, 48.76468], "type": "Point"}, "properties": {"oid": "7230BG015034"}, "type": "Feature"}, {"geometry": {"coordinates": [11.96966, 48.00031], "type": "Point"}, "properties": {"oid": "7937BG015001"}, "type": "Feature"}, {"geometry": {"coordinates": [11.55628, 49.94166], "type": "Point"}, "properties": {"oid": "6035BG000167"}, "type": "Feature"}, {"geometry": {"coordinates": [10.02741, 48.38885], "type": "Point"}, "properties": {"oid": "7626BG000063"}, "type": "Feature"}, {"geometry": {"coordinates": [12.06334, 49.33915], "type": "Point"}, "properties": {"oid": "6638BG000723"}, "type": "Feature"}, {"geometry": {"coordinates": [11.9064, 47.83057], "type": "Point"}, "properties": {"oid": "8137BG015247"}, "type": "Feature"}, {"geometry": {"coordinates": [12.67412, 48.29098], "type": "Point"}, "properties": {"oid": "7742BG015157"}, "type": "Feature"}, {"geometry": {"coordinates": [10.60827, 48.72136], "type": "Point"}, "properties": {"oid": "7229BG000010"}, "type": "Feature"}, {"geometry": {"coordinates": [10.9722, 50.33953], "type": "Point"}, "properties": {"oid": "5631BG000228"}, "type": "Feature"}, {"geometry": {"coordinates": [11.50247, 48.05551], "type": "Point"}, "properties": {"oid": "7935BG000183"}, "type": "Feature"}, {"geometry": {"coordinates": [12.2964, 47.89763], "type": "Point"}, "properties": {"oid": "8139BG015044"}, "type": "Feature"}, {"geometry": {"coordinates": [10.86323, 49.52851], "type": "Point"}, "properties": {"oid": "6431BG015086"}, "type": "Feature"}, {"geometry": {"coordinates": [10.35166, 49.07492], "type": "Point"}, "properties": {"oid": "6928BG000025"}, "type": "Feature"}, {"geometry": {"coordinates": [10.62044, 49.02309], "type": "Point"}, "properties": {"oid": "6929BG000043"}, "type": "Feature"}, {"geometry": {"coordinates": [11.1145, 49.04584], "type": "Point"}, "properties": {"oid": "6932BG000007"}, "type": "Feature"}, {"geometry": {"coordinates": [11.09115, 49.24393], "type": "Point"}, "properties": {"oid": "6732BG000023"}, "type": "Feature"}, {"geometry": {"coordinates": [12.6806, 49.22814], "type": "Point"}, "properties": {"oid": "6742BG000234"}, "type": "Feature"}, {"geometry": {"coordinates": [10.9675, 49.04785], "type": "Point"}, "properties": {"oid": "6931BG000067"}, "type": "Feature"}, {"geometry": {"coordinates": [12.43835, 48.13328], "type": "Point"}, "properties": {"oid": "7840BG000020"}, "type": "Feature"}, {"geometry": {"coordinates": [11.55798, 48.17052], "type": "Point"}, "properties": {"oid": "7835BG007545"}, "type": "Feature"}, {"geometry": {"coordinates": [12.38977, 48.24624], "type": "Point"}, "properties": {"oid": "7740BG000035"}, "type": "Feature"}, {"geometry": {"coordinates": [12.43301, 48.23288], "type": "Point"}, "properties": {"oid": "7740BG000020"}, "type": "Feature"}, {"geometry": {"coordinates": [9.58805, 49.94889], "type": "Point"}, "properties": {"oid": "6023BG000061"}, "type": "Feature"}, {"geometry": {"coordinates": [12.77353, 48.00019], "type": "Point"}, "properties": {"oid": "7942BG000015"}, "type": "Feature"}, {"geometry": {"coordinates": [10.19963, 50.15824], "type": "Point"}, "properties": {"oid": "5827BG000005"}, "type": "Feature"}, {"geometry": {"coordinates": [9.86616, 50.11007], "type": "Point"}, "properties": {"oid": "5825BG000032"}, "type": "Feature"}, {"geometry": {"coordinates": [10.72424, 49.29373], "type": "Point"}, "properties": {"oid": "6730BG000143"}, "type": "Feature"}, {"geometry": {"coordinates": [11.63569, 49.50279], "type": "Point"}, "properties": {"oid": "6435BG015003"}, "type": "Feature"}, {"geometry": {"coordinates": [11.07136, 48.78886], "type": "Point"}, "properties": {"oid": "7232BG000602"}, "type": "Feature"}, {"geometry": {"coordinates": [11.2327, 49.55665], "type": "Point"}, "properties": {"oid": "6433BG000022"}, "type": "Feature"}, {"geometry": {"coordinates": [10.61881, 49.02574], "type": "Point"}, "properties": {"oid": "6929BG000042"}, "type": "Feature"}, {"geometry": {"coordinates": [11.58403, 48.12122], "type": "Point"}, "properties": {"oid": "7835BG007543"}, "type": "Feature"}, {"geometry": {"coordinates": [11.58514, 48.12319], "type": "Point"}, "properties": {"oid": "7835BG007544"}, "type": "Feature"}, {"geometry": {"coordinates": [10.77697, 49.33625], "type": "Point"}, "properties": {"oid": "6630BG000093"}, "type": "Feature"}, {"geometry": {"coordinates": [11.71421, 48.28605], "type": "Point"}, "properties": {"oid": "7736BG000191"}, "type": "Feature"}, {"geometry": {"coordinates": [11.57197, 49.9241], "type": "Point"}, "properties": {"oid": "6035BG000165"}, "type": "Feature"}, {"geometry": {"coordinates": [13.37423, 48.36722], "type": "Point"}, "properties": {"oid": "7646BG015034"}, "type": "Feature"}, {"geometry": {"coordinates": [11.65018, 49.89316], "type": "Point"}, "properties": {"oid": "6135BG000116"}, "type": "Feature"}, {"geometry": {"coordinates": [12.30863, 48.24209], "type": "Point"}, "properties": {"oid": "7739BG015002"}, "type": "Feature"}, {"geometry": {"coordinates": [12.7284, 48.17173], "type": "Point"}, "properties": {"oid": "7842BG000020"}, "type": "Feature"}, {"geometry": {"coordinates": [12.80393, 48.18656], "type": "Point"}, "properties": {"oid": "7842BG000009"}, "type": "Feature"}, {"geometry": {"coordinates": [12.42563, 48.12919], "type": "Point"}, "properties": {"oid": "7840BG000019"}, "type": "Feature"}, {"geometry": {"coordinates": [11.23996, 49.25606], "type": "Point"}, "properties": {"oid": "6733BG015015"}, "type": "Feature"}, {"geometry": {"coordinates": [10.34753, 49.07416], "type": "Point"}, "properties": {"oid": "6928BG000024"}, "type": "Feature"}, {"geometry": {"coordinates": [10.86778, 49.02987], "type": "Point"}, "properties": {"oid": "6931BG015007"}, "type": "Feature"}, {"geometry": {"coordinates": [11.01435, 49.69602], "type": "Point"}, "properties": {"oid": "6332BG000178"}, "type": "Feature"}, {"geometry": {"coordinates": [10.73768, 49.12455], "type": "Point"}, "properties": {"oid": "6830BG000008"}, "type": "Feature"}, {"geometry": {"coordinates": [11.55574, 48.18077], "type": "Point"}, "properties": {"oid": "7835BG007537"}, "type": "Feature"}, {"geometry": {"coordinates": [11.56264, 48.17621], "type": "Point"}, "properties": {"oid": "7835BG007538"}, "type": "Feature"}, {"geometry": {"coordinates": [11.58216, 48.12098], "type": "Point"}, "properties": {"oid": "7835BG007542"}, "type": "Feature"}, {"geometry": {"coordinates": [10.69553, 49.7747], "type": "Point"}, "properties": {"oid": "6230BG000080"}, "type": "Feature"}, {"geometry": {"coordinates": [11.06675, 49.67388], "type": "Point"}, "properties": {"oid": "6332BG000196"}, "type": "Feature"}, {"geometry": {"coordinates": [12.25277, 48.12742], "type": "Point"}, "properties": {"oid": "7839BG015087"}, "type": "Feature"}, {"geometry": {"coordinates": [11.38884, 50.42916], "type": "Point"}, "properties": {"oid": "5534BG000135"}, "type": "Feature"}, {"geometry": {"coordinates": [12.00399, 47.85826], "type": "Point"}, "properties": {"oid": "8138BG015659"}, "type": "Feature"}, {"geometry": {"coordinates": [11.63232, 49.588], "type": "Point"}, "properties": {"oid": "6435BG000013"}, "type": "Feature"}, {"geometry": {"coordinates": [11.91338, 49.48403], "type": "Point"}, "properties": {"oid": "6537BG000105"}, "type": "Feature"}, {"geometry": {"coordinates": [11.53126, 49.92934], "type": "Point"}, "properties": {"oid": "6035BG000172"}, "type": "Feature"}, {"geometry": {"coordinates": [12.24764, 48.1137], "type": "Point"}, "properties": {"oid": "7839BG015056"}, "type": "Feature"}, {"geometry": {"coordinates": [11.11628, 49.61092], "type": "Point"}, "properties": {"oid": "6332BG000197"}, "type": "Feature"}, {"geometry": {"coordinates": [11.51727, 49.90761], "type": "Point"}, "properties": {"oid": "6035BG000166"}, "type": "Feature"}, {"geometry": {"coordinates": [12.72356, 48.17539], "type": "Point"}, "properties": {"oid": "7842BG000010"}, "type": "Feature"}, {"geometry": {"coordinates": [10.36046, 48.53436], "type": "Point"}, "properties": {"oid": "7428BG015049"}, "type": "Feature"}, {"geometry": {"coordinates": [11.56083, 48.14084], "type": "Point"}, "properties": {"oid": "7835BG007550"}, "type": "Feature"}, {"geometry": {"coordinates": [11.60773, 48.12514], "type": "Point"}, "properties": {"oid": "7835BG007554"}, "type": "Feature"}, {"geometry": {"coordinates": [12.35253, 48.23605], "type": "Point"}, "properties": {"oid": "7740BG000047"}, "type": "Feature"}, {"geometry": {"coordinates": [11.04224, 49.66982], "type": "Point"}, "properties": {"oid": "6332BG000187"}, "type": "Feature"}, {"geometry": {"coordinates": [11.02675, 49.62678], "type": "Point"}, "properties": {"oid": "6332BG000169"}, "type": "Feature"}, {"geometry": {"coordinates": [11.98556, 49.9435], "type": "Point"}, "properties": {"oid": "6037BG015018"}, "type": "Feature"}, {"geometry": {"coordinates": [12.51186, 48.22977], "type": "Point"}, "properties": {"oid": "7741BG015029"}, "type": "Feature"}, {"geometry": {"coordinates": [11.46946, 48.18886], "type": "Point"}, "properties": {"oid": "7834BG000661"}, "type": "Feature"}, {"geometry": {"coordinates": [12.17269, 48.1647], "type": "Point"}, "properties": {"oid": "7839BG015090"}, "type": "Feature"}, {"geometry": {"coordinates": [11.94513, 49.79042], "type": "Point"}, "properties": {"oid": "6237BG000051"}, "type": "Feature"}, {"geometry": {"coordinates": [11.01102, 49.69248], "type": "Point"}, "properties": {"oid": "6332BG000177"}, "type": "Feature"}, {"geometry": {"coordinates": [9.50984, 50.03759], "type": "Point"}, "properties": {"oid": "5923BG000043"}, "type": "Feature"}, {"geometry": {"coordinates": [10.91368, 49.50954], "type": "Point"}, "properties": {"oid": "6431BG015082"}, "type": "Feature"}, {"geometry": {"coordinates": [12.43389, 47.9224], "type": "Point"}, "properties": {"oid": "8040BG000019"}, "type": "Feature"}, {"geometry": {"coordinates": [12.37113, 48.06177], "type": "Point"}, "properties": {"oid": "7940BG015122"}, "type": "Feature"}, {"geometry": {"coordinates": [11.78352, 47.99103], "type": "Point"}, "properties": {"oid": "8036BG015058"}, "type": "Feature"}, {"geometry": {"coordinates": [11.87141, 50.36823], "type": "Point"}, "properties": {"oid": "5637BG000622"}, "type": "Feature"}, {"geometry": {"coordinates": [12.53011, 48.00507], "type": "Point"}, "properties": {"oid": "7941BG015204"}, "type": "Feature"}, {"geometry": {"coordinates": [10.3618, 48.3661], "type": "Point"}, "properties": {"oid": "7628BG015004"}, "type": "Feature"}, {"geometry": {"coordinates": [11.90098, 47.98152], "type": "Point"}, "properties": {"oid": "8037BG015039"}, "type": "Feature"}, {"geometry": {"coordinates": [12.78376, 48.00351], "type": "Point"}, "properties": {"oid": "7942BG000013"}, "type": "Feature"}, {"geometry": {"coordinates": [10.62709, 48.76597], "type": "Point"}, "properties": {"oid": "7229BG000008"}, "type": "Feature"}, {"geometry": {"coordinates": [12.06279, 48.4152], "type": "Point"}, "properties": {"oid": "7538BG000191"}, "type": "Feature"}, {"geometry": {"coordinates": [11.07136, 49.67545], "type": "Point"}, "properties": {"oid": "6332BG000179"}, "type": "Feature"}, {"geometry": {"coordinates": [11.01047, 50.03651], "type": "Point"}, "properties": {"oid": "5932BG000019"}, "type": "Feature"}, {"geometry": {"coordinates": [11.18685, 49.84705], "type": "Point"}, "properties": {"oid": "6133BG000003"}, "type": "Feature"}, {"geometry": {"coordinates": [12.49776, 47.67712], "type": "Point"}, "properties": {"oid": "8340BG000001"}, "type": "Feature"}, {"geometry": {"coordinates": [11.94512, 49.7908], "type": "Point"}, "properties": {"oid": "6237BG000052"}, "type": "Feature"}, {"geometry": {"coordinates": [12.72413, 48.05728], "type": "Point"}, "properties": {"oid": "7942BG000003"}, "type": "Feature"}, {"geometry": {"coordinates": [10.02949, 50.14012], "type": "Point"}, "properties": {"oid": "5826BG015002"}, "type": "Feature"}, {"geometry": {"coordinates": [11.87078, 49.75536], "type": "Point"}, "properties": {"oid": "6237BG000030"}, "type": "Feature"}, {"geometry": {"coordinates": [12.15609, 48.18853], "type": "Point"}, "properties": {"oid": "7838BG000027"}, "type": "Feature"}, {"geometry": {"coordinates": [12.33815, 48.33131], "type": "Point"}, "properties": {"oid": "7640BG015001"}, "type": "Feature"}, {"geometry": {"coordinates": [11.57975, 48.12276], "type": "Point"}, "properties": {"oid": "7835BG007541"}, "type": "Feature"}, {"geometry": {"coordinates": [11.55377, 48.14543], "type": "Point"}, "properties": {"oid": "7835BG007546"}, "type": "Feature"}, {"geometry": {"coordinates": [11.82733, 47.95611], "type": "Point"}, "properties": {"oid": "8036BG015083"}, "type": "Feature"}, {"geometry": {"coordinates": [11.62617, 49.58266], "type": "Point"}, "properties": {"oid": "6435BG000023"}, "type": "Feature"}, {"geometry": {"coordinates": [12.83199, 48.78222], "type": "Point"}, "properties": {"oid": "7243BG000193"}, "type": "Feature"}, {"geometry": {"coordinates": [11.49998, 49.57254], "type": "Point"}, "properties": {"oid": "6435BG000006"}, "type": "Feature"}, {"geometry": {"coordinates": [11.81125, 47.80797], "type": "Point"}, "properties": {"oid": "8136BG015065"}, "type": "Feature"}, {"geometry": {"coordinates": [11.81042, 49.24051], "type": "Point"}, "properties": {"oid": "6736BG015011"}, "type": "Feature"}, {"geometry": {"coordinates": [10.7626, 49.82523], "type": "Point"}, "properties": {"oid": "6130BG015001"}, "type": "Feature"}, {"geometry": {"coordinates": [11.61898, 48.12074], "type": "Point"}, "properties": {"oid": "7835BG007549"}, "type": "Feature"}, {"geometry": {"coordinates": [11.97974, 47.98889], "type": "Point"}, "properties": {"oid": "8037BG015042"}, "type": "Feature"}, {"geometry": {"coordinates": [10.99989, 47.47033], "type": "Point"}, "properties": {"oid": "8532BG015018"}, "type": "Feature"}, {"geometry": {"coordinates": [12.2812, 49.31889], "type": "Point"}, "properties": {"oid": "6639BG000154"}, "type": "Feature"}, {"geometry": {"coordinates": [11.89734, 49.62302], "type": "Point"}, "properties": {"oid": "6337BG015005"}, "type": "Feature"}, {"geometry": {"coordinates": [11.70953, 49.51138], "type": "Point"}, "properties": {"oid": "6436BG015023"}, "type": "Feature"}, {"geometry": {"coordinates": [10.97042, 49.23684], "type": "Point"}, "properties": {"oid": "6731BG015037"}, "type": "Feature"}, {"geometry": {"coordinates": [12.53018, 48.00443], "type": "Point"}, "properties": {"oid": "7941BG015207"}, "type": "Feature"}, {"geometry": {"coordinates": [11.08502, 49.27094], "type": "Point"}, "properties": {"oid": "6732BG000008"}, "type": "Feature"}, {"geometry": {"coordinates": [12.37892, 48.19008], "type": "Point"}, "properties": {"oid": "7840BG000022"}, "type": "Feature"}, {"geometry": {"coordinates": [11.48576, 49.58335], "type": "Point"}, "properties": {"oid": "6434BG000008"}, "type": "Feature"}, {"geometry": {"coordinates": [11.11593, 49.61891], "type": "Point"}, "properties": {"oid": "6332BG000201"}, "type": "Feature"}, {"geometry": {"coordinates": [11.05435, 49.64807], "type": "Point"}, "properties": {"oid": "6332BG000230"}, "type": "Feature"}, {"geometry": {"coordinates": [12.05423, 50.2152], "type": "Point"}, "properties": {"oid": "5738BG015073"}, "type": "Feature"}, {"geometry": {"coordinates": [12.32548, 49.30263], "type": "Point"}, "properties": {"oid": "6639BG000167"}, "type": "Feature"}, {"geometry": {"coordinates": [12.44051, 48.00934], "type": "Point"}, "properties": {"oid": "7940BG015097"}, "type": "Feature"}, {"geometry": {"coordinates": [11.94447, 49.79018], "type": "Point"}, "properties": {"oid": "6237BG000053"}, "type": "Feature"}, {"geometry": {"coordinates": [11.53208, 49.55478], "type": "Point"}, "properties": {"oid": "6435BG000001"}, "type": "Feature"}, {"geometry": {"coordinates": [11.5751, 47.79276], "type": "Point"}, "properties": {"oid": "8235BG015142"}, "type": "Feature"}, {"geometry": {"coordinates": [11.63661, 50.3626], "type": "Point"}, "properties": {"oid": "5635BG015003"}, "type": "Feature"}, {"geometry": {"coordinates": [11.89112, 49.86349], "type": "Point"}, "properties": {"oid": "6137BG000131"}, "type": "Feature"}, {"geometry": {"coordinates": [13.10935, 48.48199], "type": "Point"}, "properties": {"oid": "7544BG000130"}, "type": "Feature"}, {"geometry": {"coordinates": [11.55228, 48.14586], "type": "Point"}, "properties": {"oid": "7835BG007536"}, "type": "Feature"}, {"geometry": {"coordinates": [11.6393, 49.83081], "type": "Point"}, "properties": {"oid": "6135BG000112"}, "type": "Feature"}, {"geometry": {"coordinates": [11.5468, 49.93765], "type": "Point"}, "properties": {"oid": "6035BG000169"}, "type": "Feature"}, {"geometry": {"coordinates": [10.61739, 49.0283], "type": "Point"}, "properties": {"oid": "6929BG000041"}, "type": "Feature"}, {"geometry": {"coordinates": [10.48926, 49.05299], "type": "Point"}, "properties": {"oid": "6928BG015002"}, "type": "Feature"}, {"geometry": {"coordinates": [11.78482, 49.75643], "type": "Point"}, "properties": {"oid": "6236BG015016"}, "type": "Feature"}, {"geometry": {"coordinates": [11.74454, 47.99023], "type": "Point"}, "properties": {"oid": "8036BG000013"}, "type": "Feature"}, {"geometry": {"coordinates": [11.4065, 49.64816], "type": "Point"}, "properties": {"oid": "6334BG000005"}, "type": "Feature"}, {"geometry": {"coordinates": [10.59168, 49.48368], "type": "Point"}, "properties": {"oid": "6529BG015033"}, "type": "Feature"}, {"geometry": {"coordinates": [11.52585, 48.06771], "type": "Point"}, "properties": {"oid": "7935BG015012"}, "type": "Feature"}, {"geometry": {"coordinates": [11.52576, 48.06772], "type": "Point"}, "properties": {"oid": "7935BG015009"}, "type": "Feature"}, {"geometry": {"coordinates": [11.00422, 49.59772], "type": "Point"}, "properties": {"oid": "6432BG015009"}, "type": "Feature"}, {"geometry": {"coordinates": [11.75426, 47.86227], "type": "Point"}, "properties": {"oid": "8136BG015067"}, "type": "Feature"}, {"geometry": {"coordinates": [11.05874, 49.58265], "type": "Point"}, "properties": {"oid": "6432BG000063"}, "type": "Feature"}, {"geometry": {"coordinates": [10.73429, 48.16782], "type": "Point"}, "properties": {"oid": "7830BG000008"}, "type": "Feature"}, {"geometry": {"coordinates": [12.445, 48.15173], "type": "Point"}, "properties": {"oid": "7840BG015113"}, "type": "Feature"}, {"geometry": {"coordinates": [11.7213, 49.57688], "type": "Point"}, "properties": {"oid": "6436BG015002"}, "type": "Feature"}, {"geometry": {"coordinates": [10.60869, 49.42718], "type": "Point"}, "properties": {"oid": "6529BG015010"}, "type": "Feature"}, {"geometry": {"coordinates": [13.37098, 48.36761], "type": "Point"}, "properties": {"oid": "7646BG015032"}, "type": "Feature"}, {"geometry": {"coordinates": [10.6028, 49.42404], "type": "Point"}, "properties": {"oid": "6529BG015013"}, "type": "Feature"}, {"geometry": {"coordinates": [10.35946, 48.53327], "type": "Point"}, "properties": {"oid": "7428BG015048"}, "type": "Feature"}, {"geometry": {"coordinates": [10.07649, 50.40349], "type": "Point"}, "properties": {"oid": "5526BG000089"}, "type": "Feature"}, {"geometry": {"coordinates": [10.79064, 49.31803], "type": "Point"}, "properties": {"oid": "6630BG000090"}, "type": "Feature"}, {"geometry": {"coordinates": [10.52264, 49.15305], "type": "Point"}, "properties": {"oid": "6829BG015038"}, "type": "Feature"}, {"geometry": {"coordinates": [11.65361, 49.58137], "type": "Point"}, "properties": {"oid": "6435BG000007"}, "type": "Feature"}, {"geometry": {"coordinates": [11.62237, 49.58767], "type": "Point"}, "properties": {"oid": "6435BG000014"}, "type": "Feature"}, {"geometry": {"coordinates": [10.21236, 50.26937], "type": "Point"}, "properties": {"oid": "5727BG000026"}, "type": "Feature"}, {"geometry": {"coordinates": [10.97341, 49.62184], "type": "Point"}, "properties": {"oid": "6331BG000043"}, "type": "Feature"}, {"geometry": {"coordinates": [11.32445, 49.90845], "type": "Point"}, "properties": {"oid": "6033BG000022"}, "type": "Feature"}, {"geometry": {"coordinates": [12.40877, 48.19407], "type": "Point"}, "properties": {"oid": "7840BG015115"}, "type": "Feature"}, {"geometry": {"coordinates": [11.60406, 49.99895], "type": "Point"}, "properties": {"oid": "5935BG015224"}, "type": "Feature"}, {"geometry": {"coordinates": [10.36804, 50.29304], "type": "Point"}, "properties": {"oid": "5728BG000005"}, "type": "Feature"}, {"geometry": {"coordinates": [10.60376, 49.42767], "type": "Point"}, "properties": {"oid": "6529BG015007"}, "type": "Feature"}, {"geometry": {"coordinates": [11.34006, 48.27306], "type": "Point"}, "properties": {"oid": "7734BG015001"}, "type": "Feature"}, {"geometry": {"coordinates": [11.10198, 49.65599], "type": "Point"}, "properties": {"oid": "6332BG000207"}, "type": "Feature"}, {"geometry": {"coordinates": [12.11298, 48.57781], "type": "Point"}, "properties": {"oid": "7438BG001905"}, "type": "Feature"}, {"geometry": {"coordinates": [10.61567, 48.39821], "type": "Point"}, "properties": {"oid": "7629BG015003"}, "type": "Feature"}, {"geometry": {"coordinates": [10.81493, 48.42486], "type": "Point"}, "properties": {"oid": "7530BG015002"}, "type": "Feature"}, {"geometry": {"coordinates": [12.46981, 48.06673], "type": "Point"}, "properties": {"oid": "7940BG000005"}, "type": "Feature"}, {"geometry": {"coordinates": [11.23625, 49.26058], "type": "Point"}, "properties": {"oid": "6733BG015017"}, "type": "Feature"}, {"geometry": {"coordinates": [12.76548, 48.18461], "type": "Point"}, "properties": {"oid": "7842BG000011"}, "type": "Feature"}, {"geometry": {"coordinates": [12.1514, 48.04734], "type": "Point"}, "properties": {"oid": "7938BG000004"}, "type": "Feature"}, {"geometry": {"coordinates": [10.91479, 49.51284], "type": "Point"}, "properties": {"oid": "6431BG015167"}, "type": "Feature"}, {"geometry": {"coordinates": [11.6051, 50.39636], "type": "Point"}, "properties": {"oid": "5635BG000130"}, "type": "Feature"}, {"geometry": {"coordinates": [11.91399, 48.89516], "type": "Point"}, "properties": {"oid": "7137BG000121"}, "type": "Feature"}, {"geometry": {"coordinates": [12.54862, 48.0479], "type": "Point"}, "properties": {"oid": "7941BG015285"}, "type": "Feature"}, {"geometry": {"coordinates": [12.61808, 47.81538], "type": "Point"}, "properties": {"oid": "8141BG000045"}, "type": "Feature"}, {"geometry": {"coordinates": [10.2678, 50.24263], "type": "Point"}, "properties": {"oid": "5727BG000018"}, "type": "Feature"}, {"geometry": {"coordinates": [10.99927, 47.46765], "type": "Point"}, "properties": {"oid": "8532BG015002"}, "type": "Feature"}, {"geometry": {"coordinates": [10.99939, 47.467], "type": "Point"}, "properties": {"oid": "8532BG015003"}, "type": "Feature"}, {"geometry": {"coordinates": [12.08676, 48.17332], "type": "Point"}, "properties": {"oid": "7838BG000025"}, "type": "Feature"}, {"geometry": {"coordinates": [12.2557, 49.31204], "type": "Point"}, "properties": {"oid": "6639BG000172"}, "type": "Feature"}, {"geometry": {"coordinates": [12.02089, 48.11602], "type": "Point"}, "properties": {"oid": "7838BG015075"}, "type": "Feature"}, {"geometry": {"coordinates": [10.91612, 48.92554], "type": "Point"}, "properties": {"oid": "7031BG000010"}, "type": "Feature"}, {"geometry": {"coordinates": [12.52911, 48.00435], "type": "Point"}, "properties": {"oid": "7941BG015203"}, "type": "Feature"}, {"geometry": {"coordinates": [12.15952, 47.90253], "type": "Point"}, "properties": {"oid": "8038BG000004"}, "type": "Feature"}, {"geometry": {"coordinates": [12.83174, 48.17646], "type": "Point"}, "properties": {"oid": "7842BG015066"}, "type": "Feature"}, {"geometry": {"coordinates": [12.73655, 48.17543], "type": "Point"}, "properties": {"oid": "7842BG015084"}, "type": "Feature"}, {"geometry": {"coordinates": [10.43464, 48.46816], "type": "Point"}, "properties": {"oid": "7528BG015026"}, "type": "Feature"}, {"geometry": {"coordinates": [12.58498, 48.25046], "type": "Point"}, "properties": {"oid": "7741BG015177"}, "type": "Feature"}, {"geometry": {"coordinates": [12.30872, 47.99028], "type": "Point"}, "properties": {"oid": "8039BG015067"}, "type": "Feature"}, {"geometry": {"coordinates": [10.65308, 49.20179], "type": "Point"}, "properties": {"oid": "6729BG000029"}, "type": "Feature"}, {"geometry": {"coordinates": [12.59626, 48.00381], "type": "Point"}, "properties": {"oid": "7941BG000022"}, "type": "Feature"}, {"geometry": {"coordinates": [12.37645, 48.12702], "type": "Point"}, "properties": {"oid": "7840BG000014"}, "type": "Feature"}, {"geometry": {"coordinates": [12.62774, 48.03628], "type": "Point"}, "properties": {"oid": "7941BG000020"}, "type": "Feature"}, {"geometry": {"coordinates": [13.37781, 48.51422], "type": "Point"}, "properties": {"oid": "7446BG000353"}, "type": "Feature"}, {"geometry": {"coordinates": [12.67924, 48.01639], "type": "Point"}, "properties": {"oid": "7942BG015017"}, "type": "Feature"}, {"geometry": {"coordinates": [10.9189, 49.64165], "type": "Point"}, "properties": {"oid": "6331BG000033"}, "type": "Feature"}, {"geometry": {"coordinates": [12.56699, 47.99083], "type": "Point"}, "properties": {"oid": "8041BG015285"}, "type": "Feature"}, {"geometry": {"coordinates": [12.3501, 47.88806], "type": "Point"}, "properties": {"oid": "8140BG015063"}, "type": "Feature"}, {"geometry": {"coordinates": [12.75435, 48.17969], "type": "Point"}, "properties": {"oid": "7842BG000007"}, "type": "Feature"}, {"geometry": {"coordinates": [12.02337, 48.17746], "type": "Point"}, "properties": {"oid": "7838BG015059"}, "type": "Feature"}, {"geometry": {"coordinates": [9.14174, 49.86935], "type": "Point"}, "properties": {"oid": "6120BG000123"}, "type": "Feature"}, {"geometry": {"coordinates": [12.84867, 48.17748], "type": "Point"}, "properties": {"oid": "7843BG015109"}, "type": "Feature"}, {"geometry": {"coordinates": [12.84866, 48.18151], "type": "Point"}, "properties": {"oid": "7843BG015113"}, "type": "Feature"}, {"geometry": {"coordinates": [11.23808, 49.26172], "type": "Point"}, "properties": {"oid": "6733BG015018"}, "type": "Feature"}, {"geometry": {"coordinates": [11.34156, 49.39676], "type": "Point"}, "properties": {"oid": "6634BG000020"}, "type": "Feature"}, {"geometry": {"coordinates": [10.30397, 49.11546], "type": "Point"}, "properties": {"oid": "6827BG015005"}, "type": "Feature"}, {"geometry": {"coordinates": [12.8304, 48.19164], "type": "Point"}, "properties": {"oid": "7842BG015061"}, "type": "Feature"}, {"geometry": {"coordinates": [12.83131, 48.18503], "type": "Point"}, "properties": {"oid": "7842BG015063"}, "type": "Feature"}, {"geometry": {"coordinates": [12.30692, 48.29534], "type": "Point"}, "properties": {"oid": "7739BG015089"}, "type": "Feature"}, {"geometry": {"coordinates": [12.85293, 48.18133], "type": "Point"}, "properties": {"oid": "7843BG015090"}, "type": "Feature"}, {"geometry": {"coordinates": [12.85047, 48.18382], "type": "Point"}, "properties": {"oid": "7843BG015123"}, "type": "Feature"}, {"geometry": {"coordinates": [12.85099, 48.17882], "type": "Point"}, "properties": {"oid": "7843BG015130"}, "type": "Feature"}, {"geometry": {"coordinates": [10.75239, 49.12144], "type": "Point"}, "properties": {"oid": "6830BG000059"}, "type": "Feature"}, {"geometry": {"coordinates": [10.75251, 49.12216], "type": "Point"}, "properties": {"oid": "6830BG000058"}, "type": "Feature"}, {"geometry": {"coordinates": [12.40315, 48.12947], "type": "Point"}, "properties": {"oid": "7840BG000004"}, "type": "Feature"}, {"geometry": {"coordinates": [11.80498, 47.79962], "type": "Point"}, "properties": {"oid": "8136BG015032"}, "type": "Feature"}, {"geometry": {"coordinates": [12.85436, 48.18583], "type": "Point"}, "properties": {"oid": "7843BG015072"}, "type": "Feature"}, {"geometry": {"coordinates": [12.84453, 48.18165], "type": "Point"}, "properties": {"oid": "7843BG015092"}, "type": "Feature"}, {"geometry": {"coordinates": [12.85189, 48.18482], "type": "Point"}, "properties": {"oid": "7843BG015098"}, "type": "Feature"}, {"geometry": {"coordinates": [12.8318, 48.18504], "type": "Point"}, "properties": {"oid": "7843BG015104"}, "type": "Feature"}, {"geometry": {"coordinates": [12.84872, 48.17801], "type": "Point"}, "properties": {"oid": "7843BG015108"}, "type": "Feature"}, {"geometry": {"coordinates": [10.92498, 49.17371], "type": "Point"}, "properties": {"oid": "6831BG000106"}, "type": "Feature"}, {"geometry": {"coordinates": [12.53339, 48.03242], "type": "Point"}, "properties": {"oid": "7941BG000023"}, "type": "Feature"}, {"geometry": {"coordinates": [10.96738, 49.04713], "type": "Point"}, "properties": {"oid": "6931BG000086"}, "type": "Feature"}, {"geometry": {"coordinates": [12.06089, 48.01595], "type": "Point"}, "properties": {"oid": "7938BG015003"}, "type": "Feature"}, {"geometry": {"coordinates": [12.47675, 48.15282], "type": "Point"}, "properties": {"oid": "7840BG000026"}, "type": "Feature"}, {"geometry": {"coordinates": [13.21044, 48.31231], "type": "Point"}, "properties": {"oid": "7645BG000108"}, "type": "Feature"}, {"geometry": {"coordinates": [12.83136, 48.17638], "type": "Point"}, "properties": {"oid": "7842BG015065"}, "type": "Feature"}, {"geometry": {"coordinates": [12.3963, 48.06154], "type": "Point"}, "properties": {"oid": "7940BG000013"}, "type": "Feature"}, {"geometry": {"coordinates": [12.42295, 48.06454], "type": "Point"}, "properties": {"oid": "7940BG000014"}, "type": "Feature"}, {"geometry": {"coordinates": [12.22069, 48.23856], "type": "Point"}, "properties": {"oid": "7739BG000009"}, "type": "Feature"}, {"geometry": {"coordinates": [11.71693, 47.87482], "type": "Point"}, "properties": {"oid": "8136BG000007"}, "type": "Feature"}, {"geometry": {"coordinates": [11.50162, 49.02454], "type": "Point"}, "properties": {"oid": "6935BG000128"}, "type": "Feature"}, {"geometry": {"coordinates": [11.86545, 47.86479], "type": "Point"}, "properties": {"oid": "8137BG015242"}, "type": "Feature"}, {"geometry": {"coordinates": [11.03442, 49.50397], "type": "Point"}, "properties": {"oid": "6432BG015266"}, "type": "Feature"}, {"geometry": {"coordinates": [11.67628, 47.89419], "type": "Point"}, "properties": {"oid": "8136BG015020"}, "type": "Feature"}, {"geometry": {"coordinates": [12.84911, 48.18156], "type": "Point"}, "properties": {"oid": "7843BG015114"}, "type": "Feature"}, {"geometry": {"coordinates": [12.77081, 48.18319], "type": "Point"}, "properties": {"oid": "7842BG015165"}, "type": "Feature"}, {"geometry": {"coordinates": [12.22071, 48.15047], "type": "Point"}, "properties": {"oid": "7839BG000015"}, "type": "Feature"}, {"geometry": {"coordinates": [12.2206, 48.12454], "type": "Point"}, "properties": {"oid": "7839BG000014"}, "type": "Feature"}, {"geometry": {"coordinates": [12.37927, 48.05423], "type": "Point"}, "properties": {"oid": "7940BG000012"}, "type": "Feature"}, {"geometry": {"coordinates": [12.34229, 48.01473], "type": "Point"}, "properties": {"oid": "7940BG015109"}, "type": "Feature"}, {"geometry": {"coordinates": [12.44669, 48.25054], "type": "Point"}, "properties": {"oid": "7740BG000019"}, "type": "Feature"}, {"geometry": {"coordinates": [12.26731, 48.24722], "type": "Point"}, "properties": {"oid": "7739BG015100"}, "type": "Feature"}, {"geometry": {"coordinates": [11.84278, 48.89813], "type": "Point"}, "properties": {"oid": "7137BG000135"}, "type": "Feature"}, {"geometry": {"coordinates": [11.62913, 49.58379], "type": "Point"}, "properties": {"oid": "6435BG000010"}, "type": "Feature"}, {"geometry": {"coordinates": [12.09942, 49.00872], "type": "Point"}, "properties": {"oid": "6938BG000632"}, "type": "Feature"}, {"geometry": {"coordinates": [9.39936, 49.65632], "type": "Point"}, "properties": {"oid": "6322BG015006"}, "type": "Feature"}, {"geometry": {"coordinates": [12.86774, 47.90757], "type": "Point"}, "properties": {"oid": "8043BG015005"}, "type": "Feature"}, {"geometry": {"coordinates": [12.39535, 48.22771], "type": "Point"}, "properties": {"oid": "7740BG015033"}, "type": "Feature"}, {"geometry": {"coordinates": [12.39977, 48.24235], "type": "Point"}, "properties": {"oid": "7740BG000030"}, "type": "Feature"}, {"geometry": {"coordinates": [11.15953, 47.86275], "type": "Point"}, "properties": {"oid": "8132BG015153"}, "type": "Feature"}, {"geometry": {"coordinates": [12.40804, 48.09437], "type": "Point"}, "properties": {"oid": "7940BG000018"}, "type": "Feature"}, {"geometry": {"coordinates": [11.06256, 49.80854], "type": "Point"}, "properties": {"oid": "6132BG000059"}, "type": "Feature"}, {"geometry": {"coordinates": [10.4121, 48.69406], "type": "Point"}, "properties": {"oid": "7328BG000004"}, "type": "Feature"}, {"geometry": {"coordinates": [12.10352, 48.07531], "type": "Point"}, "properties": {"oid": "7938BG000005"}, "type": "Feature"}, {"geometry": {"coordinates": [12.44047, 48.23303], "type": "Point"}, "properties": {"oid": "7740BG000008"}, "type": "Feature"}, {"geometry": {"coordinates": [11.87277, 49.30479], "type": "Point"}, "properties": {"oid": "6637BG000081"}, "type": "Feature"}, {"geometry": {"coordinates": [12.36953, 48.12157], "type": "Point"}, "properties": {"oid": "7840BG000012"}, "type": "Feature"}, {"geometry": {"coordinates": [12.40307, 48.12942], "type": "Point"}, "properties": {"oid": "7840BG000005"}, "type": "Feature"}, {"geometry": {"coordinates": [10.81346, 49.12873], "type": "Point"}, "properties": {"oid": "6830BG015009"}, "type": "Feature"}, {"geometry": {"coordinates": [10.7822, 48.47056], "type": "Point"}, "properties": {"oid": "7530BG015001"}, "type": "Feature"}, {"geometry": {"coordinates": [12.38099, 48.12478], "type": "Point"}, "properties": {"oid": "7840BG000003"}, "type": "Feature"}, {"geometry": {"coordinates": [11.27743, 48.12792], "type": "Point"}, "properties": {"oid": "7833BG015009"}, "type": "Feature"}, {"geometry": {"coordinates": [11.05366, 49.51419], "type": "Point"}, "properties": {"oid": "6432BG015033"}, "type": "Feature"}, {"geometry": {"coordinates": [9.7064, 50.24749], "type": "Point"}, "properties": {"oid": "5724BG015001"}, "type": "Feature"}, {"geometry": {"coordinates": [12.16084, 47.90879], "type": "Point"}, "properties": {"oid": "8038BG000017"}, "type": "Feature"}, {"geometry": {"coordinates": [13.17527, 48.39032], "type": "Point"}, "properties": {"oid": "7645BG000038"}, "type": "Feature"}, {"geometry": {"coordinates": [12.34833, 48.1199], "type": "Point"}, "properties": {"oid": "7840BG000013"}, "type": "Feature"}, {"geometry": {"coordinates": [10.61847, 49.5743], "type": "Point"}, "properties": {"oid": "6429BG000024"}, "type": "Feature"}, {"geometry": {"coordinates": [12.31291, 48.039], "type": "Point"}, "properties": {"oid": "7939BG000009"}, "type": "Feature"}, {"geometry": {"coordinates": [10.57932, 49.13477], "type": "Point"}, "properties": {"oid": "6829BG000058"}, "type": "Feature"}, {"geometry": {"coordinates": [12.62504, 48.51065], "type": "Point"}, "properties": {"oid": "7441BG015038"}, "type": "Feature"}, {"geometry": {"coordinates": [11.86265, 47.8602], "type": "Point"}, "properties": {"oid": "8137BG015240"}, "type": "Feature"}, {"geometry": {"coordinates": [10.78446, 49.12896], "type": "Point"}, "properties": {"oid": "6830BG015007"}, "type": "Feature"}, {"geometry": {"coordinates": [12.43024, 48.24728], "type": "Point"}, "properties": {"oid": "7740BG000007"}, "type": "Feature"}, {"geometry": {"coordinates": [12.33583, 48.31221], "type": "Point"}, "properties": {"oid": "7640BG015047"}, "type": "Feature"}, {"geometry": {"coordinates": [12.56819, 48.36894], "type": "Point"}, "properties": {"oid": "7641BG015093"}, "type": "Feature"}, {"geometry": {"coordinates": [12.39779, 48.22844], "type": "Point"}, "properties": {"oid": "7740BG015031"}, "type": "Feature"}, {"geometry": {"coordinates": [12.39543, 48.22756], "type": "Point"}, "properties": {"oid": "7740BG015032"}, "type": "Feature"}, {"geometry": {"coordinates": [11.40874, 47.90956], "type": "Point"}, "properties": {"oid": "8034BG000198"}, "type": "Feature"}, {"geometry": {"coordinates": [12.58878, 48.34627], "type": "Point"}, "properties": {"oid": "7641BG015061"}, "type": "Feature"}, {"geometry": {"coordinates": [11.86575, 47.86703], "type": "Point"}, "properties": {"oid": "8137BG015234"}, "type": "Feature"}, {"geometry": {"coordinates": [12.39899, 48.28152], "type": "Point"}, "properties": {"oid": "7740BG015085"}, "type": "Feature"}, {"geometry": {"coordinates": [12.35284, 48.43452], "type": "Point"}, "properties": {"oid": "7540BG015101"}, "type": "Feature"}, {"geometry": {"coordinates": [11.99914, 47.99253], "type": "Point"}, "properties": {"oid": "8038BG000002"}, "type": "Feature"}, {"geometry": {"coordinates": [12.70442, 48.02424], "type": "Point"}, "properties": {"oid": "7942BG015094"}, "type": "Feature"}, {"geometry": {"coordinates": [11.91321, 50.29571], "type": "Point"}, "properties": {"oid": "5737BG000184"}, "type": "Feature"}, {"geometry": {"coordinates": [11.01282, 49.5966], "type": "Point"}, "properties": {"oid": "6432BG015010"}, "type": "Feature"}, {"geometry": {"coordinates": [10.92921, 49.87176], "type": "Point"}, "properties": {"oid": "6131BG000423"}, "type": "Feature"}, {"geometry": {"coordinates": [11.9633, 50.20169], "type": "Point"}, "properties": {"oid": "5737BG000230"}, "type": "Feature"}, {"geometry": {"coordinates": [10.60604, 49.43718], "type": "Point"}, "properties": {"oid": "6529BG015031"}, "type": "Feature"}, {"geometry": {"coordinates": [12.19373, 50.08396], "type": "Point"}, "properties": {"oid": "5939BG000346"}, "type": "Feature"}, {"geometry": {"coordinates": [10.49762, 49.05706], "type": "Point"}, "properties": {"oid": "6928BG000022"}, "type": "Feature"}, {"geometry": {"coordinates": [11.63288, 49.48412], "type": "Point"}, "properties": {"oid": "6535BG015004"}, "type": "Feature"}, {"geometry": {"coordinates": [12.50974, 48.36823], "type": "Point"}, "properties": {"oid": "7641BG015092"}, "type": "Feature"}, {"geometry": {"coordinates": [10.3444, 49.4434], "type": "Point"}, "properties": {"oid": "6528BG015002"}, "type": "Feature"}, {"geometry": {"coordinates": [11.8038, 48.85906], "type": "Point"}, "properties": {"oid": "7136BG000268"}, "type": "Feature"}, {"geometry": {"coordinates": [12.31173, 47.92469], "type": "Point"}, "properties": {"oid": "8039BG000015"}, "type": "Feature"}, {"geometry": {"coordinates": [10.34483, 49.48404], "type": "Point"}, "properties": {"oid": "6528BG015005"}, "type": "Feature"}, {"geometry": {"coordinates": [12.04035, 49.36102], "type": "Point"}, "properties": {"oid": "6638BG000655"}, "type": "Feature"}, {"geometry": {"coordinates": [11.1235, 49.1027], "type": "Point"}, "properties": {"oid": "6832BG000009"}, "type": "Feature"}, {"geometry": {"coordinates": [12.10474, 49.88491], "type": "Point"}, "properties": {"oid": "6138BG000019"}, "type": "Feature"}, {"geometry": {"coordinates": [12.2206, 49.32503], "type": "Point"}, "properties": {"oid": "6639BG000210"}, "type": "Feature"}, {"geometry": {"coordinates": [11.40256, 48.32556], "type": "Point"}, "properties": {"oid": "7634BG000131"}, "type": "Feature"}, {"geometry": {"coordinates": [11.5301, 48.32156], "type": "Point"}, "properties": {"oid": "7635BG015001"}, "type": "Feature"}, {"geometry": {"coordinates": [12.33374, 48.29647], "type": "Point"}, "properties": {"oid": "7740BG015075"}, "type": "Feature"}, {"geometry": {"coordinates": [11.9284, 47.95955], "type": "Point"}, "properties": {"oid": "8037BG000014"}, "type": "Feature"}, {"geometry": {"coordinates": [11.78928, 49.36303], "type": "Point"}, "properties": {"oid": "6636BG000009"}, "type": "Feature"}, {"geometry": {"coordinates": [11.66373, 47.89037], "type": "Point"}, "properties": {"oid": "8135BG015002"}, "type": "Feature"}, {"geometry": {"coordinates": [10.85078, 49.55227], "type": "Point"}, "properties": {"oid": "6431BG015001"}, "type": "Feature"}, {"geometry": {"coordinates": [12.38777, 48.01655], "type": "Point"}, "properties": {"oid": "7940BG000021"}, "type": "Feature"}, {"geometry": {"coordinates": [11.9606, 50.20015], "type": "Point"}, "properties": {"oid": "5737BG000229"}, "type": "Feature"}, {"geometry": {"coordinates": [10.97766, 48.11844], "type": "Point"}, "properties": {"oid": "7831BG015069"}, "type": "Feature"}, {"geometry": {"coordinates": [12.36674, 48.05923], "type": "Point"}, "properties": {"oid": "7940BG000015"}, "type": "Feature"}, {"geometry": {"coordinates": [12.21962, 49.32399], "type": "Point"}, "properties": {"oid": "6639BG000209"}, "type": "Feature"}, {"geometry": {"coordinates": [12.01354, 50.01089], "type": "Point"}, "properties": {"oid": "5938BG000035"}, "type": "Feature"}, {"geometry": {"coordinates": [10.37633, 47.88606], "type": "Point"}, "properties": {"oid": "8128BG015004"}, "type": "Feature"}, {"geometry": {"coordinates": [12.24252, 49.31909], "type": "Point"}, "properties": {"oid": "6639BG000218"}, "type": "Feature"}, {"geometry": {"coordinates": [12.40763, 48.22425], "type": "Point"}, "properties": {"oid": "7740BG015039"}, "type": "Feature"}, {"geometry": {"coordinates": [10.66344, 49.59311], "type": "Point"}, "properties": {"oid": "6429BG015045"}, "type": "Feature"}, {"geometry": {"coordinates": [11.80615, 48.98411], "type": "Point"}, "properties": {"oid": "7036BG000261"}, "type": "Feature"}, {"geometry": {"coordinates": [12.19667, 48.25356], "type": "Point"}, "properties": {"oid": "7739BG015098"}, "type": "Feature"}, {"geometry": {"coordinates": [10.20997, 50.33711], "type": "Point"}, "properties": {"oid": "5627BG000032"}, "type": "Feature"}, {"geometry": {"coordinates": [12.23237, 49.32352], "type": "Point"}, "properties": {"oid": "6639BG000215"}, "type": "Feature"}, {"geometry": {"coordinates": [11.86821, 48.46916], "type": "Point"}, "properties": {"oid": "7537BG000680"}, "type": "Feature"}, {"geometry": {"coordinates": [12.23764, 49.31802], "type": "Point"}, "properties": {"oid": "6639BG000222"}, "type": "Feature"}, {"geometry": {"coordinates": [11.9675, 50.03462], "type": "Point"}, "properties": {"oid": "5937BG000153"}, "type": "Feature"}, {"geometry": {"coordinates": [12.22285, 49.32525], "type": "Point"}, "properties": {"oid": "6639BG000211"}, "type": "Feature"}, {"geometry": {"coordinates": [12.37978, 48.23992], "type": "Point"}, "properties": {"oid": "7740BG000013"}, "type": "Feature"}, {"geometry": {"coordinates": [12.44759, 48.24141], "type": "Point"}, "properties": {"oid": "7740BG000015"}, "type": "Feature"}, {"geometry": {"coordinates": [12.33635, 48.23713], "type": "Point"}, "properties": {"oid": "7740BG000044"}, "type": "Feature"}, {"geometry": {"coordinates": [12.27569, 48.17231], "type": "Point"}, "properties": {"oid": "7839BG000011"}, "type": "Feature"}, {"geometry": {"coordinates": [12.31917, 48.18552], "type": "Point"}, "properties": {"oid": "7839BG000008"}, "type": "Feature"}, {"geometry": {"coordinates": [12.30743, 48.18971], "type": "Point"}, "properties": {"oid": "7839BG000006"}, "type": "Feature"}, {"geometry": {"coordinates": [12.21388, 48.18294], "type": "Point"}, "properties": {"oid": "7839BG000003"}, "type": "Feature"}, {"geometry": {"coordinates": [12.18084, 48.16305], "type": "Point"}, "properties": {"oid": "7839BG015070"}, "type": "Feature"}, {"geometry": {"coordinates": [12.73814, 48.04831], "type": "Point"}, "properties": {"oid": "7942BG015046"}, "type": "Feature"}, {"geometry": {"coordinates": [12.23541, 49.32201], "type": "Point"}, "properties": {"oid": "6639BG000216"}, "type": "Feature"}, {"geometry": {"coordinates": [12.39257, 49.25145], "type": "Point"}, "properties": {"oid": "6740BG000065"}, "type": "Feature"}, {"geometry": {"coordinates": [10.56813, 49.59023], "type": "Point"}, "properties": {"oid": "6429BG015016"}, "type": "Feature"}, {"geometry": {"coordinates": [12.29617, 48.1085], "type": "Point"}, "properties": {"oid": "7839BG000018"}, "type": "Feature"}, {"geometry": {"coordinates": [12.52669, 48.15425], "type": "Point"}, "properties": {"oid": "7841BG000004"}, "type": "Feature"}, {"geometry": {"coordinates": [12.51552, 48.10537], "type": "Point"}, "properties": {"oid": "7841BG000007"}, "type": "Feature"}, {"geometry": {"coordinates": [12.58305, 48.13999], "type": "Point"}, "properties": {"oid": "7841BG000005"}, "type": "Feature"}, {"geometry": {"coordinates": [12.00539, 47.99703], "type": "Point"}, "properties": {"oid": "8038BG000001"}, "type": "Feature"}, {"geometry": {"coordinates": [11.63916, 47.88621], "type": "Point"}, "properties": {"oid": "8135BG000023"}, "type": "Feature"}, {"geometry": {"coordinates": [12.23571, 48.232], "type": "Point"}, "properties": {"oid": "7739BG000017"}, "type": "Feature"}, {"geometry": {"coordinates": [12.02621, 48.17375], "type": "Point"}, "properties": {"oid": "7838BG015058"}, "type": "Feature"}, {"geometry": {"coordinates": [12.27648, 48.29153], "type": "Point"}, "properties": {"oid": "7739BG015084"}, "type": "Feature"}, {"geometry": {"coordinates": [10.32185, 49.47027], "type": "Point"}, "properties": {"oid": "6527BG000044"}, "type": "Feature"}, {"geometry": {"coordinates": [11.70148, 48.2512], "type": "Point"}, "properties": {"oid": "7736BG015007"}, "type": "Feature"}, {"geometry": {"coordinates": [12.9264, 47.92544], "type": "Point"}, "properties": {"oid": "8043BG015027"}, "type": "Feature"}, {"geometry": {"coordinates": [10.40687, 48.41073], "type": "Point"}, "properties": {"oid": "7528BG015009"}, "type": "Feature"}, {"geometry": {"coordinates": [12.42635, 48.23335], "type": "Point"}, "properties": {"oid": "7740BG000011"}, "type": "Feature"}, {"geometry": {"coordinates": [12.4797, 48.2381], "type": "Point"}, "properties": {"oid": "7740BG000034"}, "type": "Feature"}, {"geometry": {"coordinates": [12.38973, 48.24711], "type": "Point"}, "properties": {"oid": "7740BG000005"}, "type": "Feature"}, {"geometry": {"coordinates": [12.37202, 48.2411], "type": "Point"}, "properties": {"oid": "7740BG000009"}, "type": "Feature"}, {"geometry": {"coordinates": [12.2557, 48.2835], "type": "Point"}, "properties": {"oid": "7739BG015086"}, "type": "Feature"}, {"geometry": {"coordinates": [12.06661, 47.91801], "type": "Point"}, "properties": {"oid": "8038BG000016"}, "type": "Feature"}, {"geometry": {"coordinates": [10.35544, 49.08339], "type": "Point"}, "properties": {"oid": "6928BG015031"}, "type": "Feature"}, {"geometry": {"coordinates": [11.31657, 48.72874], "type": "Point"}, "properties": {"oid": "7233BG000891"}, "type": "Feature"}, {"geometry": {"coordinates": [12.24604, 48.26966], "type": "Point"}, "properties": {"oid": "7739BG000022"}, "type": "Feature"}, {"geometry": {"coordinates": [12.17636, 47.9075], "type": "Point"}, "properties": {"oid": "8039BG000016"}, "type": "Feature"}, {"geometry": {"coordinates": [12.18145, 47.90984], "type": "Point"}, "properties": {"oid": "8039BG000017"}, "type": "Feature"}, {"geometry": {"coordinates": [11.01746, 49.69832], "type": "Point"}, "properties": {"oid": "6332BG000191"}, "type": "Feature"}, {"geometry": {"coordinates": [12.2042, 48.2371], "type": "Point"}, "properties": {"oid": "7739BG015101"}, "type": "Feature"}, {"geometry": {"coordinates": [10.45153, 48.42604], "type": "Point"}, "properties": {"oid": "7528BG015036"}, "type": "Feature"}, {"geometry": {"coordinates": [12.41867, 48.23601], "type": "Point"}, "properties": {"oid": "7740BG000052"}, "type": "Feature"}, {"geometry": {"coordinates": [12.43859, 48.33489], "type": "Point"}, "properties": {"oid": "7640BG015049"}, "type": "Feature"}, {"geometry": {"coordinates": [12.36518, 48.23937], "type": "Point"}, "properties": {"oid": "7740BG000012"}, "type": "Feature"}, {"geometry": {"coordinates": [12.42124, 48.25036], "type": "Point"}, "properties": {"oid": "7740BG000017"}, "type": "Feature"}, {"geometry": {"coordinates": [12.29073, 48.18559], "type": "Point"}, "properties": {"oid": "7839BG000007"}, "type": "Feature"}, {"geometry": {"coordinates": [11.74683, 47.87331], "type": "Point"}, "properties": {"oid": "8136BG000004"}, "type": "Feature"}, {"geometry": {"coordinates": [12.63133, 47.94048], "type": "Point"}, "properties": {"oid": "8041BG000005"}, "type": "Feature"}, {"geometry": {"coordinates": [11.86651, 50.33353], "type": "Point"}, "properties": {"oid": "5637BG000537"}, "type": "Feature"}, {"geometry": {"coordinates": [10.57414, 48.11046], "type": "Point"}, "properties": {"oid": "7829BG015001"}, "type": "Feature"}, {"geometry": {"coordinates": [12.83205, 48.1867], "type": "Point"}, "properties": {"oid": "7843BG015086"}, "type": "Feature"}, {"geometry": {"coordinates": [12.84272, 48.18755], "type": "Point"}, "properties": {"oid": "7843BG015087"}, "type": "Feature"}, {"geometry": {"coordinates": [12.84825, 48.18947], "type": "Point"}, "properties": {"oid": "7843BG015088"}, "type": "Feature"}, {"geometry": {"coordinates": [12.84886, 48.18437], "type": "Point"}, "properties": {"oid": "7843BG015116"}, "type": "Feature"}, {"geometry": {"coordinates": [12.84847, 48.18811], "type": "Point"}, "properties": {"oid": "7843BG015122"}, "type": "Feature"}, {"geometry": {"coordinates": [12.83324, 48.18233], "type": "Point"}, "properties": {"oid": "7843BG015126"}, "type": "Feature"}, {"geometry": {"coordinates": [12.70293, 48.17581], "type": "Point"}, "properties": {"oid": "7842BG000025"}, "type": "Feature"}, {"geometry": {"coordinates": [10.88825, 49.39884], "type": "Point"}, "properties": {"oid": "6631BG015064"}, "type": "Feature"}, {"geometry": {"coordinates": [11.86678, 47.86713], "type": "Point"}, "properties": {"oid": "8137BG015243"}, "type": "Feature"}, {"geometry": {"coordinates": [11.70139, 48.2512], "type": "Point"}, "properties": {"oid": "7736BG015008"}, "type": "Feature"}, {"geometry": {"coordinates": [10.18845, 49.38079], "type": "Point"}, "properties": {"oid": "6627BG015021"}, "type": "Feature"}, {"geometry": {"coordinates": [11.13648, 48.70675], "type": "Point"}, "properties": {"oid": "7232BG000583"}, "type": "Feature"}, {"geometry": {"coordinates": [12.22719, 49.32557], "type": "Point"}, "properties": {"oid": "6639BG000213"}, "type": "Feature"}, {"geometry": {"coordinates": [12.39098, 48.06108], "type": "Point"}, "properties": {"oid": "7940BG000016"}, "type": "Feature"}, {"geometry": {"coordinates": [12.64711, 47.98446], "type": "Point"}, "properties": {"oid": "8041BG000007"}, "type": "Feature"}, {"geometry": {"coordinates": [10.27229, 49.34261], "type": "Point"}, "properties": {"oid": "6627BG000003"}, "type": "Feature"}, {"geometry": {"coordinates": [12.24263, 48.45655], "type": "Point"}, "properties": {"oid": "7539BG015024"}, "type": "Feature"}, {"geometry": {"coordinates": [11.78307, 50.29747], "type": "Point"}, "properties": {"oid": "5736BG000254"}, "type": "Feature"}, {"geometry": {"coordinates": [12.84827, 48.18415], "type": "Point"}, "properties": {"oid": "7843BG015115"}, "type": "Feature"}, {"geometry": {"coordinates": [12.84925, 48.18955], "type": "Point"}, "properties": {"oid": "7843BG015121"}, "type": "Feature"}, {"geometry": {"coordinates": [12.40616, 48.24179], "type": "Point"}, "properties": {"oid": "7740BG000016"}, "type": "Feature"}, {"geometry": {"coordinates": [12.27598, 48.10124], "type": "Point"}, "properties": {"oid": "7839BG000019"}, "type": "Feature"}, {"geometry": {"coordinates": [12.45078, 48.74295], "type": "Point"}, "properties": {"oid": "7240BG000032"}, "type": "Feature"}, {"geometry": {"coordinates": [11.81281, 48.89491], "type": "Point"}, "properties": {"oid": "7136BG000256"}, "type": "Feature"}, {"geometry": {"coordinates": [10.62046, 49.02302], "type": "Point"}, "properties": {"oid": "6929BG015049"}, "type": "Feature"}, {"geometry": {"coordinates": [12.11355, 48.25773], "type": "Point"}, "properties": {"oid": "7738BG000081"}, "type": "Feature"}, {"geometry": {"coordinates": [11.65449, 47.89572], "type": "Point"}, "properties": {"oid": "8135BG015039"}, "type": "Feature"}, {"geometry": {"coordinates": [12.85407, 48.18475], "type": "Point"}, "properties": {"oid": "7843BG015075"}, "type": "Feature"}, {"geometry": {"coordinates": [12.84681, 48.17712], "type": "Point"}, "properties": {"oid": "7843BG015091"}, "type": "Feature"}, {"geometry": {"coordinates": [12.6681, 48.02518], "type": "Point"}, "properties": {"oid": "7942BG015016"}, "type": "Feature"}, {"geometry": {"coordinates": [11.03431, 50.28774], "type": "Point"}, "properties": {"oid": "5732BG000399"}, "type": "Feature"}, {"geometry": {"coordinates": [12.35207, 48.23765], "type": "Point"}, "properties": {"oid": "7740BG000045"}, "type": "Feature"}, {"geometry": {"coordinates": [12.21519, 48.11595], "type": "Point"}, "properties": {"oid": "7839BG000013"}, "type": "Feature"}, {"geometry": {"coordinates": [12.31895, 48.18222], "type": "Point"}, "properties": {"oid": "7839BG000009"}, "type": "Feature"}, {"geometry": {"coordinates": [12.21066, 48.24016], "type": "Point"}, "properties": {"oid": "7739BG000012"}, "type": "Feature"}, {"geometry": {"coordinates": [12.83153, 48.185], "type": "Point"}, "properties": {"oid": "7842BG015062"}, "type": "Feature"}, {"geometry": {"coordinates": [10.31195, 49.46758], "type": "Point"}, "properties": {"oid": "6527BG000047"}, "type": "Feature"}, {"geometry": {"coordinates": [10.78912, 49.05875], "type": "Point"}, "properties": {"oid": "6930BG000037"}, "type": "Feature"}, {"geometry": {"coordinates": [11.79223, 50.39752], "type": "Point"}, "properties": {"oid": "5636BG015058"}, "type": "Feature"}, {"geometry": {"coordinates": [10.83144, 49.86371], "type": "Point"}, "properties": {"oid": "6130BG000040"}, "type": "Feature"}, {"geometry": {"coordinates": [11.3839, 48.73848], "type": "Point"}, "properties": {"oid": "7234BG002943"}, "type": "Feature"}, {"geometry": {"coordinates": [12.18144, 48.16223], "type": "Point"}, "properties": {"oid": "7839BG015069"}, "type": "Feature"}, {"geometry": {"coordinates": [11.8818, 47.93523], "type": "Point"}, "properties": {"oid": "8037BG000007"}, "type": "Feature"}, {"geometry": {"coordinates": [12.38865, 48.01162], "type": "Point"}, "properties": {"oid": "7940BG015118"}, "type": "Feature"}, {"geometry": {"coordinates": [12.04523, 50.16862], "type": "Point"}, "properties": {"oid": "5838BG000496"}, "type": "Feature"}, {"geometry": {"coordinates": [12.22407, 49.32039], "type": "Point"}, "properties": {"oid": "6639BG000219"}, "type": "Feature"}, {"geometry": {"coordinates": [11.66879, 48.79985], "type": "Point"}, "properties": {"oid": "7136BG000247"}, "type": "Feature"}, {"geometry": {"coordinates": [11.25936, 48.57897], "type": "Point"}, "properties": {"oid": "7433BG000301"}, "type": "Feature"}, {"geometry": {"coordinates": [11.70594, 48.4839], "type": "Point"}, "properties": {"oid": "7536BG000238"}, "type": "Feature"}, {"geometry": {"coordinates": [9.59, 49.94979], "type": "Point"}, "properties": {"oid": "6023BG000062"}, "type": "Feature"}, {"geometry": {"coordinates": [12.04011, 49.37104], "type": "Point"}, "properties": {"oid": "6638BG000661"}, "type": "Feature"}, {"geometry": {"coordinates": [11.44604, 49.33624], "type": "Point"}, "properties": {"oid": "6634BG000014"}, "type": "Feature"}, {"geometry": {"coordinates": [11.49383, 47.95361], "type": "Point"}, "properties": {"oid": "8034BG000183"}, "type": "Feature"}, {"geometry": {"coordinates": [11.99823, 50.26214], "type": "Point"}, "properties": {"oid": "5737BG000261"}, "type": "Feature"}, {"geometry": {"coordinates": [11.70879, 48.337], "type": "Point"}, "properties": {"oid": "7636BG000012"}, "type": "Feature"}, {"geometry": {"coordinates": [11.53919, 47.93334], "type": "Point"}, "properties": {"oid": "8035BG000006"}, "type": "Feature"}, {"geometry": {"coordinates": [12.21357, 49.29661], "type": "Point"}, "properties": {"oid": "6739BG000045"}, "type": "Feature"}, {"geometry": {"coordinates": [11.14378, 48.71038], "type": "Point"}, "properties": {"oid": "7232BG000584"}, "type": "Feature"}, {"geometry": {"coordinates": [10.64366, 49.32029], "type": "Point"}, "properties": {"oid": "6629BG000042"}, "type": "Feature"}, {"geometry": {"coordinates": [11.25283, 48.50075], "type": "Point"}, "properties": {"oid": "7433BG000299"}, "type": "Feature"}, {"geometry": {"coordinates": [11.2676, 48.42774], "type": "Point"}, "properties": {"oid": "7533BG015006"}, "type": "Feature"}, {"geometry": {"coordinates": [10.59636, 49.13173], "type": "Point"}, "properties": {"oid": "6829BG000061"}, "type": "Feature"}, {"geometry": {"coordinates": [12.77027, 48.03515], "type": "Point"}, "properties": {"oid": "7942BG000010"}, "type": "Feature"}, {"geometry": {"coordinates": [11.83879, 47.97383], "type": "Point"}, "properties": {"oid": "8037BG015022"}, "type": "Feature"}, {"geometry": {"coordinates": [10.07268, 49.6864], "type": "Point"}, "properties": {"oid": "6326BG000302"}, "type": "Feature"}, {"geometry": {"coordinates": [11.79557, 47.79094], "type": "Point"}, "properties": {"oid": "8236BG015004"}, "type": "Feature"}, {"geometry": {"coordinates": [11.40525, 50.03022], "type": "Point"}, "properties": {"oid": "5934BG000175"}, "type": "Feature"}, {"geometry": {"coordinates": [11.65649, 47.89549], "type": "Point"}, "properties": {"oid": "8135BG000022"}, "type": "Feature"}, {"geometry": {"coordinates": [10.78822, 49.31674], "type": "Point"}, "properties": {"oid": "6630BG000091"}, "type": "Feature"}, {"geometry": {"coordinates": [11.99722, 48.95471], "type": "Point"}, "properties": {"oid": "7037BG015024"}, "type": "Feature"}, {"geometry": {"coordinates": [10.41674, 49.10046], "type": "Point"}, "properties": {"oid": "6828BG000021"}, "type": "Feature"}, {"geometry": {"coordinates": [10.86758, 49.12263], "type": "Point"}, "properties": {"oid": "6831BG000111"}, "type": "Feature"}, {"geometry": {"coordinates": [11.8568, 49.6255], "type": "Point"}, "properties": {"oid": "6337BG000007"}, "type": "Feature"}, {"geometry": {"coordinates": [12.05787, 49.39797], "type": "Point"}, "properties": {"oid": "6638BG000654"}, "type": "Feature"}, {"geometry": {"coordinates": [12.02802, 48.18095], "type": "Point"}, "properties": {"oid": "7838BG015071"}, "type": "Feature"}, {"geometry": {"coordinates": [12.26174, 47.94714], "type": "Point"}, "properties": {"oid": "8039BG000014"}, "type": "Feature"}, {"geometry": {"coordinates": [11.86065, 47.85696], "type": "Point"}, "properties": {"oid": "8137BG015238"}, "type": "Feature"}, {"geometry": {"coordinates": [11.27753, 48.12792], "type": "Point"}, "properties": {"oid": "7833BG015011"}, "type": "Feature"}, {"geometry": {"coordinates": [9.65794, 50.14973], "type": "Point"}, "properties": {"oid": "5823BG015002"}, "type": "Feature"}, {"geometry": {"coordinates": [11.07756, 50.28511], "type": "Point"}, "properties": {"oid": "5732BG000400"}, "type": "Feature"}, {"geometry": {"coordinates": [11.49388, 49.75417], "type": "Point"}, "properties": {"oid": "6234BG000010"}, "type": "Feature"}, {"geometry": {"coordinates": [10.47458, 50.29777], "type": "Point"}, "properties": {"oid": "5728BG000017"}, "type": "Feature"}, {"geometry": {"coordinates": [12.37181, 48.2415], "type": "Point"}, "properties": {"oid": "7740BG000027"}, "type": "Feature"}, {"geometry": {"coordinates": [12.50562, 47.68976], "type": "Point"}, "properties": {"oid": "8341BG015003"}, "type": "Feature"}, {"geometry": {"coordinates": [12.54084, 48.83354], "type": "Point"}, "properties": {"oid": "7141BG015279"}, "type": "Feature"}, {"geometry": {"coordinates": [12.89612, 47.8432], "type": "Point"}, "properties": {"oid": "8143BG015131"}, "type": "Feature"}, {"geometry": {"coordinates": [12.05773, 49.01343], "type": "Point"}, "properties": {"oid": "6938BG000609"}, "type": "Feature"}, {"geometry": {"coordinates": [11.23026, 50.18393], "type": "Point"}, "properties": {"oid": "5833BG000086"}, "type": "Feature"}, {"geometry": {"coordinates": [10.72099, 49.06032], "type": "Point"}, "properties": {"oid": "6930BG000040"}, "type": "Feature"}, {"geometry": {"coordinates": [12.4339, 47.92261], "type": "Point"}, "properties": {"oid": "8040BG000016"}, "type": "Feature"}, {"geometry": {"coordinates": [11.7087, 49.76125], "type": "Point"}, "properties": {"oid": "6236BG000021"}, "type": "Feature"}, {"geometry": {"coordinates": [10.56776, 49.40947], "type": "Point"}, "properties": {"oid": "6529BG000003"}, "type": "Feature"}, {"geometry": {"coordinates": [11.08212, 48.0601], "type": "Point"}, "properties": {"oid": "7932BG000016"}, "type": "Feature"}, {"geometry": {"coordinates": [11.44617, 49.3335], "type": "Point"}, "properties": {"oid": "6634BG000023"}, "type": "Feature"}, {"geometry": {"coordinates": [11.91715, 48.66162], "type": "Point"}, "properties": {"oid": "7337BG015012"}, "type": "Feature"}, {"geometry": {"coordinates": [10.69326, 48.408], "type": "Point"}, "properties": {"oid": "7530BG015007"}, "type": "Feature"}, {"geometry": {"coordinates": [12.49567, 48.60851], "type": "Point"}, "properties": {"oid": "7340BG015025"}, "type": "Feature"}, {"geometry": {"coordinates": [11.94006, 48.46988], "type": "Point"}, "properties": {"oid": "7537BG015017"}, "type": "Feature"}, {"geometry": {"coordinates": [10.37612, 47.88645], "type": "Point"}, "properties": {"oid": "8128BG015003"}, "type": "Feature"}, {"geometry": {"coordinates": [10.60589, 48.7093], "type": "Point"}, "properties": {"oid": "7229BG015021"}, "type": "Feature"}, {"geometry": {"coordinates": [11.07406, 47.50541], "type": "Point"}, "properties": {"oid": "8432BG015039"}, "type": "Feature"}, {"geometry": {"coordinates": [11.5975, 48.05708], "type": "Point"}, "properties": {"oid": "7935BG015008"}, "type": "Feature"}, {"geometry": {"coordinates": [10.44936, 49.10314], "type": "Point"}, "properties": {"oid": "6828BG015009"}, "type": "Feature"}, {"geometry": {"coordinates": [11.16799, 49.58472], "type": "Point"}, "properties": {"oid": "6433BG000029"}, "type": "Feature"}, {"geometry": {"coordinates": [11.63897, 48.03024], "type": "Point"}, "properties": {"oid": "7935BG015015"}, "type": "Feature"}, {"geometry": {"coordinates": [10.60987, 49.49589], "type": "Point"}, "properties": {"oid": "6529BG015032"}, "type": "Feature"}, {"geometry": {"coordinates": [10.69899, 49.30851], "type": "Point"}, "properties": {"oid": "6630BG000098"}, "type": "Feature"}, {"geometry": {"coordinates": [11.75645, 47.86315], "type": "Point"}, "properties": {"oid": "8136BG015025"}, "type": "Feature"}, {"geometry": {"coordinates": [12.84394, 48.18973], "type": "Point"}, "properties": {"oid": "7843BG015003"}, "type": "Feature"}, {"geometry": {"coordinates": [12.34229, 48.01473], "type": "Point"}, "properties": {"oid": "7940BG000009"}, "type": "Feature"}, {"geometry": {"coordinates": [11.57929, 50.39121], "type": "Point"}, "properties": {"oid": "5635BG015007"}, "type": "Feature"}, {"geometry": {"coordinates": [12.06819, 49.09131], "type": "Point"}, "properties": {"oid": "6938BG015137"}, "type": "Feature"}, {"geometry": {"coordinates": [12.08757, 49.03607], "type": "Point"}, "properties": {"oid": "6938BG015138"}, "type": "Feature"}, {"geometry": {"coordinates": [10.81804, 49.53989], "type": "Point"}, "properties": {"oid": "6430BG000021"}, "type": "Feature"}, {"geometry": {"coordinates": [12.33694, 48.36612], "type": "Point"}, "properties": {"oid": "7640BG000003"}, "type": "Feature"}, {"geometry": {"coordinates": [11.07871, 49.67816], "type": "Point"}, "properties": {"oid": "6332BG000195"}, "type": "Feature"}, {"geometry": {"coordinates": [12.59479, 48.86642], "type": "Point"}, "properties": {"oid": "7141BG015212"}, "type": "Feature"}, {"geometry": {"coordinates": [11.90771, 50.29867], "type": "Point"}, "properties": {"oid": "5737BG000243"}, "type": "Feature"}, {"geometry": {"coordinates": [12.56858, 48.94811], "type": "Point"}, "properties": {"oid": "7041BG000007"}, "type": "Feature"}, {"geometry": {"coordinates": [12.3763, 47.98018], "type": "Point"}, "properties": {"oid": "8040BG000006"}, "type": "Feature"}, {"geometry": {"coordinates": [10.52878, 48.64117], "type": "Point"}, "properties": {"oid": "7329BG015007"}, "type": "Feature"}, {"geometry": {"coordinates": [11.69697, 49.8665], "type": "Point"}, "properties": {"oid": "6136BG015053"}, "type": "Feature"}, {"geometry": {"coordinates": [11.43096, 47.98461], "type": "Point"}, "properties": {"oid": "8034BG000283"}, "type": "Feature"}, {"geometry": {"coordinates": [10.17784, 50.36526], "type": "Point"}, "properties": {"oid": "5627BG015005"}, "type": "Feature"}, {"geometry": {"coordinates": [11.07579, 47.5012], "type": "Point"}, "properties": {"oid": "8432BG015041"}, "type": "Feature"}, {"geometry": {"coordinates": [10.11094, 50.10391], "type": "Point"}, "properties": {"oid": "5826BG015006"}, "type": "Feature"}, {"geometry": {"coordinates": [10.36384, 49.4482], "type": "Point"}, "properties": {"oid": "6528BG015009"}, "type": "Feature"}, {"geometry": {"coordinates": [10.44084, 49.10531], "type": "Point"}, "properties": {"oid": "6828BG015017"}, "type": "Feature"}, {"geometry": {"coordinates": [11.11009, 49.13354], "type": "Point"}, "properties": {"oid": "6832BG015089"}, "type": "Feature"}, {"geometry": {"coordinates": [11.89196, 49.83694], "type": "Point"}, "properties": {"oid": "6137BG000124"}, "type": "Feature"}, {"geometry": {"coordinates": [12.38884, 48.23902], "type": "Point"}, "properties": {"oid": "7740BG000031"}, "type": "Feature"}, {"geometry": {"coordinates": [12.3258, 47.97955], "type": "Point"}, "properties": {"oid": "8039BG000011"}, "type": "Feature"}, {"geometry": {"coordinates": [11.073, 49.67284], "type": "Point"}, "properties": {"oid": "6332BG000180"}, "type": "Feature"}, {"geometry": {"coordinates": [12.44294, 48.2453], "type": "Point"}, "properties": {"oid": "7740BG000022"}, "type": "Feature"}, {"geometry": {"coordinates": [11.40685, 47.96092], "type": "Point"}, "properties": {"oid": "8034BG000284"}, "type": "Feature"}, {"geometry": {"coordinates": [13.19861, 48.394], "type": "Point"}, "properties": {"oid": "7645BG015004"}, "type": "Feature"}, {"geometry": {"coordinates": [10.61002, 49.60255], "type": "Point"}, "properties": {"oid": "6329BG015006"}, "type": "Feature"}, {"geometry": {"coordinates": [12.08675, 49.03841], "type": "Point"}, "properties": {"oid": "6938BG015134"}, "type": "Feature"}, {"geometry": {"coordinates": [10.7993, 49.22636], "type": "Point"}, "properties": {"oid": "6730BG000137"}, "type": "Feature"}, {"geometry": {"coordinates": [12.10654, 49.01537], "type": "Point"}, "properties": {"oid": "6938BG000580"}, "type": "Feature"}, {"geometry": {"coordinates": [10.25488, 49.80901], "type": "Point"}, "properties": {"oid": "6127BG000018"}, "type": "Feature"}, {"geometry": {"coordinates": [11.84204, 48.31475], "type": "Point"}, "properties": {"oid": "7637BG000026"}, "type": "Feature"}, {"geometry": {"coordinates": [12.43392, 47.92249], "type": "Point"}, "properties": {"oid": "8040BG000018"}, "type": "Feature"}, {"geometry": {"coordinates": [12.83288, 48.19796], "type": "Point"}, "properties": {"oid": "7843BG000004"}, "type": "Feature"}, {"geometry": {"coordinates": [12.35626, 48.20104], "type": "Point"}, "properties": {"oid": "7740BG015005"}, "type": "Feature"}, {"geometry": {"coordinates": [11.0542, 49.65033], "type": "Point"}, "properties": {"oid": "6332BG000192"}, "type": "Feature"}, {"geometry": {"coordinates": [11.43815, 49.16179], "type": "Point"}, "properties": {"oid": "6834BG000132"}, "type": "Feature"}, {"geometry": {"coordinates": [10.33346, 50.11409], "type": "Point"}, "properties": {"oid": "5828BG015002"}, "type": "Feature"}, {"geometry": {"coordinates": [11.55872, 47.84493], "type": "Point"}, "properties": {"oid": "8135BG000059"}, "type": "Feature"}, {"geometry": {"coordinates": [12.43017, 47.90919], "type": "Point"}, "properties": {"oid": "8040BG000017"}, "type": "Feature"}, {"geometry": {"coordinates": [11.23953, 48.13972], "type": "Point"}, "properties": {"oid": "7833BG000124"}, "type": "Feature"}, {"geometry": {"coordinates": [12.45377, 48.69699], "type": "Point"}, "properties": {"oid": "7340BG000643"}, "type": "Feature"}, {"geometry": {"coordinates": [11.34105, 47.88106], "type": "Point"}, "properties": {"oid": "8134BG000142"}, "type": "Feature"}, {"geometry": {"coordinates": [9.30963, 50.01112], "type": "Point"}, "properties": {"oid": "5921BG000017"}, "type": "Feature"}, {"geometry": {"coordinates": [11.1888, 49.84463], "type": "Point"}, "properties": {"oid": "6133BG000002"}, "type": "Feature"}, {"geometry": {"coordinates": [11.04612, 49.98361], "type": "Point"}, "properties": {"oid": "6032BG000087"}, "type": "Feature"}, {"geometry": {"coordinates": [9.53857, 49.91048], "type": "Point"}, "properties": {"oid": "6023BG000015"}, "type": "Feature"}, {"geometry": {"coordinates": [12.02424, 48.17865], "type": "Point"}, "properties": {"oid": "7838BG015088"}, "type": "Feature"}, {"geometry": {"coordinates": [12.3208, 48.23826], "type": "Point"}, "properties": {"oid": "7739BG000004"}, "type": "Feature"}, {"geometry": {"coordinates": [11.28903, 48.17493], "type": "Point"}, "properties": {"oid": "7833BG000121"}, "type": "Feature"}, {"geometry": {"coordinates": [11.35937, 50.19864], "type": "Point"}, "properties": {"oid": "5834BG015043"}, "type": "Feature"}, {"geometry": {"coordinates": [11.22092, 47.96718], "type": "Point"}, "properties": {"oid": "8033BG015089"}, "type": "Feature"}, {"geometry": {"coordinates": [10.91894, 49.63931], "type": "Point"}, "properties": {"oid": "6331BG000034"}, "type": "Feature"}, {"geometry": {"coordinates": [11.74935, 47.93716], "type": "Point"}, "properties": {"oid": "8036BG015047"}, "type": "Feature"}, {"geometry": {"coordinates": [9.6328, 50.02774], "type": "Point"}, "properties": {"oid": "5923BG000041"}, "type": "Feature"}, {"geometry": {"coordinates": [13.18926, 48.44774], "type": "Point"}, "properties": {"oid": "7545BG000027"}, "type": "Feature"}, {"geometry": {"coordinates": [12.31996, 49.30401], "type": "Point"}, "properties": {"oid": "6639BG000159"}, "type": "Feature"}, {"geometry": {"coordinates": [10.1842, 49.37984], "type": "Point"}, "properties": {"oid": "6627BG015020"}, "type": "Feature"}, {"geometry": {"coordinates": [11.01001, 50.2389], "type": "Point"}, "properties": {"oid": "5732BG000082"}, "type": "Feature"}, {"geometry": {"coordinates": [11.00769, 50.32298], "type": "Point"}, "properties": {"oid": "5632BG000186"}, "type": "Feature"}, {"geometry": {"coordinates": [11.01109, 50.33399], "type": "Point"}, "properties": {"oid": "5632BG000192"}, "type": "Feature"}, {"geometry": {"coordinates": [10.5075, 48.84004], "type": "Point"}, "properties": {"oid": "7129BG000023"}, "type": "Feature"}, {"geometry": {"coordinates": [11.55718, 47.90518], "type": "Point"}, "properties": {"oid": "8035BG000032"}, "type": "Feature"}, {"geometry": {"coordinates": [10.18576, 49.75444], "type": "Point"}, "properties": {"oid": "6227BG015008"}, "type": "Feature"}, {"geometry": {"coordinates": [12.38237, 48.06736], "type": "Point"}, "properties": {"oid": "7940BG000011"}, "type": "Feature"}, {"geometry": {"coordinates": [12.18365, 47.90556], "type": "Point"}, "properties": {"oid": "8039BG000012"}, "type": "Feature"}, {"geometry": {"coordinates": [11.86954, 47.93068], "type": "Point"}, "properties": {"oid": "8037BG000008"}, "type": "Feature"}, {"geometry": {"coordinates": [11.93295, 49.77647], "type": "Point"}, "properties": {"oid": "6237BG000034"}, "type": "Feature"}, {"geometry": {"coordinates": [10.8145, 47.83987], "type": "Point"}, "properties": {"oid": "8130BG015066"}, "type": "Feature"}, {"geometry": {"coordinates": [11.55478, 47.90258], "type": "Point"}, "properties": {"oid": "8035BG000034"}, "type": "Feature"}, {"geometry": {"coordinates": [11.66091, 47.93934], "type": "Point"}, "properties": {"oid": "8035BG015041"}, "type": "Feature"}, {"geometry": {"coordinates": [12.04497, 48.36561], "type": "Point"}, "properties": {"oid": "7638BG000065"}, "type": "Feature"}, {"geometry": {"coordinates": [11.13372, 49.91382], "type": "Point"}, "properties": {"oid": "6032BG000085"}, "type": "Feature"}, {"geometry": {"coordinates": [12.10436, 49.20704], "type": "Point"}, "properties": {"oid": "6738BG000097"}, "type": "Feature"}, {"geometry": {"coordinates": [10.40672, 49.1008], "type": "Point"}, "properties": {"oid": "6828BG000012"}, "type": "Feature"}, {"geometry": {"coordinates": [10.41349, 49.1019], "type": "Point"}, "properties": {"oid": "6828BG000013"}, "type": "Feature"}, {"geometry": {"coordinates": [10.43713, 49.10474], "type": "Point"}, "properties": {"oid": "6828BG000014"}, "type": "Feature"}, {"geometry": {"coordinates": [10.45008, 49.10892], "type": "Point"}, "properties": {"oid": "6828BG000015"}, "type": "Feature"}, {"geometry": {"coordinates": [13.31198, 48.35508], "type": "Point"}, "properties": {"oid": "7645BG000094"}, "type": "Feature"}, {"geometry": {"coordinates": [10.75056, 49.2837], "type": "Point"}, "properties": {"oid": "6730BG015003"}, "type": "Feature"}, {"geometry": {"coordinates": [11.80423, 47.96139], "type": "Point"}, "properties": {"oid": "8036BG015043"}, "type": "Feature"}, {"geometry": {"coordinates": [12.65179, 48.10379], "type": "Point"}, "properties": {"oid": "7841BG015001"}, "type": "Feature"}, {"geometry": {"coordinates": [10.90033, 49.51431], "type": "Point"}, "properties": {"oid": "6431BG015273"}, "type": "Feature"}, {"geometry": {"coordinates": [10.89957, 49.51143], "type": "Point"}, "properties": {"oid": "6431BG015166"}, "type": "Feature"}, {"geometry": {"coordinates": [11.83689, 49.53682], "type": "Point"}, "properties": {"oid": "6437BG015014"}, "type": "Feature"}, {"geometry": {"coordinates": [11.55052, 47.72945], "type": "Point"}, "properties": {"oid": "8235BG015224"}, "type": "Feature"}, {"geometry": {"coordinates": [12.03392, 48.17586], "type": "Point"}, "properties": {"oid": "7838BG015077"}, "type": "Feature"}, {"geometry": {"coordinates": [12.24355, 48.11435], "type": "Point"}, "properties": {"oid": "7839BG015059"}, "type": "Feature"}, {"geometry": {"coordinates": [10.35948, 50.36642], "type": "Point"}, "properties": {"oid": "5628BG000009"}, "type": "Feature"}, {"geometry": {"coordinates": [10.49784, 49.05706], "type": "Point"}, "properties": {"oid": "6928BG015007"}, "type": "Feature"}, {"geometry": {"coordinates": [13.19455, 48.42848], "type": "Point"}, "properties": {"oid": "7545BG000023"}, "type": "Feature"}, {"geometry": {"coordinates": [12.14397, 48.33234], "type": "Point"}, "properties": {"oid": "7638BG000061"}, "type": "Feature"}, {"geometry": {"coordinates": [10.46198, 49.12114], "type": "Point"}, "properties": {"oid": "6828BG015014"}, "type": "Feature"}, {"geometry": {"coordinates": [11.72396, 47.98101], "type": "Point"}, "properties": {"oid": "8036BG015068"}, "type": "Feature"}, {"geometry": {"coordinates": [12.22053, 48.04559], "type": "Point"}, "properties": {"oid": "7939BG015145"}, "type": "Feature"}, {"geometry": {"coordinates": [10.80021, 49.45721], "type": "Point"}, "properties": {"oid": "6530BG000029"}, "type": "Feature"}, {"geometry": {"coordinates": [10.80898, 49.45751], "type": "Point"}, "properties": {"oid": "6530BG000028"}, "type": "Feature"}, {"geometry": {"coordinates": [10.83044, 49.46044], "type": "Point"}, "properties": {"oid": "6530BG000030"}, "type": "Feature"}, {"geometry": {"coordinates": [12.11386, 47.89063], "type": "Point"}, "properties": {"oid": "8138BG000008"}, "type": "Feature"}, {"geometry": {"coordinates": [11.86784, 47.86902], "type": "Point"}, "properties": {"oid": "8137BG015245"}, "type": "Feature"}, {"geometry": {"coordinates": [12.9505, 48.47128], "type": "Point"}, "properties": {"oid": "7543BG000296"}, "type": "Feature"}, {"geometry": {"coordinates": [12.63668, 48.30735], "type": "Point"}, "properties": {"oid": "7641BG000080"}, "type": "Feature"}, {"geometry": {"coordinates": [12.71345, 48.31399], "type": "Point"}, "properties": {"oid": "7642BG000109"}, "type": "Feature"}, {"geometry": {"coordinates": [10.69053, 49.40554], "type": "Point"}, "properties": {"oid": "6530BG000034"}, "type": "Feature"}, {"geometry": {"coordinates": [11.85277, 49.20874], "type": "Point"}, "properties": {"oid": "6737BG015070"}, "type": "Feature"}, {"geometry": {"coordinates": [12.65468, 48.30306], "type": "Point"}, "properties": {"oid": "7641BG000083"}, "type": "Feature"}, {"geometry": {"coordinates": [11.34652, 49.30484], "type": "Point"}, "properties": {"oid": "6634BG000016"}, "type": "Feature"}, {"geometry": {"coordinates": [10.96137, 49.24235], "type": "Point"}, "properties": {"oid": "6731BG015019"}, "type": "Feature"}, {"geometry": {"coordinates": [12.99295, 48.62951], "type": "Point"}, "properties": {"oid": "7343BG000179"}, "type": "Feature"}, {"geometry": {"coordinates": [10.82567, 49.86671], "type": "Point"}, "properties": {"oid": "6130BG000026"}, "type": "Feature"}, {"geometry": {"coordinates": [11.40055, 49.67891], "type": "Point"}, "properties": {"oid": "6334BG000003"}, "type": "Feature"}, {"geometry": {"coordinates": [10.96753, 49.04683], "type": "Point"}, "properties": {"oid": "6931BG000071"}, "type": "Feature"}, {"geometry": {"coordinates": [11.55288, 47.90609], "type": "Point"}, "properties": {"oid": "8035BG000035"}, "type": "Feature"}, {"geometry": {"coordinates": [11.56284, 47.90165], "type": "Point"}, "properties": {"oid": "8035BG000038"}, "type": "Feature"}, {"geometry": {"coordinates": [12.56168, 48.20711], "type": "Point"}, "properties": {"oid": "7741BG000028"}, "type": "Feature"}, {"geometry": {"coordinates": [10.18398, 48.0584], "type": "Point"}, "properties": {"oid": "7927BG000048"}, "type": "Feature"}, {"geometry": {"coordinates": [12.24667, 48.11337], "type": "Point"}, "properties": {"oid": "7839BG015105"}, "type": "Feature"}, {"geometry": {"coordinates": [10.75064, 49.28373], "type": "Point"}, "properties": {"oid": "6730BG000152"}, "type": "Feature"}, {"geometry": {"coordinates": [10.18241, 49.38205], "type": "Point"}, "properties": {"oid": "6627BG000001"}, "type": "Feature"}, {"geometry": {"coordinates": [11.73918, 47.98537], "type": "Point"}, "properties": {"oid": "8036BG015036"}, "type": "Feature"}, {"geometry": {"coordinates": [11.01234, 49.39837], "type": "Point"}, "properties": {"oid": "6632BG015336"}, "type": "Feature"}, {"geometry": {"coordinates": [12.65636, 48.21117], "type": "Point"}, "properties": {"oid": "7741BG000059"}, "type": "Feature"}, {"geometry": {"coordinates": [12.8424, 48.62765], "type": "Point"}, "properties": {"oid": "7343BG000147"}, "type": "Feature"}, {"geometry": {"coordinates": [12.14999, 48.96834], "type": "Point"}, "properties": {"oid": "7038BG015082"}, "type": "Feature"}, {"geometry": {"coordinates": [10.58898, 49.16558], "type": "Point"}, "properties": {"oid": "6829BG015002"}, "type": "Feature"}, {"geometry": {"coordinates": [11.32043, 48.75166], "type": "Point"}, "properties": {"oid": "7233BG000932"}, "type": "Feature"}, {"geometry": {"coordinates": [12.88895, 47.87924], "type": "Point"}, "properties": {"oid": "8143BG015105"}, "type": "Feature"}, {"geometry": {"coordinates": [11.55593, 48.1479], "type": "Point"}, "properties": {"oid": "7835BG007540"}, "type": "Feature"}, {"geometry": {"coordinates": [10.94921, 48.91468], "type": "Point"}, "properties": {"oid": "7031BG000047"}, "type": "Feature"}, {"geometry": {"coordinates": [11.67574, 47.94521], "type": "Point"}, "properties": {"oid": "8036BG000009"}, "type": "Feature"}, {"geometry": {"coordinates": [10.57558, 48.46562], "type": "Point"}, "properties": {"oid": "7529BG000006"}, "type": "Feature"}, {"geometry": {"coordinates": [13.2587, 48.39439], "type": "Point"}, "properties": {"oid": "7645BG000062"}, "type": "Feature"}, {"geometry": {"coordinates": [11.01147, 49.60388], "type": "Point"}, "properties": {"oid": "6332BG015060"}, "type": "Feature"}, {"geometry": {"coordinates": [11.69117, 47.92013], "type": "Point"}, "properties": {"oid": "8036BG015074"}, "type": "Feature"}, {"geometry": {"coordinates": [12.73617, 48.56421], "type": "Point"}, "properties": {"oid": "7442BG000040"}, "type": "Feature"}, {"geometry": {"coordinates": [12.57682, 48.23728], "type": "Point"}, "properties": {"oid": "7741BG000026"}, "type": "Feature"}, {"geometry": {"coordinates": [12.49715, 49.21915], "type": "Point"}, "properties": {"oid": "6740BG000072"}, "type": "Feature"}, {"geometry": {"coordinates": [12.88179, 47.85857], "type": "Point"}, "properties": {"oid": "8143BG015121"}, "type": "Feature"}, {"geometry": {"coordinates": [12.10305, 49.35047], "type": "Point"}, "properties": {"oid": "6638BG000721"}, "type": "Feature"}, {"geometry": {"coordinates": [12.07406, 49.34461], "type": "Point"}, "properties": {"oid": "6638BG000728"}, "type": "Feature"}, {"geometry": {"coordinates": [10.54552, 49.16035], "type": "Point"}, "properties": {"oid": "6829BG015003"}, "type": "Feature"}, {"geometry": {"coordinates": [12.24632, 48.1152], "type": "Point"}, "properties": {"oid": "7839BG015055"}, "type": "Feature"}, {"geometry": {"coordinates": [12.25009, 48.11421], "type": "Point"}, "properties": {"oid": "7839BG015057"}, "type": "Feature"}, {"geometry": {"coordinates": [11.19998, 49.00327], "type": "Point"}, "properties": {"oid": "6933BG000069"}, "type": "Feature"}, {"geometry": {"coordinates": [10.34421, 49.07258], "type": "Point"}, "properties": {"oid": "6928BG000018"}, "type": "Feature"}, {"geometry": {"coordinates": [13.37159, 48.4929], "type": "Point"}, "properties": {"oid": "7546BG000020"}, "type": "Feature"}, {"geometry": {"coordinates": [11.66753, 47.88991], "type": "Point"}, "properties": {"oid": "8136BG015028"}, "type": "Feature"}, {"geometry": {"coordinates": [10.41989, 48.69463], "type": "Point"}, "properties": {"oid": "7328BG015052"}, "type": "Feature"}, {"geometry": {"coordinates": [12.281, 48.14], "type": "Point"}, "properties": {"oid": "7839BG015094"}, "type": "Feature"}, {"geometry": {"coordinates": [12.65348, 48.32667], "type": "Point"}, "properties": {"oid": "7641BG000051"}, "type": "Feature"}, {"geometry": {"coordinates": [12.91652, 48.30783], "type": "Point"}, "properties": {"oid": "7643BG000144"}, "type": "Feature"}, {"geometry": {"coordinates": [12.98287, 48.35819], "type": "Point"}, "properties": {"oid": "7643BG015001"}, "type": "Feature"}, {"geometry": {"coordinates": [13.0613, 48.41963], "type": "Point"}, "properties": {"oid": "7544BG000092"}, "type": "Feature"}, {"geometry": {"coordinates": [12.81251, 48.20553], "type": "Point"}, "properties": {"oid": "7742BG000126"}, "type": "Feature"}, {"geometry": {"coordinates": [12.06333, 48.41517], "type": "Point"}, "properties": {"oid": "7538BG000201"}, "type": "Feature"}, {"geometry": {"coordinates": [12.07882, 50.25922], "type": "Point"}, "properties": {"oid": "5738BG015071"}, "type": "Feature"}, {"geometry": {"coordinates": [12.27373, 48.59156], "type": "Point"}, "properties": {"oid": "7439BG000472"}, "type": "Feature"}, {"geometry": {"coordinates": [11.33666, 49.30714], "type": "Point"}, "properties": {"oid": "6634BG000017"}, "type": "Feature"}, {"geometry": {"coordinates": [11.01138, 49.69965], "type": "Point"}, "properties": {"oid": "6232BG000444"}, "type": "Feature"}, {"geometry": {"coordinates": [11.26229, 49.50673], "type": "Point"}, "properties": {"oid": "6433BG015043"}, "type": "Feature"}, {"geometry": {"coordinates": [11.54814, 47.75788], "type": "Point"}, "properties": {"oid": "8235BG015132"}, "type": "Feature"}, {"geometry": {"coordinates": [12.67344, 48.16559], "type": "Point"}, "properties": {"oid": "7842BG015091"}, "type": "Feature"}, {"geometry": {"coordinates": [10.30653, 49.07058], "type": "Point"}, "properties": {"oid": "6927BG015011"}, "type": "Feature"}, {"geometry": {"coordinates": [10.82045, 49.458], "type": "Point"}, "properties": {"oid": "6530BG000027"}, "type": "Feature"}, {"geometry": {"coordinates": [10.82851, 49.45916], "type": "Point"}, "properties": {"oid": "6530BG000031"}, "type": "Feature"}, {"geometry": {"coordinates": [10.45188, 48.76647], "type": "Point"}, "properties": {"oid": "7228BG000005"}, "type": "Feature"}, {"geometry": {"coordinates": [12.77958, 48.35142], "type": "Point"}, "properties": {"oid": "7642BG000019"}, "type": "Feature"}, {"geometry": {"coordinates": [13.17733, 48.31747], "type": "Point"}, "properties": {"oid": "7645BG000069"}, "type": "Feature"}, {"geometry": {"coordinates": [11.96627, 48.69492], "type": "Point"}, "properties": {"oid": "7337BG015014"}, "type": "Feature"}, {"geometry": {"coordinates": [11.86064, 48.3105], "type": "Point"}, "properties": {"oid": "7637BG000027"}, "type": "Feature"}, {"geometry": {"coordinates": [12.39936, 48.18613], "type": "Point"}, "properties": {"oid": "7840BG015114"}, "type": "Feature"}, {"geometry": {"coordinates": [12.35693, 48.17262], "type": "Point"}, "properties": {"oid": "7840BG015112"}, "type": "Feature"}, {"geometry": {"coordinates": [12.52419, 49.23121], "type": "Point"}, "properties": {"oid": "6741BG000178"}, "type": "Feature"}, {"geometry": {"coordinates": [12.39698, 49.24889], "type": "Point"}, "properties": {"oid": "6740BG000064"}, "type": "Feature"}, {"geometry": {"coordinates": [12.10381, 49.2068], "type": "Point"}, "properties": {"oid": "6738BG000110"}, "type": "Feature"}, {"geometry": {"coordinates": [11.62706, 47.96878], "type": "Point"}, "properties": {"oid": "8035BG015082"}, "type": "Feature"}, {"geometry": {"coordinates": [10.45252, 49.1098], "type": "Point"}, "properties": {"oid": "6828BG015013"}, "type": "Feature"}, {"geometry": {"coordinates": [12.0958, 47.88337], "type": "Point"}, "properties": {"oid": "8138BG000018"}, "type": "Feature"}, {"geometry": {"coordinates": [12.9228, 48.47636], "type": "Point"}, "properties": {"oid": "7543BG000355"}, "type": "Feature"}, {"geometry": {"coordinates": [12.1138, 47.89048], "type": "Point"}, "properties": {"oid": "8138BG000012"}, "type": "Feature"}, {"geometry": {"coordinates": [12.11399, 47.89044], "type": "Point"}, "properties": {"oid": "8138BG000013"}, "type": "Feature"}, {"geometry": {"coordinates": [10.39159, 49.0313], "type": "Point"}, "properties": {"oid": "6928BG015009"}, "type": "Feature"}, {"geometry": {"coordinates": [12.09168, 47.99084], "type": "Point"}, "properties": {"oid": "8038BG015215"}, "type": "Feature"}, {"geometry": {"coordinates": [12.3536, 48.11797], "type": "Point"}, "properties": {"oid": "7840BG000008"}, "type": "Feature"}, {"geometry": {"coordinates": [11.61388, 48.49609], "type": "Point"}, "properties": {"oid": "7535BG000497"}, "type": "Feature"}, {"geometry": {"coordinates": [12.3763, 48.43512], "type": "Point"}, "properties": {"oid": "7540BG000136"}, "type": "Feature"}, {"geometry": {"coordinates": [12.77917, 48.17584], "type": "Point"}, "properties": {"oid": "7842BG000067"}, "type": "Feature"}, {"geometry": {"coordinates": [13.09219, 48.49129], "type": "Point"}, "properties": {"oid": "7544BG000077"}, "type": "Feature"}, {"geometry": {"coordinates": [10.8936, 48.56022], "type": "Point"}, "properties": {"oid": "7431BG000032"}, "type": "Feature"}, {"geometry": {"coordinates": [12.37688, 47.81937], "type": "Point"}, "properties": {"oid": "8140BG015088"}, "type": "Feature"}, {"geometry": {"coordinates": [11.53142, 48.41476], "type": "Point"}, "properties": {"oid": "7535BG000486"}, "type": "Feature"}, {"geometry": {"coordinates": [11.57886, 47.98215], "type": "Point"}, "properties": {"oid": "8035BG000039"}, "type": "Feature"}, {"geometry": {"coordinates": [12.18962, 47.99209], "type": "Point"}, "properties": {"oid": "8039BG000018"}, "type": "Feature"}, {"geometry": {"coordinates": [11.61803, 49.95456], "type": "Point"}, "properties": {"oid": "6035BG000227"}, "type": "Feature"}, {"geometry": {"coordinates": [10.12788, 50.09969], "type": "Point"}, "properties": {"oid": "5826BG015008"}, "type": "Feature"}, {"geometry": {"coordinates": [11.63156, 47.93467], "type": "Point"}, "properties": {"oid": "8035BG000027"}, "type": "Feature"}, {"geometry": {"coordinates": [12.11015, 47.88476], "type": "Point"}, "properties": {"oid": "8138BG000021"}, "type": "Feature"}, {"geometry": {"coordinates": [11.91948, 48.45083], "type": "Point"}, "properties": {"oid": "7537BG000544"}, "type": "Feature"}, {"geometry": {"coordinates": [12.22899, 47.88494], "type": "Point"}, "properties": {"oid": "8139BG000002"}, "type": "Feature"}, {"geometry": {"coordinates": [12.43788, 48.07053], "type": "Point"}, "properties": {"oid": "7940BG015106"}, "type": "Feature"}, {"geometry": {"coordinates": [12.51342, 48.07155], "type": "Point"}, "properties": {"oid": "7941BG015284"}, "type": "Feature"}, {"geometry": {"coordinates": [11.60835, 48.81617], "type": "Point"}, "properties": {"oid": "7135BG000069"}, "type": "Feature"}, {"geometry": {"coordinates": [10.1934, 50.23872], "type": "Point"}, "properties": {"oid": "5727BG000021"}, "type": "Feature"}, {"geometry": {"coordinates": [11.6923, 47.8302], "type": "Point"}, "properties": {"oid": "8136BG015069"}, "type": "Feature"}, {"geometry": {"coordinates": [11.3876, 48.73792], "type": "Point"}, "properties": {"oid": "7234BG002944"}, "type": "Feature"}, {"geometry": {"coordinates": [11.64497, 47.94003], "type": "Point"}, "properties": {"oid": "8035BG000012"}, "type": "Feature"}, {"geometry": {"coordinates": [11.41618, 49.29513], "type": "Point"}, "properties": {"oid": "6734BG000023"}, "type": "Feature"}, {"geometry": {"coordinates": [12.09593, 47.88337], "type": "Point"}, "properties": {"oid": "8138BG000016"}, "type": "Feature"}, {"geometry": {"coordinates": [12.09581, 47.8835], "type": "Point"}, "properties": {"oid": "8138BG000017"}, "type": "Feature"}, {"geometry": {"coordinates": [10.35098, 49.07456], "type": "Point"}, "properties": {"oid": "6928BG015006"}, "type": "Feature"}, {"geometry": {"coordinates": [10.82469, 49.45795], "type": "Point"}, "properties": {"oid": "6530BG000024"}, "type": "Feature"}, {"geometry": {"coordinates": [11.46795, 48.74934], "type": "Point"}, "properties": {"oid": "7234BG002961"}, "type": "Feature"}, {"geometry": {"coordinates": [12.22491, 49.3254], "type": "Point"}, "properties": {"oid": "6639BG000212"}, "type": "Feature"}, {"geometry": {"coordinates": [12.22965, 49.32462], "type": "Point"}, "properties": {"oid": "6639BG000214"}, "type": "Feature"}, {"geometry": {"coordinates": [10.44844, 48.75388], "type": "Point"}, "properties": {"oid": "7228BG015005"}, "type": "Feature"}, {"geometry": {"coordinates": [12.78827, 48.52277], "type": "Point"}, "properties": {"oid": "7442BG000050"}, "type": "Feature"}, {"geometry": {"coordinates": [12.28675, 49.30091], "type": "Point"}, "properties": {"oid": "6639BG000177"}, "type": "Feature"}, {"geometry": {"coordinates": [11.86573, 48.57163], "type": "Point"}, "properties": {"oid": "7437BG000078"}, "type": "Feature"}, {"geometry": {"coordinates": [11.01384, 49.46874], "type": "Point"}, "properties": {"oid": "6532BG015086"}, "type": "Feature"}, {"geometry": {"coordinates": [12.25851, 48.32193], "type": "Point"}, "properties": {"oid": "7639BG015042"}, "type": "Feature"}, {"geometry": {"coordinates": [11.99449, 48.47246], "type": "Point"}, "properties": {"oid": "7537BG000573"}, "type": "Feature"}, {"geometry": {"coordinates": [11.78932, 47.8826], "type": "Point"}, "properties": {"oid": "8136BG015068"}, "type": "Feature"}, {"geometry": {"coordinates": [11.55839, 47.90318], "type": "Point"}, "properties": {"oid": "8035BG000033"}, "type": "Feature"}, {"geometry": {"coordinates": [11.07261, 49.272], "type": "Point"}, "properties": {"oid": "6732BG015076"}, "type": "Feature"}, {"geometry": {"coordinates": [12.74871, 48.16615], "type": "Point"}, "properties": {"oid": "7842BG000028"}, "type": "Feature"}, {"geometry": {"coordinates": [11.95251, 48.87434], "type": "Point"}, "properties": {"oid": "7137BG000130"}, "type": "Feature"}, {"geometry": {"coordinates": [10.96331, 49.5819], "type": "Point"}, "properties": {"oid": "6431BG015247"}, "type": "Feature"}, {"geometry": {"coordinates": [12.74818, 48.167], "type": "Point"}, "properties": {"oid": "7842BG000069"}, "type": "Feature"}, {"geometry": {"coordinates": [11.89915, 48.81413], "type": "Point"}, "properties": {"oid": "7137BG000118"}, "type": "Feature"}, {"geometry": {"coordinates": [12.36419, 48.18096], "type": "Point"}, "properties": {"oid": "7840BG015193"}, "type": "Feature"}, {"geometry": {"coordinates": [12.35773, 48.17999], "type": "Point"}, "properties": {"oid": "7840BG015194"}, "type": "Feature"}, {"geometry": {"coordinates": [12.08009, 48.50577], "type": "Point"}, "properties": {"oid": "7438BG001910"}, "type": "Feature"}, {"geometry": {"coordinates": [11.5342, 47.96299], "type": "Point"}, "properties": {"oid": "8035BG000008"}, "type": "Feature"}, {"geometry": {"coordinates": [12.52296, 48.44006], "type": "Point"}, "properties": {"oid": "7541BG000021"}, "type": "Feature"}, {"geometry": {"coordinates": [12.39368, 48.07222], "type": "Point"}, "properties": {"oid": "7940BG015121"}, "type": "Feature"}, {"geometry": {"coordinates": [12.16962, 48.16733], "type": "Point"}, "properties": {"oid": "7839BG000021"}, "type": "Feature"}, {"geometry": {"coordinates": [11.72134, 47.8898], "type": "Point"}, "properties": {"oid": "8136BG015021"}, "type": "Feature"}, {"geometry": {"coordinates": [10.99962, 47.46846], "type": "Point"}, "properties": {"oid": "8532BG015001"}, "type": "Feature"}, {"geometry": {"coordinates": [11.74703, 47.98262], "type": "Point"}, "properties": {"oid": "8036BG000012"}, "type": "Feature"}, {"geometry": {"coordinates": [11.01139, 49.06325], "type": "Point"}, "properties": {"oid": "6932BG000005"}, "type": "Feature"}, {"geometry": {"coordinates": [11.9324, 48.55386], "type": "Point"}, "properties": {"oid": "7437BG000059"}, "type": "Feature"}, {"geometry": {"coordinates": [13.0265, 48.39368], "type": "Point"}, "properties": {"oid": "7644BG000051"}, "type": "Feature"}, {"geometry": {"coordinates": [12.6543, 48.21142], "type": "Point"}, "properties": {"oid": "7741BG000056"}, "type": "Feature"}, {"geometry": {"coordinates": [13.03416, 48.42918], "type": "Point"}, "properties": {"oid": "7544BG000089"}, "type": "Feature"}, {"geometry": {"coordinates": [11.28197, 48.54446], "type": "Point"}, "properties": {"oid": "7433BG000369"}, "type": "Feature"}, {"geometry": {"coordinates": [10.19411, 50.23794], "type": "Point"}, "properties": {"oid": "5727BG000023"}, "type": "Feature"}, {"geometry": {"coordinates": [12.62192, 47.81408], "type": "Point"}, "properties": {"oid": "8141BG015227"}, "type": "Feature"}, {"geometry": {"coordinates": [12.10378, 47.89081], "type": "Point"}, "properties": {"oid": "8138BG000003"}, "type": "Feature"}, {"geometry": {"coordinates": [12.10422, 47.89049], "type": "Point"}, "properties": {"oid": "8138BG000005"}, "type": "Feature"}, {"geometry": {"coordinates": [12.10392, 47.89071], "type": "Point"}, "properties": {"oid": "8138BG000002"}, "type": "Feature"}, {"geometry": {"coordinates": [12.62722, 48.03728], "type": "Point"}, "properties": {"oid": "7941BG000009"}, "type": "Feature"}, {"geometry": {"coordinates": [12.66289, 48.03717], "type": "Point"}, "properties": {"oid": "7941BG000003"}, "type": "Feature"}, {"geometry": {"coordinates": [12.66392, 48.03365], "type": "Point"}, "properties": {"oid": "7941BG000017"}, "type": "Feature"}, {"geometry": {"coordinates": [12.61653, 48.05154], "type": "Point"}, "properties": {"oid": "7941BG000007"}, "type": "Feature"}, {"geometry": {"coordinates": [12.52722, 48.09241], "type": "Point"}, "properties": {"oid": "7941BG015393"}, "type": "Feature"}, {"geometry": {"coordinates": [12.71662, 48.02425], "type": "Point"}, "properties": {"oid": "7942BG015088"}, "type": "Feature"}, {"geometry": {"coordinates": [11.47932, 48.01839], "type": "Point"}, "properties": {"oid": "7934BG015112"}, "type": "Feature"}, {"geometry": {"coordinates": [11.57987, 49.06121], "type": "Point"}, "properties": {"oid": "6935BG000133"}, "type": "Feature"}, {"geometry": {"coordinates": [11.16157, 49.79377], "type": "Point"}, "properties": {"oid": "6232BG000366"}, "type": "Feature"}, {"geometry": {"coordinates": [11.49295, 50.11043], "type": "Point"}, "properties": {"oid": "5834BG000556"}, "type": "Feature"}, {"geometry": {"coordinates": [10.83319, 48.8664], "type": "Point"}, "properties": {"oid": "7131BG000082"}, "type": "Feature"}, {"geometry": {"coordinates": [11.0414, 47.85134], "type": "Point"}, "properties": {"oid": "8132BG015002"}, "type": "Feature"}, {"geometry": {"coordinates": [12.12162, 48.51861], "type": "Point"}, "properties": {"oid": "7438BG001909"}, "type": "Feature"}, {"geometry": {"coordinates": [12.46045, 48.06206], "type": "Point"}, "properties": {"oid": "7940BG015093"}, "type": "Feature"}, {"geometry": {"coordinates": [10.61049, 49.04168], "type": "Point"}, "properties": {"oid": "6929BG000037"}, "type": "Feature"}, {"geometry": {"coordinates": [10.9819, 49.10045], "type": "Point"}, "properties": {"oid": "6831BG000103"}, "type": "Feature"}, {"geometry": {"coordinates": [10.55809, 49.3013], "type": "Point"}, "properties": {"oid": "6629BG000038"}, "type": "Feature"}, {"geometry": {"coordinates": [10.62348, 49.58742], "type": "Point"}, "properties": {"oid": "6429BG000032"}, "type": "Feature"}, {"geometry": {"coordinates": [10.30798, 49.46944], "type": "Point"}, "properties": {"oid": "6527BG000053"}, "type": "Feature"}, {"geometry": {"coordinates": [12.04809, 49.74908], "type": "Point"}, "properties": {"oid": "6238BG000230"}, "type": "Feature"}, {"geometry": {"coordinates": [10.44716, 49.50043], "type": "Point"}, "properties": {"oid": "6428BG015006"}, "type": "Feature"}, {"geometry": {"coordinates": [11.84811, 49.62393], "type": "Point"}, "properties": {"oid": "6337BG015022"}, "type": "Feature"}, {"geometry": {"coordinates": [10.84237, 49.08164], "type": "Point"}, "properties": {"oid": "6931BG000073"}, "type": "Feature"}, {"geometry": {"coordinates": [10.83047, 49.29778], "type": "Point"}, "properties": {"oid": "6730BG000161"}, "type": "Feature"}, {"geometry": {"coordinates": [10.96868, 49.04701], "type": "Point"}, "properties": {"oid": "6931BG000070"}, "type": "Feature"}, {"geometry": {"coordinates": [11.99683, 48.47606], "type": "Point"}, "properties": {"oid": "7537BG000585"}, "type": "Feature"}, {"geometry": {"coordinates": [12.65382, 48.041], "type": "Point"}, "properties": {"oid": "7941BG000006"}, "type": "Feature"}, {"geometry": {"coordinates": [12.57342, 48.07155], "type": "Point"}, "properties": {"oid": "7941BG000004"}, "type": "Feature"}, {"geometry": {"coordinates": [12.65939, 48.03665], "type": "Point"}, "properties": {"oid": "7941BG000016"}, "type": "Feature"}, {"geometry": {"coordinates": [12.61704, 48.0609], "type": "Point"}, "properties": {"oid": "7941BG000012"}, "type": "Feature"}, {"geometry": {"coordinates": [12.66027, 48.04213], "type": "Point"}, "properties": {"oid": "7941BG000005"}, "type": "Feature"}, {"geometry": {"coordinates": [12.64259, 48.04403], "type": "Point"}, "properties": {"oid": "7941BG000010"}, "type": "Feature"}, {"geometry": {"coordinates": [12.66187, 48.0307], "type": "Point"}, "properties": {"oid": "7941BG000019"}, "type": "Feature"}, {"geometry": {"coordinates": [12.64373, 48.04906], "type": "Point"}, "properties": {"oid": "7941BG000011"}, "type": "Feature"}, {"geometry": {"coordinates": [12.52983, 48.04739], "type": "Point"}, "properties": {"oid": "7941BG000018"}, "type": "Feature"}, {"geometry": {"coordinates": [12.49967, 48.03502], "type": "Point"}, "properties": {"oid": "7941BG000015"}, "type": "Feature"}, {"geometry": {"coordinates": [12.60374, 48.03659], "type": "Point"}, "properties": {"oid": "7941BG000008"}, "type": "Feature"}, {"geometry": {"coordinates": [12.55269, 48.13424], "type": "Point"}, "properties": {"oid": "7841BG015148"}, "type": "Feature"}, {"geometry": {"coordinates": [12.59102, 48.15497], "type": "Point"}, "properties": {"oid": "7841BG015149"}, "type": "Feature"}, {"geometry": {"coordinates": [12.71116, 48.03697], "type": "Point"}, "properties": {"oid": "7942BG015083"}, "type": "Feature"}, {"geometry": {"coordinates": [10.8559, 49.57374], "type": "Point"}, "properties": {"oid": "6431BG000020"}, "type": "Feature"}, {"geometry": {"coordinates": [12.20503, 49.91534], "type": "Point"}, "properties": {"oid": "6039BG015086"}, "type": "Feature"}, {"geometry": {"coordinates": [12.15444, 49.37329], "type": "Point"}, "properties": {"oid": "6638BG000663"}, "type": "Feature"}, {"geometry": {"coordinates": [12.10391, 49.53792], "type": "Point"}, "properties": {"oid": "6438BG015004"}, "type": "Feature"}, {"geometry": {"coordinates": [10.75133, 49.82574], "type": "Point"}, "properties": {"oid": "6130BG000021"}, "type": "Feature"}, {"geometry": {"coordinates": [12.45766, 48.0611], "type": "Point"}, "properties": {"oid": "7940BG000022"}, "type": "Feature"}, {"geometry": {"coordinates": [11.46699, 49.21157], "type": "Point"}, "properties": {"oid": "6734BG015001"}, "type": "Feature"}, {"geometry": {"coordinates": [12.60477, 48.05583], "type": "Point"}, "properties": {"oid": "7941BG000013"}, "type": "Feature"}, {"geometry": {"coordinates": [12.58069, 48.04984], "type": "Point"}, "properties": {"oid": "7941BG000014"}, "type": "Feature"}, {"geometry": {"coordinates": [11.00286, 48.81184], "type": "Point"}, "properties": {"oid": "7132BG000020"}, "type": "Feature"}, {"geometry": {"coordinates": [11.64064, 47.93714], "type": "Point"}, "properties": {"oid": "8035BG015047"}, "type": "Feature"}, {"geometry": {"coordinates": [12.68513, 48.0257], "type": "Point"}, "properties": {"oid": "7942BG015091"}, "type": "Feature"}, {"geometry": {"coordinates": [12.69199, 48.04752], "type": "Point"}, "properties": {"oid": "7942BG015089"}, "type": "Feature"}, {"geometry": {"coordinates": [12.71871, 48.03036], "type": "Point"}, "properties": {"oid": "7942BG015097"}, "type": "Feature"}, {"geometry": {"coordinates": [12.71066, 48.02951], "type": "Point"}, "properties": {"oid": "7942BG015096"}, "type": "Feature"}, {"geometry": {"coordinates": [12.696, 48.02636], "type": "Point"}, "properties": {"oid": "7942BG015098"}, "type": "Feature"}, {"geometry": {"coordinates": [12.52096, 48.05903], "type": "Point"}, "properties": {"oid": "7941BG015379"}, "type": "Feature"}, {"geometry": {"coordinates": [12.53598, 49.19924], "type": "Point"}, "properties": {"oid": "6741BG015067"}, "type": "Feature"}, {"geometry": {"coordinates": [12.39197, 47.99722], "type": "Point"}, "properties": {"oid": "8040BG000024"}, "type": "Feature"}, {"geometry": {"coordinates": [10.97666, 49.06969], "type": "Point"}, "properties": {"oid": "6931BG000080"}, "type": "Feature"}, {"geometry": {"coordinates": [10.77698, 49.33801], "type": "Point"}, "properties": {"oid": "6630BG000092"}, "type": "Feature"}, {"geometry": {"coordinates": [11.80831, 47.81003], "type": "Point"}, "properties": {"oid": "8136BG015074"}, "type": "Feature"}, {"geometry": {"coordinates": [11.90885, 48.90186], "type": "Point"}, "properties": {"oid": "7037BG015036"}, "type": "Feature"}, {"geometry": {"coordinates": [11.90619, 48.90241], "type": "Point"}, "properties": {"oid": "7037BG015038"}, "type": "Feature"}, {"geometry": {"coordinates": [11.30983, 49.04068], "type": "Point"}, "properties": {"oid": "6933BG000123"}, "type": "Feature"}, {"geometry": {"coordinates": [11.29665, 49.04736], "type": "Point"}, "properties": {"oid": "6933BG000126"}, "type": "Feature"}, {"geometry": {"coordinates": [10.15337, 49.27684], "type": "Point"}, "properties": {"oid": "6726BG015007"}, "type": "Feature"}, {"geometry": {"coordinates": [11.77161, 49.83397], "type": "Point"}, "properties": {"oid": "6136BG000102"}, "type": "Feature"}, {"geometry": {"coordinates": [10.41117, 48.69085], "type": "Point"}, "properties": {"oid": "7328BG015050"}, "type": "Feature"}, {"geometry": {"coordinates": [10.41013, 48.6985], "type": "Point"}, "properties": {"oid": "7328BG015051"}, "type": "Feature"}, {"geometry": {"coordinates": [11.58292, 49.29249], "type": "Point"}, "properties": {"oid": "6735BG015004"}, "type": "Feature"}, {"geometry": {"coordinates": [12.71336, 48.02176], "type": "Point"}, "properties": {"oid": "7942BG015093"}, "type": "Feature"}, {"geometry": {"coordinates": [12.65965, 48.03539], "type": "Point"}, "properties": {"oid": "7941BG015400"}, "type": "Feature"}, {"geometry": {"coordinates": [12.68091, 48.04084], "type": "Point"}, "properties": {"oid": "7942BG015100"}, "type": "Feature"}, {"geometry": {"coordinates": [10.81416, 49.45885], "type": "Point"}, "properties": {"oid": "6530BG000025"}, "type": "Feature"}, {"geometry": {"coordinates": [10.82419, 49.45197], "type": "Point"}, "properties": {"oid": "6530BG000033"}, "type": "Feature"}, {"geometry": {"coordinates": [11.33673, 49.30716], "type": "Point"}, "properties": {"oid": "6634BG000018"}, "type": "Feature"}, {"geometry": {"coordinates": [12.15806, 48.82417], "type": "Point"}, "properties": {"oid": "7138BG000248"}, "type": "Feature"}, {"geometry": {"coordinates": [12.39324, 48.00598], "type": "Point"}, "properties": {"oid": "7940BG000007"}, "type": "Feature"}, {"geometry": {"coordinates": [13.13743, 48.7426], "type": "Point"}, "properties": {"oid": "7244BG015523"}, "type": "Feature"}, {"geometry": {"coordinates": [11.91945, 49.40297], "type": "Point"}, "properties": {"oid": "6537BG015151"}, "type": "Feature"}, {"geometry": {"coordinates": [10.79589, 48.76453], "type": "Point"}, "properties": {"oid": "7230BG015005"}, "type": "Feature"}, {"geometry": {"coordinates": [11.32933, 48.77284], "type": "Point"}, "properties": {"oid": "7233BG000976"}, "type": "Feature"}, {"geometry": {"coordinates": [12.69513, 48.03176], "type": "Point"}, "properties": {"oid": "7942BG015099"}, "type": "Feature"}, {"geometry": {"coordinates": [12.45065, 48.15045], "type": "Point"}, "properties": {"oid": "7840BG015187"}, "type": "Feature"}, {"geometry": {"coordinates": [11.00679, 49.40651], "type": "Point"}, "properties": {"oid": "6532BG000001"}, "type": "Feature"}, {"geometry": {"coordinates": [11.90875, 49.52377], "type": "Point"}, "properties": {"oid": "6437BG015009"}, "type": "Feature"}, {"geometry": {"coordinates": [11.27959, 48.40105], "type": "Point"}, "properties": {"oid": "7533BG015001"}, "type": "Feature"}, {"geometry": {"coordinates": [11.32013, 49.04095], "type": "Point"}, "properties": {"oid": "6933BG000122"}, "type": "Feature"}, {"geometry": {"coordinates": [12.06715, 49.34742], "type": "Point"}, "properties": {"oid": "6638BG000710"}, "type": "Feature"}, {"geometry": {"coordinates": [11.18605, 49.2699], "type": "Point"}, "properties": {"oid": "6733BG015028"}, "type": "Feature"}, {"geometry": {"coordinates": [12.40845, 49.24446], "type": "Point"}, "properties": {"oid": "6740BG000071"}, "type": "Feature"}, {"geometry": {"coordinates": [12.07847, 49.37666], "type": "Point"}, "properties": {"oid": "6638BG015089"}, "type": "Feature"}, {"geometry": {"coordinates": [12.70185, 48.02273], "type": "Point"}, "properties": {"oid": "7942BG015104"}, "type": "Feature"}, {"geometry": {"coordinates": [12.10673, 48.56397], "type": "Point"}, "properties": {"oid": "7438BG001992"}, "type": "Feature"}, {"geometry": {"coordinates": [11.29205, 48.75355], "type": "Point"}, "properties": {"oid": "7233BG000975"}, "type": "Feature"}, {"geometry": {"coordinates": [13.05496, 48.43125], "type": "Point"}, "properties": {"oid": "7544BG015084"}, "type": "Feature"}, {"geometry": {"coordinates": [12.1249, 47.97759], "type": "Point"}, "properties": {"oid": "8038BG015210"}, "type": "Feature"}, {"geometry": {"coordinates": [12.10247, 49.15291], "type": "Point"}, "properties": {"oid": "6838BG000423"}, "type": "Feature"}, {"geometry": {"coordinates": [12.53782, 48.06888], "type": "Point"}, "properties": {"oid": "7941BG015392"}, "type": "Feature"}, {"geometry": {"coordinates": [12.70294, 48.02434], "type": "Point"}, "properties": {"oid": "7942BG015087"}, "type": "Feature"}, {"geometry": {"coordinates": [12.69953, 48.03956], "type": "Point"}, "properties": {"oid": "7942BG015084"}, "type": "Feature"}, {"geometry": {"coordinates": [11.88753, 47.78981], "type": "Point"}, "properties": {"oid": "8237BG015117"}, "type": "Feature"}, {"geometry": {"coordinates": [12.68958, 48.02775], "type": "Point"}, "properties": {"oid": "7942BG015092"}, "type": "Feature"}, {"geometry": {"coordinates": [11.62168, 47.89492], "type": "Point"}, "properties": {"oid": "8135BG015120"}, "type": "Feature"}, {"geometry": {"coordinates": [11.33136, 48.1545], "type": "Point"}, "properties": {"oid": "7833BG000123"}, "type": "Feature"}, {"geometry": {"coordinates": [11.77488, 47.97231], "type": "Point"}, "properties": {"oid": "8036BG000015"}, "type": "Feature"}, {"geometry": {"coordinates": [11.31725, 48.75051], "type": "Point"}, "properties": {"oid": "7233BG000889"}, "type": "Feature"}, {"geometry": {"coordinates": [12.21126, 49.00639], "type": "Point"}, "properties": {"oid": "6939BG015209"}, "type": "Feature"}, {"geometry": {"coordinates": [13.0341, 48.57173], "type": "Point"}, "properties": {"oid": "7444BG000072"}, "type": "Feature"}, {"geometry": {"coordinates": [10.97267, 48.84323], "type": "Point"}, "properties": {"oid": "7131BG000022"}, "type": "Feature"}, {"geometry": {"coordinates": [12.61983, 47.81663], "type": "Point"}, "properties": {"oid": "8141BG015129"}, "type": "Feature"}, {"geometry": {"coordinates": [11.50227, 47.98439], "type": "Point"}, "properties": {"oid": "8035BG015051"}, "type": "Feature"}, {"geometry": {"coordinates": [12.2395, 50.08748], "type": "Point"}, "properties": {"oid": "5939BG000499"}, "type": "Feature"}, {"geometry": {"coordinates": [11.02697, 49.62267], "type": "Point"}, "properties": {"oid": "6332BG015048"}, "type": "Feature"}, {"geometry": {"coordinates": [12.38183, 48.01245], "type": "Point"}, "properties": {"oid": "7940BG015117"}, "type": "Feature"}, {"geometry": {"coordinates": [11.51852, 47.78877], "type": "Point"}, "properties": {"oid": "8235BG015336"}, "type": "Feature"}, {"geometry": {"coordinates": [10.74725, 49.286], "type": "Point"}, "properties": {"oid": "6730BG000153"}, "type": "Feature"}, {"geometry": {"coordinates": [12.89334, 47.85286], "type": "Point"}, "properties": {"oid": "8143BG015057"}, "type": "Feature"}, {"geometry": {"coordinates": [11.65012, 47.76667], "type": "Point"}, "properties": {"oid": "8235BG015003"}, "type": "Feature"}, {"geometry": {"coordinates": [10.17883, 48.30238], "type": "Point"}, "properties": {"oid": "7627BG000025"}, "type": "Feature"}, {"geometry": {"coordinates": [10.16906, 49.72967], "type": "Point"}, "properties": {"oid": "6227BG015010"}, "type": "Feature"}, {"geometry": {"coordinates": [12.29393, 49.27888], "type": "Point"}, "properties": {"oid": "6739BG000026"}, "type": "Feature"}, {"geometry": {"coordinates": [10.83971, 49.08157], "type": "Point"}, "properties": {"oid": "6931BG000069"}, "type": "Feature"}, {"geometry": {"coordinates": [10.83721, 49.08049], "type": "Point"}, "properties": {"oid": "6931BG000074"}, "type": "Feature"}, {"geometry": {"coordinates": [11.01698, 49.29775], "type": "Point"}, "properties": {"oid": "6732BG015294"}, "type": "Feature"}, {"geometry": {"coordinates": [11.85978, 47.78609], "type": "Point"}, "properties": {"oid": "8237BG015101"}, "type": "Feature"}, {"geometry": {"coordinates": [10.7913, 49.45878], "type": "Point"}, "properties": {"oid": "6530BG000032"}, "type": "Feature"}, {"geometry": {"coordinates": [10.78627, 49.70371], "type": "Point"}, "properties": {"oid": "6230BG000019"}, "type": "Feature"}, {"geometry": {"coordinates": [10.81817, 49.45709], "type": "Point"}, "properties": {"oid": "6530BG000026"}, "type": "Feature"}, {"geometry": {"coordinates": [12.02582, 48.17967], "type": "Point"}, "properties": {"oid": "7838BG015023"}, "type": "Feature"}, {"geometry": {"coordinates": [12.22007, 48.04872], "type": "Point"}, "properties": {"oid": "7939BG015146"}, "type": "Feature"}, {"geometry": {"coordinates": [12.65269, 48.21147], "type": "Point"}, "properties": {"oid": "7741BG000022"}, "type": "Feature"}, {"geometry": {"coordinates": [11.85677, 49.63664], "type": "Point"}, "properties": {"oid": "6337BG015024"}, "type": "Feature"}, {"geometry": {"coordinates": [12.36944, 48.18002], "type": "Point"}, "properties": {"oid": "7840BG000029"}, "type": "Feature"}, {"geometry": {"coordinates": [12.34479, 48.1955], "type": "Point"}, "properties": {"oid": "7840BG015195"}, "type": "Feature"}, {"geometry": {"coordinates": [11.55591, 47.90773], "type": "Point"}, "properties": {"oid": "8035BG000031"}, "type": "Feature"}, {"geometry": {"coordinates": [11.54961, 47.90358], "type": "Point"}, "properties": {"oid": "8035BG000037"}, "type": "Feature"}, {"geometry": {"coordinates": [11.58414, 48.83119], "type": "Point"}, "properties": {"oid": "7135BG000059"}, "type": "Feature"}, {"geometry": {"coordinates": [11.72262, 49.17128], "type": "Point"}, "properties": {"oid": "6836BG000007"}, "type": "Feature"}, {"geometry": {"coordinates": [12.53102, 49.20731], "type": "Point"}, "properties": {"oid": "6741BG000186"}, "type": "Feature"}, {"geometry": {"coordinates": [12.4063, 49.24557], "type": "Point"}, "properties": {"oid": "6740BG000074"}, "type": "Feature"}, {"geometry": {"coordinates": [12.08421, 49.39255], "type": "Point"}, "properties": {"oid": "6638BG000662"}, "type": "Feature"}, {"geometry": {"coordinates": [13.17594, 48.51771], "type": "Point"}, "properties": {"oid": "7445BG000067"}, "type": "Feature"}, {"geometry": {"coordinates": [12.6897, 48.02676], "type": "Point"}, "properties": {"oid": "7942BG015106"}, "type": "Feature"}, {"geometry": {"coordinates": [10.25507, 48.45268], "type": "Point"}, "properties": {"oid": "7527BG015063"}, "type": "Feature"}, {"geometry": {"coordinates": [10.80187, 49.22533], "type": "Point"}, "properties": {"oid": "6730BG000166"}, "type": "Feature"}, {"geometry": {"coordinates": [10.97604, 48.77798], "type": "Point"}, "properties": {"oid": "7231BG000002"}, "type": "Feature"}, {"geometry": {"coordinates": [12.3467, 49.27945], "type": "Point"}, "properties": {"oid": "6740BG000073"}, "type": "Feature"}, {"geometry": {"coordinates": [12.52334, 48.43897], "type": "Point"}, "properties": {"oid": "7541BG000022"}, "type": "Feature"}, {"geometry": {"coordinates": [10.06319, 50.29532], "type": "Point"}, "properties": {"oid": "5726BG000142"}, "type": "Feature"}, {"geometry": {"coordinates": [11.72106, 49.61328], "type": "Point"}, "properties": {"oid": "6336BG015006"}, "type": "Feature"}, {"geometry": {"coordinates": [12.12166, 48.51853], "type": "Point"}, "properties": {"oid": "7438BG002261"}, "type": "Feature"}, {"geometry": {"coordinates": [12.03217, 49.2269], "type": "Point"}, "properties": {"oid": "6738BG015009"}, "type": "Feature"}, {"geometry": {"coordinates": [11.93635, 49.23302], "type": "Point"}, "properties": {"oid": "6737BG015082"}, "type": "Feature"}, {"geometry": {"coordinates": [11.32454, 48.94726], "type": "Point"}, "properties": {"oid": "7033BG000135"}, "type": "Feature"}, {"geometry": {"coordinates": [12.67816, 49.22977], "type": "Point"}, "properties": {"oid": "6742BG000235"}, "type": "Feature"}, {"geometry": {"coordinates": [11.98646, 49.23509], "type": "Point"}, "properties": {"oid": "6737BG000026"}, "type": "Feature"}, {"geometry": {"coordinates": [11.39545, 48.85234], "type": "Point"}, "properties": {"oid": "7134BG000338"}, "type": "Feature"}, {"geometry": {"coordinates": [11.48302, 48.84377], "type": "Point"}, "properties": {"oid": "7134BG000339"}, "type": "Feature"}, {"geometry": {"coordinates": [12.20004, 50.06155], "type": "Point"}, "properties": {"oid": "5939BG000502"}, "type": "Feature"}, {"geometry": {"coordinates": [11.99628, 47.99533], "type": "Point"}, "properties": {"oid": "8037BG015041"}, "type": "Feature"}, {"geometry": {"coordinates": [11.3981, 49.67756], "type": "Point"}, "properties": {"oid": "6334BG000004"}, "type": "Feature"}, {"geometry": {"coordinates": [11.69669, 47.88012], "type": "Point"}, "properties": {"oid": "8136BG015075"}, "type": "Feature"}, {"geometry": {"coordinates": [11.51438, 47.96641], "type": "Point"}, "properties": {"oid": "8035BG000009"}, "type": "Feature"}, {"geometry": {"coordinates": [12.40458, 49.2476], "type": "Point"}, "properties": {"oid": "6740BG000075"}, "type": "Feature"}, {"geometry": {"coordinates": [12.37188, 48.18471], "type": "Point"}, "properties": {"oid": "7840BG015192"}, "type": "Feature"}, {"geometry": {"coordinates": [11.06097, 47.49367], "type": "Point"}, "properties": {"oid": "8532BG015009"}, "type": "Feature"}, {"geometry": {"coordinates": [10.61248, 48.19622], "type": "Point"}, "properties": {"oid": "7829BG015002"}, "type": "Feature"}, {"geometry": {"coordinates": [10.90471, 49.51299], "type": "Point"}, "properties": {"oid": "6431BG015085"}, "type": "Feature"}, {"geometry": {"coordinates": [10.75261, 49.28177], "type": "Point"}, "properties": {"oid": "6730BG000151"}, "type": "Feature"}, {"geometry": {"coordinates": [12.65218, 48.09182], "type": "Point"}, "properties": {"oid": "7941BG015377"}, "type": "Feature"}, {"geometry": {"coordinates": [12.45181, 48.11266], "type": "Point"}, "properties": {"oid": "7840BG015096"}, "type": "Feature"}, {"geometry": {"coordinates": [11.55764, 47.72336], "type": "Point"}, "properties": {"oid": "8235BG015249"}, "type": "Feature"}, {"geometry": {"coordinates": [12.9596, 47.89], "type": "Point"}, "properties": {"oid": "8143BG015085"}, "type": "Feature"}, {"geometry": {"coordinates": [10.75265, 49.28182], "type": "Point"}, "properties": {"oid": "6730BG015001"}, "type": "Feature"}, {"geometry": {"coordinates": [11.89522, 49.83817], "type": "Point"}, "properties": {"oid": "6137BG000125"}, "type": "Feature"}, {"geometry": {"coordinates": [11.64157, 47.9619], "type": "Point"}, "properties": {"oid": "8035BG000007"}, "type": "Feature"}, {"geometry": {"coordinates": [11.00188, 48.88162], "type": "Point"}, "properties": {"oid": "7132BG000019"}, "type": "Feature"}, {"geometry": {"coordinates": [10.6908, 49.11953], "type": "Point"}, "properties": {"oid": "6830BG000071"}, "type": "Feature"}, {"geometry": {"coordinates": [13.0699, 48.45427], "type": "Point"}, "properties": {"oid": "7544BG000076"}, "type": "Feature"}, {"geometry": {"coordinates": [12.60335, 48.00177], "type": "Point"}, "properties": {"oid": "7941BG015368"}, "type": "Feature"}, {"geometry": {"coordinates": [11.67493, 49.88982], "type": "Point"}, "properties": {"oid": "6136BG015068"}, "type": "Feature"}, {"geometry": {"coordinates": [12.8443, 48.19165], "type": "Point"}, "properties": {"oid": "7843BG000001"}, "type": "Feature"}, {"geometry": {"coordinates": [10.85291, 49.57405], "type": "Point"}, "properties": {"oid": "6431BG015238"}, "type": "Feature"}, {"geometry": {"coordinates": [10.8264, 49.45848], "type": "Point"}, "properties": {"oid": "6530BG000023"}, "type": "Feature"}, {"geometry": {"coordinates": [12.37193, 49.27276], "type": "Point"}, "properties": {"oid": "6740BG000076"}, "type": "Feature"}, {"geometry": {"coordinates": [10.53701, 49.07992], "type": "Point"}, "properties": {"oid": "6929BG015034"}, "type": "Feature"}, {"geometry": {"coordinates": [12.32206, 49.30198], "type": "Point"}, "properties": {"oid": "6639BG000168"}, "type": "Feature"}, {"geometry": {"coordinates": [10.40758, 48.41507], "type": "Point"}, "properties": {"oid": "7528BG015023"}, "type": "Feature"}, {"geometry": {"coordinates": [11.90978, 48.90168], "type": "Point"}, "properties": {"oid": "7037BG015037"}, "type": "Feature"}, {"geometry": {"coordinates": [10.79981, 48.50744], "type": "Point"}, "properties": {"oid": "7430BG000107"}, "type": "Feature"}, {"geometry": {"coordinates": [10.77156, 49.33226], "type": "Point"}, "properties": {"oid": "6630BG015018"}, "type": "Feature"}, {"geometry": {"coordinates": [10.98682, 49.61258], "type": "Point"}, "properties": {"oid": "6331BG000081"}, "type": "Feature"}, {"geometry": {"coordinates": [12.24169, 48.92796], "type": "Point"}, "properties": {"oid": "7039BG000035"}, "type": "Feature"}, {"geometry": {"coordinates": [12.4019, 48.03361], "type": "Point"}, "properties": {"oid": "7940BG015105"}, "type": "Feature"}, {"geometry": {"coordinates": [12.67398, 48.03458], "type": "Point"}, "properties": {"oid": "7942BG015101"}, "type": "Feature"}, {"geometry": {"coordinates": [11.86774, 48.18703], "type": "Point"}, "properties": {"oid": "7837BG015013"}, "type": "Feature"}, {"geometry": {"coordinates": [12.91378, 47.92275], "type": "Point"}, "properties": {"oid": "8043BG015058"}, "type": "Feature"}, {"geometry": {"coordinates": [12.8834, 47.91445], "type": "Point"}, "properties": {"oid": "8043BG015070"}, "type": "Feature"}, {"geometry": {"coordinates": [12.85493, 47.92402], "type": "Point"}, "properties": {"oid": "8043BG015074"}, "type": "Feature"}, {"geometry": {"coordinates": [10.99156, 48.35229], "type": "Point"}, "properties": {"oid": "7631BG015084"}, "type": "Feature"}, {"geometry": {"coordinates": [10.64031, 48.31653], "type": "Point"}, "properties": {"oid": "7629BG015021"}, "type": "Feature"}, {"geometry": {"coordinates": [12.58379, 48.09214], "type": "Point"}, "properties": {"oid": "7941BG015395"}, "type": "Feature"}, {"geometry": {"coordinates": [11.36522, 50.08993], "type": "Point"}, "properties": {"oid": "5934BG015054"}, "type": "Feature"}, {"geometry": {"coordinates": [12.51822, 49.22967], "type": "Point"}, "properties": {"oid": "6741BG015063"}, "type": "Feature"}, {"geometry": {"coordinates": [11.98284, 48.94609], "type": "Point"}, "properties": {"oid": "7037BG015061"}, "type": "Feature"}, {"geometry": {"coordinates": [12.88538, 47.93638], "type": "Point"}, "properties": {"oid": "8043BG015053"}, "type": "Feature"}, {"geometry": {"coordinates": [11.53232, 49.28802], "type": "Point"}, "properties": {"oid": "6735BG015002"}, "type": "Feature"}, {"geometry": {"coordinates": [12.69113, 48.04339], "type": "Point"}, "properties": {"oid": "7942BG015090"}, "type": "Feature"}, {"geometry": {"coordinates": [12.68994, 48.03476], "type": "Point"}, "properties": {"oid": "7942BG015095"}, "type": "Feature"}, {"geometry": {"coordinates": [12.71207, 48.02527], "type": "Point"}, "properties": {"oid": "7942BG015103"}, "type": "Feature"}, {"geometry": {"coordinates": [12.85515, 47.91331], "type": "Point"}, "properties": {"oid": "8043BG015067"}, "type": "Feature"}, {"geometry": {"coordinates": [12.68998, 48.03746], "type": "Point"}, "properties": {"oid": "7942BG015102"}, "type": "Feature"}, {"geometry": {"coordinates": [12.71406, 48.04298], "type": "Point"}, "properties": {"oid": "7942BG015086"}, "type": "Feature"}, {"geometry": {"coordinates": [12.7007, 48.01743], "type": "Point"}, "properties": {"oid": "7942BG015105"}, "type": "Feature"}, {"geometry": {"coordinates": [10.35412, 49.02339], "type": "Point"}, "properties": {"oid": "6928BG015042"}, "type": "Feature"}, {"geometry": {"coordinates": [11.4753, 48.03111], "type": "Point"}, "properties": {"oid": "7934BG015341"}, "type": "Feature"}, {"geometry": {"coordinates": [11.80443, 49.75511], "type": "Point"}, "properties": {"oid": "6236BG015018"}, "type": "Feature"}, {"geometry": {"coordinates": [11.77875, 48.32395], "type": "Point"}, "properties": {"oid": "7636BG016417"}, "type": "Feature"}, {"geometry": {"coordinates": [11.43778, 47.94939], "type": "Point"}, "properties": {"oid": "8034BG015213"}, "type": "Feature"}, {"geometry": {"coordinates": [11.46188, 47.98755], "type": "Point"}, "properties": {"oid": "8034BG015210"}, "type": "Feature"}, {"geometry": {"coordinates": [11.40581, 47.97054], "type": "Point"}, "properties": {"oid": "8034BG015208"}, "type": "Feature"}, {"geometry": {"coordinates": [12.83351, 47.97373], "type": "Point"}, "properties": {"oid": "8043BG015062"}, "type": "Feature"}, {"geometry": {"coordinates": [11.26928, 48.14618], "type": "Point"}, "properties": {"oid": "7833BG015366"}, "type": "Feature"}, {"geometry": {"coordinates": [10.8993, 48.07923], "type": "Point"}, "properties": {"oid": "7931BG015059"}, "type": "Feature"}, {"geometry": {"coordinates": [9.90608, 50.11422], "type": "Point"}, "properties": {"oid": "5825BG015002"}, "type": "Feature"}, {"geometry": {"coordinates": [11.114, 49.0497], "type": "Point"}, "properties": {"oid": "6932BG015017"}, "type": "Feature"}, {"geometry": {"coordinates": [12.03479, 49.23679], "type": "Point"}, "properties": {"oid": "6738BG015011"}, "type": "Feature"}, {"geometry": {"coordinates": [12.28108, 49.32472], "type": "Point"}, "properties": {"oid": "6639BG015020"}, "type": "Feature"}, {"geometry": {"coordinates": [10.78177, 48.41053], "type": "Point"}, "properties": {"oid": "7530BG015025"}, "type": "Feature"}, {"geometry": {"coordinates": [10.64328, 50.14628], "type": "Point"}, "properties": {"oid": "5829BG015003"}, "type": "Feature"}, {"geometry": {"coordinates": [10.66334, 48.28567], "type": "Point"}, "properties": {"oid": "7729BG015003"}, "type": "Feature"}, {"geometry": {"coordinates": [9.27502, 50.07498], "type": "Point"}, "properties": {"oid": "5921BG015136"}, "type": "Feature"}, {"geometry": {"coordinates": [9.27357, 50.07266], "type": "Point"}, "properties": {"oid": "5921BG015135"}, "type": "Feature"}, {"geometry": {"coordinates": [11.83278, 47.79739], "type": "Point"}, "properties": {"oid": "8237BG015084"}, "type": "Feature"}, {"geometry": {"coordinates": [10.35264, 47.87218], "type": "Point"}, "properties": {"oid": "8128BG015108"}, "type": "Feature"}, {"geometry": {"coordinates": [10.35328, 50.17245], "type": "Point"}, "properties": {"oid": "5828BG015004"}, "type": "Feature"}, {"geometry": {"coordinates": [11.35247, 48.33238], "type": "Point"}, "properties": {"oid": "7634BG015019"}, "type": "Feature"}, {"geometry": {"coordinates": [11.84175, 48.31503], "type": "Point"}, "properties": {"oid": "7637BG015064"}, "type": "Feature"}, {"geometry": {"coordinates": [11.90662, 48.30695], "type": "Point"}, "properties": {"oid": "7637BG015071"}, "type": "Feature"}, {"geometry": {"coordinates": [12.57433, 47.81523], "type": "Point"}, "properties": {"oid": "8141BG015237"}, "type": "Feature"}, {"geometry": {"coordinates": [11.85698, 47.78348], "type": "Point"}, "properties": {"oid": "8237BG015088"}, "type": "Feature"}, {"geometry": {"coordinates": [11.7537, 47.98612], "type": "Point"}, "properties": {"oid": "8036BG015150"}, "type": "Feature"}, {"geometry": {"coordinates": [12.84824, 47.90761], "type": "Point"}, "properties": {"oid": "8043BG015069"}, "type": "Feature"}, {"geometry": {"coordinates": [10.1273, 50.20941], "type": "Point"}, "properties": {"oid": "5726BG015018"}, "type": "Feature"}, {"geometry": {"coordinates": [11.50949, 48.02603], "type": "Point"}, "properties": {"oid": "7935BG015316"}, "type": "Feature"}, {"geometry": {"coordinates": [11.99192, 50.28657], "type": "Point"}, "properties": {"oid": "5737BG015044"}, "type": "Feature"}, {"geometry": {"coordinates": [12.93255, 47.91721], "type": "Point"}, "properties": {"oid": "8043BG015046"}, "type": "Feature"}, {"geometry": {"coordinates": [12.46866, 49.25674], "type": "Point"}, "properties": {"oid": "6740BG015015"}, "type": "Feature"}, {"geometry": {"coordinates": [11.94811, 47.79642], "type": "Point"}, "properties": {"oid": "8237BG015119"}, "type": "Feature"}, {"geometry": {"coordinates": [12.70265, 48.03261], "type": "Point"}, "properties": {"oid": "7942BG015082"}, "type": "Feature"}, {"geometry": {"coordinates": [12.66028, 47.75934], "type": "Point"}, "properties": {"oid": "8241BG015017"}, "type": "Feature"}, {"geometry": {"coordinates": [11.52416, 48.0492], "type": "Point"}, "properties": {"oid": "7935BG015254"}, "type": "Feature"}, {"geometry": {"coordinates": [12.70096, 48.04647], "type": "Point"}, "properties": {"oid": "7942BG015085"}, "type": "Feature"}, {"geometry": {"coordinates": [12.57588, 48.23928], "type": "Point"}, "properties": {"oid": "7741BG015025"}, "type": "Feature"}, {"geometry": {"coordinates": [11.55468, 48.15713], "type": "Point"}, "properties": {"oid": "7835BG007535"}, "type": "Feature"}, {"geometry": {"coordinates": [12.72377, 48.19759], "type": "Point"}, "properties": {"oid": "7842BG000066"}, "type": "Feature"}, {"geometry": {"coordinates": [12.09568, 47.8835], "type": "Point"}, "properties": {"oid": "8138BG000019"}, "type": "Feature"}, {"geometry": {"coordinates": [12.23712, 47.88827], "type": "Point"}, "properties": {"oid": "8139BG000004"}, "type": "Feature"}, {"geometry": {"coordinates": [12.211, 47.89036], "type": "Point"}, "properties": {"oid": "8139BG000006"}, "type": "Feature"}, {"geometry": {"coordinates": [11.27607, 48.53951], "type": "Point"}, "properties": {"oid": "7433BG000319"}, "type": "Feature"}, {"geometry": {"coordinates": [11.28472, 49.06268], "type": "Point"}, "properties": {"oid": "6933BG000076"}, "type": "Feature"}, {"geometry": {"coordinates": [12.65167, 48.70063], "type": "Point"}, "properties": {"oid": "7241BG000071"}, "type": "Feature"}, {"geometry": {"coordinates": [12.21652, 48.0485], "type": "Point"}, "properties": {"oid": "7939BG000012"}, "type": "Feature"}, {"geometry": {"coordinates": [12.11403, 47.89052], "type": "Point"}, "properties": {"oid": "8138BG000011"}, "type": "Feature"}, {"geometry": {"coordinates": [11.86201, 47.85956], "type": "Point"}, "properties": {"oid": "8137BG015232"}, "type": "Feature"}, {"geometry": {"coordinates": [12.25085, 48.24045], "type": "Point"}, "properties": {"oid": "7739BG015016"}, "type": "Feature"}, {"geometry": {"coordinates": [12.54904, 49.18985], "type": "Point"}, "properties": {"oid": "6841BG015102"}, "type": "Feature"}, {"geometry": {"coordinates": [11.51666, 47.80265], "type": "Point"}, "properties": {"oid": "8135BG000017"}, "type": "Feature"}, {"geometry": {"coordinates": [10.29684, 49.32678], "type": "Point"}, "properties": {"oid": "6627BG015016"}, "type": "Feature"}, {"geometry": {"coordinates": [12.72737, 48.23265], "type": "Point"}, "properties": {"oid": "7742BG000116"}, "type": "Feature"}, {"geometry": {"coordinates": [10.50284, 48.51569], "type": "Point"}, "properties": {"oid": "7429BG000050"}, "type": "Feature"}, {"geometry": {"coordinates": [13.00333, 48.64003], "type": "Point"}, "properties": {"oid": "7344BG000117"}, "type": "Feature"}, {"geometry": {"coordinates": [13.16242, 48.76439], "type": "Point"}, "properties": {"oid": "7244BG015293"}, "type": "Feature"}, {"geometry": {"coordinates": [13.04639, 48.71374], "type": "Point"}, "properties": {"oid": "7244BG015157"}, "type": "Feature"}, {"geometry": {"coordinates": [11.86035, 47.85672], "type": "Point"}, "properties": {"oid": "8137BG015231"}, "type": "Feature"}, {"geometry": {"coordinates": [12.75662, 47.97582], "type": "Point"}, "properties": {"oid": "8042BG000002"}, "type": "Feature"}, {"geometry": {"coordinates": [11.70883, 48.33679], "type": "Point"}, "properties": {"oid": "7636BG000013"}, "type": "Feature"}, {"geometry": {"coordinates": [11.96315, 48.32068], "type": "Point"}, "properties": {"oid": "7637BG015059"}, "type": "Feature"}, {"geometry": {"coordinates": [10.91986, 49.64374], "type": "Point"}, "properties": {"oid": "6331BG015047"}, "type": "Feature"}, {"geometry": {"coordinates": [12.07428, 49.3465], "type": "Point"}, "properties": {"oid": "6638BG000729"}, "type": "Feature"}, {"geometry": {"coordinates": [11.89924, 47.93178], "type": "Point"}, "properties": {"oid": "8037BG000010"}, "type": "Feature"}, {"geometry": {"coordinates": [12.55521, 48.87527], "type": "Point"}, "properties": {"oid": "7141BG000074"}, "type": "Feature"}, {"geometry": {"coordinates": [10.37712, 49.05554], "type": "Point"}, "properties": {"oid": "6928BG015035"}, "type": "Feature"}, {"geometry": {"coordinates": [11.96972, 48.04524], "type": "Point"}, "properties": {"oid": "7937BG000040"}, "type": "Feature"}, {"geometry": {"coordinates": [12.96872, 48.53957], "type": "Point"}, "properties": {"oid": "7443BG000047"}, "type": "Feature"}, {"geometry": {"coordinates": [13.21292, 48.588], "type": "Point"}, "properties": {"oid": "7445BG000040"}, "type": "Feature"}, {"geometry": {"coordinates": [10.60792, 48.71134], "type": "Point"}, "properties": {"oid": "7229BG015020"}, "type": "Feature"}, {"geometry": {"coordinates": [13.19127, 48.36382], "type": "Point"}, "properties": {"oid": "7645BG000035"}, "type": "Feature"}, {"geometry": {"coordinates": [13.31218, 48.33729], "type": "Point"}, "properties": {"oid": "7645BG000036"}, "type": "Feature"}, {"geometry": {"coordinates": [12.42022, 48.86019], "type": "Point"}, "properties": {"oid": "7140BG000053"}, "type": "Feature"}, {"geometry": {"coordinates": [11.92194, 48.45196], "type": "Point"}, "properties": {"oid": "7537BG000543"}, "type": "Feature"}, {"geometry": {"coordinates": [12.2472, 48.26721], "type": "Point"}, "properties": {"oid": "7739BG000023"}, "type": "Feature"}, {"geometry": {"coordinates": [11.95014, 49.34728], "type": "Point"}, "properties": {"oid": "6637BG000080"}, "type": "Feature"}, {"geometry": {"coordinates": [10.72788, 48.43216], "type": "Point"}, "properties": {"oid": "7530BG015011"}, "type": "Feature"}, {"geometry": {"coordinates": [13.01198, 48.64499], "type": "Point"}, "properties": {"oid": "7344BG000118"}, "type": "Feature"}, {"geometry": {"coordinates": [11.9701, 47.98935], "type": "Point"}, "properties": {"oid": "8037BG000002"}, "type": "Feature"}, {"geometry": {"coordinates": [12.78002, 48.17472], "type": "Point"}, "properties": {"oid": "7842BG000068"}, "type": "Feature"}, {"geometry": {"coordinates": [12.77872, 48.35018], "type": "Point"}, "properties": {"oid": "7642BG000018"}, "type": "Feature"}, {"geometry": {"coordinates": [11.62786, 50.3643], "type": "Point"}, "properties": {"oid": "5635BG015002"}, "type": "Feature"}, {"geometry": {"coordinates": [12.91387, 48.39324], "type": "Point"}, "properties": {"oid": "7643BG000034"}, "type": "Feature"}, {"geometry": {"coordinates": [12.9652, 48.31575], "type": "Point"}, "properties": {"oid": "7643BG000127"}, "type": "Feature"}, {"geometry": {"coordinates": [11.80913, 48.7473], "type": "Point"}, "properties": {"oid": "7236BG000549"}, "type": "Feature"}, {"geometry": {"coordinates": [10.95266, 48.07179], "type": "Point"}, "properties": {"oid": "7931BG015032"}, "type": "Feature"}, {"geometry": {"coordinates": [11.67861, 47.87723], "type": "Point"}, "properties": {"oid": "8136BG000009"}, "type": "Feature"}, {"geometry": {"coordinates": [11.74448, 47.88005], "type": "Point"}, "properties": {"oid": "8136BG000003"}, "type": "Feature"}, {"geometry": {"coordinates": [12.01013, 48.93979], "type": "Point"}, "properties": {"oid": "7038BG015064"}, "type": "Feature"}, {"geometry": {"coordinates": [10.25402, 48.36373], "type": "Point"}, "properties": {"oid": "7627BG000018"}, "type": "Feature"}, {"geometry": {"coordinates": [12.23751, 47.89333], "type": "Point"}, "properties": {"oid": "8139BG000003"}, "type": "Feature"}, {"geometry": {"coordinates": [11.30767, 49.05192], "type": "Point"}, "properties": {"oid": "6933BG000079"}, "type": "Feature"}, {"geometry": {"coordinates": [12.72414, 48.19706], "type": "Point"}, "properties": {"oid": "7842BG000065"}, "type": "Feature"}, {"geometry": {"coordinates": [12.43679, 47.92728], "type": "Point"}, "properties": {"oid": "8040BG000023"}, "type": "Feature"}, {"geometry": {"coordinates": [12.03453, 47.92283], "type": "Point"}, "properties": {"oid": "8038BG000009"}, "type": "Feature"}, {"geometry": {"coordinates": [12.19614, 48.22705], "type": "Point"}, "properties": {"oid": "7739BG000016"}, "type": "Feature"}, {"geometry": {"coordinates": [10.32054, 49.45419], "type": "Point"}, "properties": {"oid": "6527BG015006"}, "type": "Feature"}, {"geometry": {"coordinates": [12.93012, 48.68403], "type": "Point"}, "properties": {"oid": "7343BG000185"}, "type": "Feature"}, {"geometry": {"coordinates": [12.10029, 48.08225], "type": "Point"}, "properties": {"oid": "7938BG015131"}, "type": "Feature"}, {"geometry": {"coordinates": [11.40688, 48.06995], "type": "Point"}, "properties": {"oid": "7934BG000043"}, "type": "Feature"}, {"geometry": {"coordinates": [11.72091, 47.87772], "type": "Point"}, "properties": {"oid": "8136BG000010"}, "type": "Feature"}, {"geometry": {"coordinates": [12.10351, 47.89101], "type": "Point"}, "properties": {"oid": "8138BG000001"}, "type": "Feature"}, {"geometry": {"coordinates": [12.10976, 47.89356], "type": "Point"}, "properties": {"oid": "8138BG000020"}, "type": "Feature"}, {"geometry": {"coordinates": [11.71743, 48.26591], "type": "Point"}, "properties": {"oid": "7736BG015009"}, "type": "Feature"}, {"geometry": {"coordinates": [11.37723, 48.25224], "type": "Point"}, "properties": {"oid": "7734BG000076"}, "type": "Feature"}, {"geometry": {"coordinates": [12.83172, 48.78267], "type": "Point"}, "properties": {"oid": "7242BG000121"}, "type": "Feature"}, {"geometry": {"coordinates": [12.56897, 48.28285], "type": "Point"}, "properties": {"oid": "7741BG015050"}, "type": "Feature"}, {"geometry": {"coordinates": [11.67322, 47.9445], "type": "Point"}, "properties": {"oid": "8036BG000008"}, "type": "Feature"}, {"geometry": {"coordinates": [12.01769, 49.79957], "type": "Point"}, "properties": {"oid": "6138BG000038"}, "type": "Feature"}, {"geometry": {"coordinates": [12.97115, 48.53893], "type": "Point"}, "properties": {"oid": "7443BG000048"}, "type": "Feature"}, {"geometry": {"coordinates": [12.06152, 49.33704], "type": "Point"}, "properties": {"oid": "6638BG000716"}, "type": "Feature"}, {"geometry": {"coordinates": [12.98468, 48.64567], "type": "Point"}, "properties": {"oid": "7343BG000175"}, "type": "Feature"}, {"geometry": {"coordinates": [11.00022, 48.79738], "type": "Point"}, "properties": {"oid": "7232BG015001"}, "type": "Feature"}, {"geometry": {"coordinates": [11.07755, 48.23456], "type": "Point"}, "properties": {"oid": "7732BG000002"}, "type": "Feature"}, {"geometry": {"coordinates": [12.11406, 47.8906], "type": "Point"}, "properties": {"oid": "8138BG000009"}, "type": "Feature"}, {"geometry": {"coordinates": [10.35104, 49.08793], "type": "Point"}, "properties": {"oid": "6928BG015032"}, "type": "Feature"}, {"geometry": {"coordinates": [12.09029, 47.89251], "type": "Point"}, "properties": {"oid": "8138BG000007"}, "type": "Feature"}, {"geometry": {"coordinates": [11.94764, 48.22304], "type": "Point"}, "properties": {"oid": "7737BG000057"}, "type": "Feature"}, {"geometry": {"coordinates": [10.96081, 48.94775], "type": "Point"}, "properties": {"oid": "7031BG000046"}, "type": "Feature"}, {"geometry": {"coordinates": [12.05685, 49.34128], "type": "Point"}, "properties": {"oid": "6638BG000726"}, "type": "Feature"}, {"geometry": {"coordinates": [12.47564, 48.64112], "type": "Point"}, "properties": {"oid": "7340BG000635"}, "type": "Feature"}, {"geometry": {"coordinates": [12.00534, 48.55454], "type": "Point"}, "properties": {"oid": "7438BG001904"}, "type": "Feature"}, {"geometry": {"coordinates": [11.73353, 47.87824], "type": "Point"}, "properties": {"oid": "8136BG000005"}, "type": "Feature"}, {"geometry": {"coordinates": [12.59584, 48.30991], "type": "Point"}, "properties": {"oid": "7641BG000032"}, "type": "Feature"}, {"geometry": {"coordinates": [11.87663, 47.8601], "type": "Point"}, "properties": {"oid": "8137BG000002"}, "type": "Feature"}, {"geometry": {"coordinates": [11.76223, 48.7528], "type": "Point"}, "properties": {"oid": "7236BG000554"}, "type": "Feature"}, {"geometry": {"coordinates": [12.11019, 47.88489], "type": "Point"}, "properties": {"oid": "8138BG000022"}, "type": "Feature"}, {"geometry": {"coordinates": [11.65889, 48.29523], "type": "Point"}, "properties": {"oid": "7735BG015032"}, "type": "Feature"}, {"geometry": {"coordinates": [12.11027, 47.88474], "type": "Point"}, "properties": {"oid": "8138BG000023"}, "type": "Feature"}, {"geometry": {"coordinates": [12.9942, 48.64402], "type": "Point"}, "properties": {"oid": "7343BG000177"}, "type": "Feature"}, {"geometry": {"coordinates": [12.11031, 47.88487], "type": "Point"}, "properties": {"oid": "8138BG000024"}, "type": "Feature"}, {"geometry": {"coordinates": [12.40553, 47.91136], "type": "Point"}, "properties": {"oid": "8040BG000011"}, "type": "Feature"}, {"geometry": {"coordinates": [11.04874, 49.61477], "type": "Point"}, "properties": {"oid": "6332BG015057"}, "type": "Feature"}, {"geometry": {"coordinates": [10.37629, 49.04981], "type": "Point"}, "properties": {"oid": "6928BG015036"}, "type": "Feature"}, {"geometry": {"coordinates": [11.90975, 50.36216], "type": "Point"}, "properties": {"oid": "5637BG000564"}, "type": "Feature"}, {"geometry": {"coordinates": [12.32267, 48.32533], "type": "Point"}, "properties": {"oid": "7639BG000231"}, "type": "Feature"}, {"geometry": {"coordinates": [11.79147, 48.16724], "type": "Point"}, "properties": {"oid": "7836BG015009"}, "type": "Feature"}, {"geometry": {"coordinates": [12.11378, 47.89039], "type": "Point"}, "properties": {"oid": "8138BG000014"}, "type": "Feature"}, {"geometry": {"coordinates": [11.67037, 47.94342], "type": "Point"}, "properties": {"oid": "8036BG000010"}, "type": "Feature"}, {"geometry": {"coordinates": [12.10364, 47.89091], "type": "Point"}, "properties": {"oid": "8138BG000004"}, "type": "Feature"}, {"geometry": {"coordinates": [12.79797, 48.83441], "type": "Point"}, "properties": {"oid": "7142BG000189"}, "type": "Feature"}, {"geometry": {"coordinates": [12.25019, 47.99423], "type": "Point"}, "properties": {"oid": "8039BG000010"}, "type": "Feature"}, {"geometry": {"coordinates": [13.16655, 48.74325], "type": "Point"}, "properties": {"oid": "7245BG015011"}, "type": "Feature"}, {"geometry": {"coordinates": [12.10406, 47.89061], "type": "Point"}, "properties": {"oid": "8138BG000006"}, "type": "Feature"}, {"geometry": {"coordinates": [12.47142, 48.21343], "type": "Point"}, "properties": {"oid": "7740BG000062"}, "type": "Feature"}, {"geometry": {"coordinates": [12.11383, 47.89056], "type": "Point"}, "properties": {"oid": "8138BG000010"}, "type": "Feature"}, {"geometry": {"coordinates": [10.57859, 48.8265], "type": "Point"}, "properties": {"oid": "7129BG015002"}, "type": "Feature"}, {"geometry": {"coordinates": [10.40249, 49.24318], "type": "Point"}, "properties": {"oid": "6728BG015010"}, "type": "Feature"}, {"geometry": {"coordinates": [11.6059, 48.62704], "type": "Point"}, "properties": {"oid": "7335BG000606"}, "type": "Feature"}, {"geometry": {"coordinates": [12.8166, 48.22793], "type": "Point"}, "properties": {"oid": "7742BG015132"}, "type": "Feature"}, {"geometry": {"coordinates": [12.09101, 47.99497], "type": "Point"}, "properties": {"oid": "8038BG000008"}, "type": "Feature"}, {"geometry": {"coordinates": [11.1706, 48.11734], "type": "Point"}, "properties": {"oid": "7833BG015187"}, "type": "Feature"}, {"geometry": {"coordinates": [11.87004, 48.06036], "type": "Point"}, "properties": {"oid": "7937BG015079"}, "type": "Feature"}, {"geometry": {"coordinates": [11.89153, 48.0706], "type": "Point"}, "properties": {"oid": "7937BG015073"}, "type": "Feature"}, {"geometry": {"coordinates": [10.42548, 49.1046], "type": "Point"}, "properties": {"oid": "6828BG015045"}, "type": "Feature"}, {"geometry": {"coordinates": [10.26011, 49.75824], "type": "Point"}, "properties": {"oid": "6227BG015011"}, "type": "Feature"}, {"geometry": {"coordinates": [11.71523, 48.28946], "type": "Point"}, "properties": {"oid": "7736BG015130"}, "type": "Feature"}, {"geometry": {"coordinates": [10.26508, 47.8561], "type": "Point"}, "properties": {"oid": "8127BG015021"}, "type": "Feature"}, {"geometry": {"coordinates": [11.3804, 48.25804], "type": "Point"}, "properties": {"oid": "7734BG015101"}, "type": "Feature"}, {"geometry": {"coordinates": [11.0387, 48.09354], "type": "Point"}, "properties": {"oid": "7932BG015143"}, "type": "Feature"}, {"geometry": {"coordinates": [9.93675, 50.12745], "type": "Point"}, "properties": {"oid": "5825BG015006"}, "type": "Feature"}, {"geometry": {"coordinates": [9.64768, 50.05106], "type": "Point"}, "properties": {"oid": "5923BG015007"}, "type": "Feature"}, {"geometry": {"coordinates": [9.647, 50.05314], "type": "Point"}, "properties": {"oid": "5923BG015006"}, "type": "Feature"}, {"geometry": {"coordinates": [11.09077, 48.25052], "type": "Point"}, "properties": {"oid": "7732BG015008"}, "type": "Feature"}, {"geometry": {"coordinates": [11.85871, 47.78591], "type": "Point"}, "properties": {"oid": "8237BG015096"}, "type": "Feature"}, {"geometry": {"coordinates": [11.16523, 48.03965], "type": "Point"}, "properties": {"oid": "7932BG015170"}, "type": "Feature"}, {"geometry": {"coordinates": [11.27743, 48.01514], "type": "Point"}, "properties": {"oid": "7933BG015055"}, "type": "Feature"}, {"geometry": {"coordinates": [11.83895, 49.536], "type": "Point"}, "properties": {"oid": "6437BG015044"}, "type": "Feature"}, {"geometry": {"coordinates": [11.08859, 48.06616], "type": "Point"}, "properties": {"oid": "7932BG015149"}, "type": "Feature"}, {"geometry": {"coordinates": [11.85791, 47.78627], "type": "Point"}, "properties": {"oid": "8237BG015094"}, "type": "Feature"}, {"geometry": {"coordinates": [11.34012, 47.99941], "type": "Point"}, "properties": {"oid": "7934BG015131"}, "type": "Feature"}, {"geometry": {"coordinates": [9.65766, 50.03186], "type": "Point"}, "properties": {"oid": "5923BG015002"}, "type": "Feature"}, {"geometry": {"coordinates": [10.45449, 49.71438], "type": "Point"}, "properties": {"oid": "6228BG015066"}, "type": "Feature"}, {"geometry": {"coordinates": [11.25242, 50.14099], "type": "Point"}, "properties": {"oid": "5833BG015120"}, "type": "Feature"}, {"geometry": {"coordinates": [10.97257, 48.04291], "type": "Point"}, "properties": {"oid": "7931BG015035"}, "type": "Feature"}, {"geometry": {"coordinates": [10.53014, 48.43277], "type": "Point"}, "properties": {"oid": "7529BG015020"}, "type": "Feature"}, {"geometry": {"coordinates": [10.35388, 48.36185], "type": "Point"}, "properties": {"oid": "7628BG015016"}, "type": "Feature"}, {"geometry": {"coordinates": [10.64582, 50.14711], "type": "Point"}, "properties": {"oid": "5829BG015005"}, "type": "Feature"}, {"geometry": {"coordinates": [10.57676, 48.44119], "type": "Point"}, "properties": {"oid": "7529BG015012"}, "type": "Feature"}, {"geometry": {"coordinates": [10.72567, 48.35102], "type": "Point"}, "properties": {"oid": "7630BG015013"}, "type": "Feature"}, {"geometry": {"coordinates": [11.17735, 48.3516], "type": "Point"}, "properties": {"oid": "7633BG015007"}, "type": "Feature"}, {"geometry": {"coordinates": [10.82996, 48.35132], "type": "Point"}, "properties": {"oid": "7630BG015005"}, "type": "Feature"}, {"geometry": {"coordinates": [12.73804, 48.02241], "type": "Point"}, "properties": {"oid": "7942BG015120"}, "type": "Feature"}, {"geometry": {"coordinates": [10.20066, 50.15638], "type": "Point"}, "properties": {"oid": "5827BG015003"}, "type": "Feature"}, {"geometry": {"coordinates": [11.59874, 49.16423], "type": "Point"}, "properties": {"oid": "6835BG015001"}, "type": "Feature"}, {"geometry": {"coordinates": [10.19782, 50.37127], "type": "Point"}, "properties": {"oid": "5627BG015009"}, "type": "Feature"}, {"geometry": {"coordinates": [11.51014, 48.04045], "type": "Point"}, "properties": {"oid": "7935BG015284"}, "type": "Feature"}, {"geometry": {"coordinates": [9.8694, 50.1405], "type": "Point"}, "properties": {"oid": "5825BG015011"}, "type": "Feature"}, {"geometry": {"coordinates": [10.78971, 49.06137], "type": "Point"}, "properties": {"oid": "6930BG015023"}, "type": "Feature"}, {"geometry": {"coordinates": [11.97303, 48.29833], "type": "Point"}, "properties": {"oid": "7737BG015035"}, "type": "Feature"}, {"geometry": {"coordinates": [11.71472, 48.28585], "type": "Point"}, "properties": {"oid": "7736BG015128"}, "type": "Feature"}, {"geometry": {"coordinates": [10.64225, 48.31046], "type": "Point"}, "properties": {"oid": "7629BG015014"}, "type": "Feature"}, {"geometry": {"coordinates": [10.97056, 48.38611], "type": "Point"}, "properties": {"oid": "7631BG015047"}, "type": "Feature"}, {"geometry": {"coordinates": [9.13042, 49.66986], "type": "Point"}, "properties": {"oid": "6320BG015001"}, "type": "Feature"}, {"geometry": {"coordinates": [11.00793, 49.59509], "type": "Point"}, "properties": {"oid": "6432BG015350"}, "type": "Feature"}, {"geometry": {"coordinates": [10.60232, 48.1972], "type": "Point"}, "properties": {"oid": "7829BG015011"}, "type": "Feature"}, {"geometry": {"coordinates": [10.64962, 48.18004], "type": "Point"}, "properties": {"oid": "7829BG015018"}, "type": "Feature"}, {"geometry": {"coordinates": [11.31744, 48.36405], "type": "Point"}, "properties": {"oid": "7633BG015016"}, "type": "Feature"}, {"geometry": {"coordinates": [11.28393, 48.3594], "type": "Point"}, "properties": {"oid": "7633BG015008"}, "type": "Feature"}, {"geometry": {"coordinates": [10.66176, 48.28356], "type": "Point"}, "properties": {"oid": "7729BG015004"}, "type": "Feature"}, {"geometry": {"coordinates": [11.815, 48.33212], "type": "Point"}, "properties": {"oid": "7636BG016031"}, "type": "Feature"}, {"geometry": {"coordinates": [10.78272, 48.26839], "type": "Point"}, "properties": {"oid": "7730BG015005"}, "type": "Feature"}, {"geometry": {"coordinates": [12.68841, 48.03018], "type": "Point"}, "properties": {"oid": "7942BG015127"}, "type": "Feature"}, {"geometry": {"coordinates": [10.25082, 47.87004], "type": "Point"}, "properties": {"oid": "8127BG015003"}, "type": "Feature"}, {"geometry": {"coordinates": [11.84571, 48.26943], "type": "Point"}, "properties": {"oid": "7737BG015056"}, "type": "Feature"}, {"geometry": {"coordinates": [10.76054, 48.19392], "type": "Point"}, "properties": {"oid": "7830BG015066"}, "type": "Feature"}, {"geometry": {"coordinates": [11.71515, 48.26781], "type": "Point"}, "properties": {"oid": "7736BG015013"}, "type": "Feature"}, {"geometry": {"coordinates": [11.8905, 48.31508], "type": "Point"}, "properties": {"oid": "7637BG015070"}, "type": "Feature"}, {"geometry": {"coordinates": [10.25479, 47.8641], "type": "Point"}, "properties": {"oid": "8127BG015002"}, "type": "Feature"}, {"geometry": {"coordinates": [10.68431, 48.77322], "type": "Point"}, "properties": {"oid": "7230BG015069"}, "type": "Feature"}, {"geometry": {"coordinates": [9.84289, 50.16603], "type": "Point"}, "properties": {"oid": "5825BG015021"}, "type": "Feature"}, {"geometry": {"coordinates": [11.60136, 48.62671], "type": "Point"}, "properties": {"oid": "7335BG015022"}, "type": "Feature"}, {"geometry": {"coordinates": [12.81845, 48.02087], "type": "Point"}, "properties": {"oid": "7942BG015150"}, "type": "Feature"}, {"geometry": {"coordinates": [12.08575, 49.01368], "type": "Point"}, "properties": {"oid": "6938BG015597"}, "type": "Feature"}, {"geometry": {"coordinates": [11.51976, 48.00578], "type": "Point"}, "properties": {"oid": "7935BG015240"}, "type": "Feature"}, {"geometry": {"coordinates": [11.17127, 48.26992], "type": "Point"}, "properties": {"oid": "7733BG015020"}, "type": "Feature"}, {"geometry": {"coordinates": [12.16495, 48.71166], "type": "Point"}, "properties": {"oid": "7238BG015140"}, "type": "Feature"}, {"geometry": {"coordinates": [10.37263, 47.80158], "type": "Point"}, "properties": {"oid": "8128BG015029"}, "type": "Feature"}, {"geometry": {"coordinates": [11.91287, 47.79703], "type": "Point"}, "properties": {"oid": "8237BG015118"}, "type": "Feature"}, {"geometry": {"coordinates": [10.56671, 48.41316], "type": "Point"}, "properties": {"oid": "7529BG015025"}, "type": "Feature"}, {"geometry": {"coordinates": [11.7146, 48.28583], "type": "Point"}, "properties": {"oid": "7736BG015129"}, "type": "Feature"}, {"geometry": {"coordinates": [11.33705, 48.02503], "type": "Point"}, "properties": {"oid": "7934BG015123"}, "type": "Feature"}, {"geometry": {"coordinates": [10.74297, 50.03814], "type": "Point"}, "properties": {"oid": "5930BG015009"}, "type": "Feature"}, {"geometry": {"coordinates": [11.51125, 48.02238], "type": "Point"}, "properties": {"oid": "7935BG015242"}, "type": "Feature"}, {"geometry": {"coordinates": [10.95471, 48.07165], "type": "Point"}, "properties": {"oid": "7931BG015090"}, "type": "Feature"}, {"geometry": {"coordinates": [12.67642, 48.22915], "type": "Point"}, "properties": {"oid": "7742BG015370"}, "type": "Feature"}, {"geometry": {"coordinates": [10.61327, 49.6547], "type": "Point"}, "properties": {"oid": "6329BG015017"}, "type": "Feature"}, {"geometry": {"coordinates": [9.92729, 50.17798], "type": "Point"}, "properties": {"oid": "5825BG015007"}, "type": "Feature"}, {"geometry": {"coordinates": [11.44117, 48.00428], "type": "Point"}, "properties": {"oid": "7934BG015021"}, "type": "Feature"}, {"geometry": {"coordinates": [11.55962, 48.12365], "type": "Point"}, "properties": {"oid": "7835BG015183"}, "type": "Feature"}, {"geometry": {"coordinates": [12.80298, 48.90868], "type": "Point"}, "properties": {"oid": "7042BG015236"}, "type": "Feature"}, {"geometry": {"coordinates": [11.55588, 48.14674], "type": "Point"}, "properties": {"oid": "7835BG015125"}, "type": "Feature"}, {"geometry": {"coordinates": [11.60348, 48.11884], "type": "Point"}, "properties": {"oid": "7835BG015029"}, "type": "Feature"}, {"geometry": {"coordinates": [9.58587, 49.96969], "type": "Point"}, "properties": {"oid": "6023BG015013"}, "type": "Feature"}, {"geometry": {"coordinates": [11.55905, 48.12385], "type": "Point"}, "properties": {"oid": "7835BG015162"}, "type": "Feature"}, {"geometry": {"coordinates": [11.88054, 48.07013], "type": "Point"}, "properties": {"oid": "7937BG015088"}, "type": "Feature"}, {"geometry": {"coordinates": [11.51191, 48.01994], "type": "Point"}, "properties": {"oid": "7935BG015243"}, "type": "Feature"}, {"geometry": {"coordinates": [11.99096, 47.79544], "type": "Point"}, "properties": {"oid": "8237BG015121"}, "type": "Feature"}, {"geometry": {"coordinates": [10.82622, 48.06985], "type": "Point"}, "properties": {"oid": "7930BG015064"}, "type": "Feature"}, {"geometry": {"coordinates": [11.48731, 48.04837], "type": "Point"}, "properties": {"oid": "7934BG015019"}, "type": "Feature"}, {"geometry": {"coordinates": [11.78658, 47.86361], "type": "Point"}, "properties": {"oid": "8136BG015117"}, "type": "Feature"}, {"geometry": {"coordinates": [11.89142, 48.29165], "type": "Point"}, "properties": {"oid": "7737BG015075"}, "type": "Feature"}, {"geometry": {"coordinates": [11.20396, 48.29756], "type": "Point"}, "properties": {"oid": "7733BG015024"}, "type": "Feature"}, {"geometry": {"coordinates": [11.172, 48.26966], "type": "Point"}, "properties": {"oid": "7733BG015015"}, "type": "Feature"}, {"geometry": {"coordinates": [10.91718, 48.26986], "type": "Point"}, "properties": {"oid": "7731BG015092"}, "type": "Feature"}, {"geometry": {"coordinates": [12.72995, 48.00924], "type": "Point"}, "properties": {"oid": "7942BG015132"}, "type": "Feature"}, {"geometry": {"coordinates": [11.48756, 48.23206], "type": "Point"}, "properties": {"oid": "7734BG015014"}, "type": "Feature"}, {"geometry": {"coordinates": [11.43317, 48.25581], "type": "Point"}, "properties": {"oid": "7734BG015009"}, "type": "Feature"}, {"geometry": {"coordinates": [10.90847, 48.27092], "type": "Point"}, "properties": {"oid": "7731BG015080"}, "type": "Feature"}, {"geometry": {"coordinates": [10.98646, 48.28627], "type": "Point"}, "properties": {"oid": "7731BG015348"}, "type": "Feature"}, {"geometry": {"coordinates": [11.16995, 48.1191], "type": "Point"}, "properties": {"oid": "7833BG015029"}, "type": "Feature"}, {"geometry": {"coordinates": [11.70495, 48.14039], "type": "Point"}, "properties": {"oid": "7836BG015458"}, "type": "Feature"}, {"geometry": {"coordinates": [11.56277, 48.01988], "type": "Point"}, "properties": {"oid": "7935BG015318"}, "type": "Feature"}, {"geometry": {"coordinates": [12.91027, 47.86293], "type": "Point"}, "properties": {"oid": "8143BG015394"}, "type": "Feature"}, {"geometry": {"coordinates": [11.6029, 50.00483], "type": "Point"}, "properties": {"oid": "5935BG015056"}, "type": "Feature"}, {"geometry": {"coordinates": [9.58538, 49.97023], "type": "Point"}, "properties": {"oid": "6023BG015016"}, "type": "Feature"}, {"geometry": {"coordinates": [12.08813, 48.49506], "type": "Point"}, "properties": {"oid": "7538BG015040"}, "type": "Feature"}, {"geometry": {"coordinates": [10.66015, 48.75765], "type": "Point"}, "properties": {"oid": "7229BG015026"}, "type": "Feature"}, {"geometry": {"coordinates": [12.2304, 48.86505], "type": "Point"}, "properties": {"oid": "7139BG015045"}, "type": "Feature"}, {"geometry": {"coordinates": [11.30995, 48.17857], "type": "Point"}, "properties": {"oid": "7833BG015093"}, "type": "Feature"}, {"geometry": {"coordinates": [10.95471, 48.07165], "type": "Point"}, "properties": {"oid": "7931BG015091"}, "type": "Feature"}, {"geometry": {"coordinates": [11.34037, 47.99993], "type": "Point"}, "properties": {"oid": "7934BG015132"}, "type": "Feature"}, {"geometry": {"coordinates": [12.07836, 48.49867], "type": "Point"}, "properties": {"oid": "7538BG015039"}, "type": "Feature"}, {"geometry": {"coordinates": [10.74969, 48.74879], "type": "Point"}, "properties": {"oid": "7230BG015077"}, "type": "Feature"}, {"geometry": {"coordinates": [11.86529, 48.0681], "type": "Point"}, "properties": {"oid": "7937BG015078"}, "type": "Feature"}, {"geometry": {"coordinates": [11.81518, 48.02544], "type": "Point"}, "properties": {"oid": "7936BG015033"}, "type": "Feature"}, {"geometry": {"coordinates": [10.63953, 47.91693], "type": "Point"}, "properties": {"oid": "8029BG015160"}, "type": "Feature"}, {"geometry": {"coordinates": [11.87103, 48.05334], "type": "Point"}, "properties": {"oid": "7937BG015084"}, "type": "Feature"}, {"geometry": {"coordinates": [9.64646, 50.25391], "type": "Point"}, "properties": {"oid": "5723BG015008"}, "type": "Feature"}, {"geometry": {"coordinates": [10.518, 50.33764], "type": "Point"}, "properties": {"oid": "5629BG015002"}, "type": "Feature"}, {"geometry": {"coordinates": [10.94967, 49.87006], "type": "Point"}, "properties": {"oid": "6131BG015018"}, "type": "Feature"}, {"geometry": {"coordinates": [10.49616, 50.10549], "type": "Point"}, "properties": {"oid": "5828BG015009"}, "type": "Feature"}, {"geometry": {"coordinates": [10.7469, 48.74689], "type": "Point"}, "properties": {"oid": "7230BG015076"}, "type": "Feature"}, {"geometry": {"coordinates": [11.27743, 48.12793], "type": "Point"}, "properties": {"oid": "7833BG015118"}, "type": "Feature"}, {"geometry": {"coordinates": [10.35457, 48.36256], "type": "Point"}, "properties": {"oid": "7628BG015008"}, "type": "Feature"}, {"geometry": {"coordinates": [11.66516, 47.87554], "type": "Point"}, "properties": {"oid": "8135BG015181"}, "type": "Feature"}, {"geometry": {"coordinates": [10.32669, 50.33686], "type": "Point"}, "properties": {"oid": "5627BG015010"}, "type": "Feature"}, {"geometry": {"coordinates": [11.49097, 48.23162], "type": "Point"}, "properties": {"oid": "7734BG015051"}, "type": "Feature"}, {"geometry": {"coordinates": [10.54194, 48.29131], "type": "Point"}, "properties": {"oid": "7729BG015001"}, "type": "Feature"}, {"geometry": {"coordinates": [11.69624, 48.14333], "type": "Point"}, "properties": {"oid": "7836BG015047"}, "type": "Feature"}, {"geometry": {"coordinates": [11.55695, 48.14675], "type": "Point"}, "properties": {"oid": "7835BG015124"}, "type": "Feature"}, {"geometry": {"coordinates": [10.2285, 50.19009], "type": "Point"}, "properties": {"oid": "5827BG015006"}, "type": "Feature"}, {"geometry": {"coordinates": [10.37725, 49.24251], "type": "Point"}, "properties": {"oid": "6728BG015019"}, "type": "Feature"}, {"geometry": {"coordinates": [12.16259, 48.71291], "type": "Point"}, "properties": {"oid": "7238BG015141"}, "type": "Feature"}, {"geometry": {"coordinates": [9.90715, 50.11233], "type": "Point"}, "properties": {"oid": "5825BG015001"}, "type": "Feature"}, {"geometry": {"coordinates": [11.08527, 48.06426], "type": "Point"}, "properties": {"oid": "7932BG015154"}, "type": "Feature"}, {"geometry": {"coordinates": [11.79005, 48.42568], "type": "Point"}, "properties": {"oid": "7536BG015002"}, "type": "Feature"}, {"geometry": {"coordinates": [10.88044, 48.44444], "type": "Point"}, "properties": {"oid": "7531BG015027"}, "type": "Feature"}, {"geometry": {"coordinates": [10.31357, 50.20286], "type": "Point"}, "properties": {"oid": "5727BG015008"}, "type": "Feature"}, {"geometry": {"coordinates": [9.86745, 50.27198], "type": "Point"}, "properties": {"oid": "5725BG015004"}, "type": "Feature"}, {"geometry": {"coordinates": [10.44606, 48.02154], "type": "Point"}, "properties": {"oid": "7928BG015007"}, "type": "Feature"}, {"geometry": {"coordinates": [11.12991, 48.55187], "type": "Point"}, "properties": {"oid": "7432BG015028"}, "type": "Feature"}, {"geometry": {"coordinates": [10.32504, 50.34069], "type": "Point"}, "properties": {"oid": "5627BG015011"}, "type": "Feature"}, {"geometry": {"coordinates": [9.82605, 50.31914], "type": "Point"}, "properties": {"oid": "5624BG015004"}, "type": "Feature"}, {"geometry": {"coordinates": [10.23111, 50.19036], "type": "Point"}, "properties": {"oid": "5827BG015007"}, "type": "Feature"}, {"geometry": {"coordinates": [10.3959, 49.78091], "type": "Point"}, "properties": {"oid": "6228BG015056"}, "type": "Feature"}, {"geometry": {"coordinates": [10.46476, 49.78154], "type": "Point"}, "properties": {"oid": "6228BG015055"}, "type": "Feature"}, {"geometry": {"coordinates": [11.21693, 48.56404], "type": "Point"}, "properties": {"oid": "7433BG015015"}, "type": "Feature"}, {"geometry": {"coordinates": [11.19129, 48.04532], "type": "Point"}, "properties": {"oid": "7933BG015007"}, "type": "Feature"}, {"geometry": {"coordinates": [11.83839, 47.79758], "type": "Point"}, "properties": {"oid": "8237BG015083"}, "type": "Feature"}, {"geometry": {"coordinates": [10.56686, 48.48929], "type": "Point"}, "properties": {"oid": "7529BG015008"}, "type": "Feature"}, {"geometry": {"coordinates": [10.58709, 48.46482], "type": "Point"}, "properties": {"oid": "7529BG015011"}, "type": "Feature"}, {"geometry": {"coordinates": [11.56809, 48.26337], "type": "Point"}, "properties": {"oid": "7735BG015083"}, "type": "Feature"}, {"geometry": {"coordinates": [10.79424, 48.35022], "type": "Point"}, "properties": {"oid": "7630BG015011"}, "type": "Feature"}, {"geometry": {"coordinates": [9.90872, 50.15749], "type": "Point"}, "properties": {"oid": "5825BG015010"}, "type": "Feature"}, {"geometry": {"coordinates": [10.26002, 48.45771], "type": "Point"}, "properties": {"oid": "7527BG015069"}, "type": "Feature"}, {"geometry": {"coordinates": [10.26434, 48.4082], "type": "Point"}, "properties": {"oid": "7527BG015066"}, "type": "Feature"}, {"geometry": {"coordinates": [10.73317, 48.33019], "type": "Point"}, "properties": {"oid": "7630BG015021"}, "type": "Feature"}, {"geometry": {"coordinates": [10.82861, 48.35006], "type": "Point"}, "properties": {"oid": "7630BG015004"}, "type": "Feature"}, {"geometry": {"coordinates": [11.48756, 48.23206], "type": "Point"}, "properties": {"oid": "7734BG015040"}, "type": "Feature"}, {"geometry": {"coordinates": [11.45481, 48.26492], "type": "Point"}, "properties": {"oid": "7734BG015008"}, "type": "Feature"}, {"geometry": {"coordinates": [10.18258, 50.26791], "type": "Point"}, "properties": {"oid": "5727BG015011"}, "type": "Feature"}, {"geometry": {"coordinates": [10.64705, 48.32026], "type": "Point"}, "properties": {"oid": "7629BG015013"}, "type": "Feature"}, {"geometry": {"coordinates": [11.21445, 48.26976], "type": "Point"}, "properties": {"oid": "7733BG015022"}, "type": "Feature"}, {"geometry": {"coordinates": [10.86854, 48.48749], "type": "Point"}, "properties": {"oid": "7531BG015016"}, "type": "Feature"}, {"geometry": {"coordinates": [10.70073, 48.3414], "type": "Point"}, "properties": {"oid": "7630BG015022"}, "type": "Feature"}, {"geometry": {"coordinates": [11.05635, 48.39347], "type": "Point"}, "properties": {"oid": "7632BG015007"}, "type": "Feature"}, {"geometry": {"coordinates": [10.71464, 48.36717], "type": "Point"}, "properties": {"oid": "7630BG015009"}, "type": "Feature"}, {"geometry": {"coordinates": [11.84019, 48.31498], "type": "Point"}, "properties": {"oid": "7637BG015063"}, "type": "Feature"}, {"geometry": {"coordinates": [10.81747, 48.26278], "type": "Point"}, "properties": {"oid": "7730BG015019"}, "type": "Feature"}, {"geometry": {"coordinates": [10.55811, 48.29903], "type": "Point"}, "properties": {"oid": "7729BG015039"}, "type": "Feature"}, {"geometry": {"coordinates": [10.78608, 48.28466], "type": "Point"}, "properties": {"oid": "7730BG015014"}, "type": "Feature"}, {"geometry": {"coordinates": [10.79452, 48.26918], "type": "Point"}, "properties": {"oid": "7730BG015020"}, "type": "Feature"}, {"geometry": {"coordinates": [11.47452, 48.28554], "type": "Point"}, "properties": {"oid": "7734BG015066"}, "type": "Feature"}, {"geometry": {"coordinates": [11.5654, 48.81727], "type": "Point"}, "properties": {"oid": "7135BG015004"}, "type": "Feature"}, {"geometry": {"coordinates": [11.26372, 48.30965], "type": "Point"}, "properties": {"oid": "7633BG015015"}, "type": "Feature"}, {"geometry": {"coordinates": [10.9294, 48.29574], "type": "Point"}, "properties": {"oid": "7731BG015086"}, "type": "Feature"}, {"geometry": {"coordinates": [11.36698, 48.2766], "type": "Point"}, "properties": {"oid": "7734BG015019"}, "type": "Feature"}, {"geometry": {"coordinates": [11.49153, 48.25546], "type": "Point"}, "properties": {"oid": "7734BG015015"}, "type": "Feature"}, {"geometry": {"coordinates": [11.31649, 48.36409], "type": "Point"}, "properties": {"oid": "7633BG015017"}, "type": "Feature"}, {"geometry": {"coordinates": [11.4841, 48.23213], "type": "Point"}, "properties": {"oid": "7734BG015012"}, "type": "Feature"}, {"geometry": {"coordinates": [10.92507, 48.28189], "type": "Point"}, "properties": {"oid": "7731BG015075"}, "type": "Feature"}, {"geometry": {"coordinates": [11.39044, 48.20579], "type": "Point"}, "properties": {"oid": "7734BG015070"}, "type": "Feature"}, {"geometry": {"coordinates": [11.89042, 48.31611], "type": "Point"}, "properties": {"oid": "7637BG015069"}, "type": "Feature"}, {"geometry": {"coordinates": [11.17141, 48.11987], "type": "Point"}, "properties": {"oid": "7833BG015030"}, "type": "Feature"}, {"geometry": {"coordinates": [11.13616, 48.14557], "type": "Point"}, "properties": {"oid": "7832BG015003"}, "type": "Feature"}, {"geometry": {"coordinates": [10.54379, 48.02482], "type": "Point"}, "properties": {"oid": "7929BG015015"}, "type": "Feature"}, {"geometry": {"coordinates": [11.15962, 48.12682], "type": "Point"}, "properties": {"oid": "7832BG015009"}, "type": "Feature"}, {"geometry": {"coordinates": [11.32989, 48.15518], "type": "Point"}, "properties": {"oid": "7833BG015024"}, "type": "Feature"}, {"geometry": {"coordinates": [11.20686, 48.39837], "type": "Point"}, "properties": {"oid": "7633BG015013"}, "type": "Feature"}, {"geometry": {"coordinates": [11.46808, 48.26338], "type": "Point"}, "properties": {"oid": "7734BG015007"}, "type": "Feature"}, {"geometry": {"coordinates": [10.51571, 48.86171], "type": "Point"}, "properties": {"oid": "7129BG015061"}, "type": "Feature"}, {"geometry": {"coordinates": [10.91319, 48.26988], "type": "Point"}, "properties": {"oid": "7731BG015082"}, "type": "Feature"}, {"geometry": {"coordinates": [11.28857, 48.17504], "type": "Point"}, "properties": {"oid": "7833BG015019"}, "type": "Feature"}, {"geometry": {"coordinates": [11.7178, 48.28772], "type": "Point"}, "properties": {"oid": "7736BG015058"}, "type": "Feature"}, {"geometry": {"coordinates": [11.72525, 48.22131], "type": "Point"}, "properties": {"oid": "7736BG015015"}, "type": "Feature"}, {"geometry": {"coordinates": [10.59123, 48.35235], "type": "Point"}, "properties": {"oid": "7629BG015203"}, "type": "Feature"}, {"geometry": {"coordinates": [11.86684, 47.78817], "type": "Point"}, "properties": {"oid": "8237BG015087"}, "type": "Feature"}, {"geometry": {"coordinates": [10.60694, 48.1925], "type": "Point"}, "properties": {"oid": "7829BG015010"}, "type": "Feature"}, {"geometry": {"coordinates": [11.72614, 47.99626], "type": "Point"}, "properties": {"oid": "8036BG015085"}, "type": "Feature"}, {"geometry": {"coordinates": [11.89719, 48.29141], "type": "Point"}, "properties": {"oid": "7737BG015037"}, "type": "Feature"}, {"geometry": {"coordinates": [10.97284, 48.04358], "type": "Point"}, "properties": {"oid": "7931BG015034"}, "type": "Feature"}, {"geometry": {"coordinates": [11.80975, 48.32789], "type": "Point"}, "properties": {"oid": "7636BG016127"}, "type": "Feature"}, {"geometry": {"coordinates": [10.8514, 48.33928], "type": "Point"}, "properties": {"oid": "7631BG015607"}, "type": "Feature"}, {"geometry": {"coordinates": [11.15534, 48.20267], "type": "Point"}, "properties": {"oid": "7732BG015013"}, "type": "Feature"}, {"geometry": {"coordinates": [11.54861, 48.35681], "type": "Point"}, "properties": {"oid": "7635BG015005"}, "type": "Feature"}, {"geometry": {"coordinates": [10.78988, 48.28084], "type": "Point"}, "properties": {"oid": "7730BG015004"}, "type": "Feature"}, {"geometry": {"coordinates": [11.72569, 48.2212], "type": "Point"}, "properties": {"oid": "7736BG015012"}, "type": "Feature"}, {"geometry": {"coordinates": [9.63719, 49.94366], "type": "Point"}, "properties": {"oid": "6023BG015021"}, "type": "Feature"}, {"geometry": {"coordinates": [10.65316, 48.30859], "type": "Point"}, "properties": {"oid": "7629BG015019"}, "type": "Feature"}, {"geometry": {"coordinates": [11.49121, 48.23158], "type": "Point"}, "properties": {"oid": "7734BG015024"}, "type": "Feature"}, {"geometry": {"coordinates": [11.71784, 48.26791], "type": "Point"}, "properties": {"oid": "7736BG015014"}, "type": "Feature"}, {"geometry": {"coordinates": [10.26583, 50.16113], "type": "Point"}, "properties": {"oid": "5827BG015008"}, "type": "Feature"}, {"geometry": {"coordinates": [10.84261, 50.11556], "type": "Point"}, "properties": {"oid": "5831BG015037"}, "type": "Feature"}, {"geometry": {"coordinates": [10.72577, 48.31153], "type": "Point"}, "properties": {"oid": "7630BG015023"}, "type": "Feature"}, {"geometry": {"coordinates": [11.86018, 47.78591], "type": "Point"}, "properties": {"oid": "8237BG015086"}, "type": "Feature"}, {"geometry": {"coordinates": [12.72782, 48.00089], "type": "Point"}, "properties": {"oid": "7942BG015130"}, "type": "Feature"}, {"geometry": {"coordinates": [11.73722, 47.84802], "type": "Point"}, "properties": {"oid": "8136BG015088"}, "type": "Feature"}, {"geometry": {"coordinates": [10.24209, 49.86845], "type": "Point"}, "properties": {"oid": "6127BG015015"}, "type": "Feature"}, {"geometry": {"coordinates": [10.31626, 50.21314], "type": "Point"}, "properties": {"oid": "5727BG015022"}, "type": "Feature"}, {"geometry": {"coordinates": [12.68454, 48.03209], "type": "Point"}, "properties": {"oid": "7942BG015128"}, "type": "Feature"}, {"geometry": {"coordinates": [11.78529, 47.87537], "type": "Point"}, "properties": {"oid": "8136BG015123"}, "type": "Feature"}, {"geometry": {"coordinates": [11.54421, 48.1389], "type": "Point"}, "properties": {"oid": "7835BG015180"}, "type": "Feature"}, {"geometry": {"coordinates": [10.36321, 48.47371], "type": "Point"}, "properties": {"oid": "7528BG015364"}, "type": "Feature"}, {"geometry": {"coordinates": [10.56591, 47.87969], "type": "Point"}, "properties": {"oid": "8129BG015095"}, "type": "Feature"}, {"geometry": {"coordinates": [11.54218, 47.72903], "type": "Point"}, "properties": {"oid": "8235BG015359"}, "type": "Feature"}, {"geometry": {"coordinates": [10.9865, 48.06754], "type": "Point"}, "properties": {"oid": "7931BG015036"}, "type": "Feature"}, {"geometry": {"coordinates": [13.19341, 48.3826], "type": "Point"}, "properties": {"oid": "7645BG015344"}, "type": "Feature"}, {"geometry": {"coordinates": [9.56416, 50.13903], "type": "Point"}, "properties": {"oid": "5823BG015044"}, "type": "Feature"}, {"geometry": {"coordinates": [11.79272, 47.85648], "type": "Point"}, "properties": {"oid": "8136BG015107"}, "type": "Feature"}, {"geometry": {"coordinates": [11.72468, 47.8694], "type": "Point"}, "properties": {"oid": "8136BG015077"}, "type": "Feature"}, {"geometry": {"coordinates": [11.46545, 48.19592], "type": "Point"}, "properties": {"oid": "7834BG015036"}, "type": "Feature"}, {"geometry": {"coordinates": [11.5322, 49.7595], "type": "Point"}, "properties": {"oid": "6235BG015135"}, "type": "Feature"}, {"geometry": {"coordinates": [11.8123, 48.0395], "type": "Point"}, "properties": {"oid": "7936BG015111"}, "type": "Feature"}, {"geometry": {"coordinates": [10.30827, 50.34919], "type": "Point"}, "properties": {"oid": "5627BG015007"}, "type": "Feature"}, {"geometry": {"coordinates": [11.84536, 47.78814], "type": "Point"}, "properties": {"oid": "8237BG015092"}, "type": "Feature"}, {"geometry": {"coordinates": [10.66003, 48.75761], "type": "Point"}, "properties": {"oid": "7229BG015025"}, "type": "Feature"}, {"geometry": {"coordinates": [12.6697, 47.95223], "type": "Point"}, "properties": {"oid": "8042BG015022"}, "type": "Feature"}, {"geometry": {"coordinates": [11.89029, 49.74835], "type": "Point"}, "properties": {"oid": "6237BG015022"}, "type": "Feature"}, {"geometry": {"coordinates": [10.97778, 48.4132], "type": "Point"}, "properties": {"oid": "7531BG015023"}, "type": "Feature"}, {"geometry": {"coordinates": [10.5767, 48.44131], "type": "Point"}, "properties": {"oid": "7529BG015015"}, "type": "Feature"}, {"geometry": {"coordinates": [9.86669, 50.1362], "type": "Point"}, "properties": {"oid": "5825BG015012"}, "type": "Feature"}, {"geometry": {"coordinates": [12.34026, 47.856], "type": "Point"}, "properties": {"oid": "8140BG015099"}, "type": "Feature"}, {"geometry": {"coordinates": [10.19438, 50.23756], "type": "Point"}, "properties": {"oid": "5727BG015014"}, "type": "Feature"}, {"geometry": {"coordinates": [12.06324, 49.36626], "type": "Point"}, "properties": {"oid": "6638BG015158"}, "type": "Feature"}, {"geometry": {"coordinates": [12.3782, 47.81784], "type": "Point"}, "properties": {"oid": "8140BG015107"}, "type": "Feature"}, {"geometry": {"coordinates": [10.20009, 50.36959], "type": "Point"}, "properties": {"oid": "5627BG015008"}, "type": "Feature"}, {"geometry": {"coordinates": [11.23523, 48.21276], "type": "Point"}, "properties": {"oid": "7733BG015021"}, "type": "Feature"}, {"geometry": {"coordinates": [10.57072, 47.88437], "type": "Point"}, "properties": {"oid": "8129BG015094"}, "type": "Feature"}, {"geometry": {"coordinates": [11.81268, 48.03923], "type": "Point"}, "properties": {"oid": "7936BG015145"}, "type": "Feature"}, {"geometry": {"coordinates": [10.92061, 48.37077], "type": "Point"}, "properties": {"oid": "7631BG015145"}, "type": "Feature"}, {"geometry": {"coordinates": [10.6421, 48.30822], "type": "Point"}, "properties": {"oid": "7629BG015015"}, "type": "Feature"}, {"geometry": {"coordinates": [10.8932, 48.38116], "type": "Point"}, "properties": {"oid": "7631BG015158"}, "type": "Feature"}, {"geometry": {"coordinates": [12.05306, 48.36384], "type": "Point"}, "properties": {"oid": "7638BG015027"}, "type": "Feature"}, {"geometry": {"coordinates": [10.88343, 48.35433], "type": "Point"}, "properties": {"oid": "7631BG015428"}, "type": "Feature"}, {"geometry": {"coordinates": [11.213, 47.68292], "type": "Point"}, "properties": {"oid": "8333BG015027"}, "type": "Feature"}, {"geometry": {"coordinates": [13.20937, 48.34205], "type": "Point"}, "properties": {"oid": "7645BG015345"}, "type": "Feature"}, {"geometry": {"coordinates": [9.64251, 50.25015], "type": "Point"}, "properties": {"oid": "5723BG015009"}, "type": "Feature"}, {"geometry": {"coordinates": [12.77362, 47.99915], "type": "Point"}, "properties": {"oid": "7942BG015115"}, "type": "Feature"}, {"geometry": {"coordinates": [11.26709, 48.27139], "type": "Point"}, "properties": {"oid": "7733BG015011"}, "type": "Feature"}, {"geometry": {"coordinates": [11.48597, 48.2321], "type": "Point"}, "properties": {"oid": "7734BG015013"}, "type": "Feature"}, {"geometry": {"coordinates": [11.40035, 48.25048], "type": "Point"}, "properties": {"oid": "7734BG015010"}, "type": "Feature"}, {"geometry": {"coordinates": [11.57839, 48.26256], "type": "Point"}, "properties": {"oid": "7735BG015041"}, "type": "Feature"}, {"geometry": {"coordinates": [11.18035, 47.57504], "type": "Point"}, "properties": {"oid": "8433BG015010"}, "type": "Feature"}, {"geometry": {"coordinates": [11.22558, 47.77502], "type": "Point"}, "properties": {"oid": "8233BG015079"}, "type": "Feature"}, {"geometry": {"coordinates": [11.89309, 48.07212], "type": "Point"}, "properties": {"oid": "7937BG015074"}, "type": "Feature"}, {"geometry": {"coordinates": [11.29118, 48.13966], "type": "Point"}, "properties": {"oid": "7833BG015032"}, "type": "Feature"}, {"geometry": {"coordinates": [11.32224, 48.14911], "type": "Point"}, "properties": {"oid": "7833BG015039"}, "type": "Feature"}, {"geometry": {"coordinates": [11.22171, 48.16228], "type": "Point"}, "properties": {"oid": "7833BG015040"}, "type": "Feature"}, {"geometry": {"coordinates": [11.255, 48.19886], "type": "Point"}, "properties": {"oid": "7833BG015038"}, "type": "Feature"}, {"geometry": {"coordinates": [10.27916, 50.1163], "type": "Point"}, "properties": {"oid": "5827BG015015"}, "type": "Feature"}, {"geometry": {"coordinates": [11.50629, 48.01252], "type": "Point"}, "properties": {"oid": "7935BG015246"}, "type": "Feature"}, {"geometry": {"coordinates": [10.58052, 49.6212], "type": "Point"}, "properties": {"oid": "6329BG015030"}, "type": "Feature"}, {"geometry": {"coordinates": [11.66138, 48.29916], "type": "Point"}, "properties": {"oid": "7635BG015007"}, "type": "Feature"}, {"geometry": {"coordinates": [11.56795, 48.26337], "type": "Point"}, "properties": {"oid": "7735BG015082"}, "type": "Feature"}, {"geometry": {"coordinates": [11.02157, 48.26545], "type": "Point"}, "properties": {"oid": "7732BG015015"}, "type": "Feature"}, {"geometry": {"coordinates": [11.57514, 48.26403], "type": "Point"}, "properties": {"oid": "7735BG015040"}, "type": "Feature"}, {"geometry": {"coordinates": [11.50813, 48.01688], "type": "Point"}, "properties": {"oid": "7935BG015244"}, "type": "Feature"}, {"geometry": {"coordinates": [11.33113, 48.1552], "type": "Point"}, "properties": {"oid": "7833BG015022"}, "type": "Feature"}, {"geometry": {"coordinates": [11.34012, 47.99941], "type": "Point"}, "properties": {"oid": "7934BG015130"}, "type": "Feature"}, {"geometry": {"coordinates": [11.14447, 48.01447], "type": "Point"}, "properties": {"oid": "7932BG015192"}, "type": "Feature"}, {"geometry": {"coordinates": [10.74441, 48.74843], "type": "Point"}, "properties": {"oid": "7230BG015075"}, "type": "Feature"}, {"geometry": {"coordinates": [11.79861, 48.00612], "type": "Point"}, "properties": {"oid": "7936BG015035"}, "type": "Feature"}, {"geometry": {"coordinates": [10.49612, 47.86209], "type": "Point"}, "properties": {"oid": "8128BG015038"}, "type": "Feature"}, {"geometry": {"coordinates": [10.21329, 47.79952], "type": "Point"}, "properties": {"oid": "8127BG015008"}, "type": "Feature"}, {"geometry": {"coordinates": [10.30274, 47.97182], "type": "Point"}, "properties": {"oid": "8027BG015072"}, "type": "Feature"}, {"geometry": {"coordinates": [10.21324, 50.17767], "type": "Point"}, "properties": {"oid": "5827BG015012"}, "type": "Feature"}, {"geometry": {"coordinates": [12.54274, 48.21623], "type": "Point"}, "properties": {"oid": "7741BG015205"}, "type": "Feature"}, {"geometry": {"coordinates": [12.82065, 47.86313], "type": "Point"}, "properties": {"oid": "8142BG015177"}, "type": "Feature"}, {"geometry": {"coordinates": [11.52024, 47.73922], "type": "Point"}, "properties": {"oid": "8235BG015369"}, "type": "Feature"}, {"geometry": {"coordinates": [12.52199, 48.26632], "type": "Point"}, "properties": {"oid": "7741BG015206"}, "type": "Feature"}, {"geometry": {"coordinates": [11.84094, 49.5359], "type": "Point"}, "properties": {"oid": "6437BG015045"}, "type": "Feature"}, {"geometry": {"coordinates": [11.84111, 49.53916], "type": "Point"}, "properties": {"oid": "6437BG015041"}, "type": "Feature"}, {"geometry": {"coordinates": [12.72722, 48.02545], "type": "Point"}, "properties": {"oid": "7942BG015142"}, "type": "Feature"}, {"geometry": {"coordinates": [11.51951, 47.73872], "type": "Point"}, "properties": {"oid": "8235BG015368"}, "type": "Feature"}, {"geometry": {"coordinates": [11.52563, 47.74054], "type": "Point"}, "properties": {"oid": "8235BG015380"}, "type": "Feature"}, {"geometry": {"coordinates": [10.82476, 49.45802], "type": "Point"}, "properties": {"oid": "6530BG015017"}, "type": "Feature"}, {"geometry": {"coordinates": [12.66969, 48.02391], "type": "Point"}, "properties": {"oid": "7942BG015147"}, "type": "Feature"}, {"geometry": {"coordinates": [11.70121, 47.88319], "type": "Point"}, "properties": {"oid": "8136BG015129"}, "type": "Feature"}, {"geometry": {"coordinates": [12.5961, 48.2567], "type": "Point"}, "properties": {"oid": "7741BG015204"}, "type": "Feature"}, {"geometry": {"coordinates": [12.52001, 48.21687], "type": "Point"}, "properties": {"oid": "7741BG015220"}, "type": "Feature"}, {"geometry": {"coordinates": [11.50842, 48.0266], "type": "Point"}, "properties": {"oid": "7935BG015313"}, "type": "Feature"}, {"geometry": {"coordinates": [9.5738, 50.1678], "type": "Point"}, "properties": {"oid": "5823BG015045"}, "type": "Feature"}, {"geometry": {"coordinates": [11.57403, 48.23186], "type": "Point"}, "properties": {"oid": "7735BG015471"}, "type": "Feature"}, {"geometry": {"coordinates": [11.68491, 49.587], "type": "Point"}, "properties": {"oid": "6436BG015055"}, "type": "Feature"}, {"geometry": {"coordinates": [11.52453, 48.05705], "type": "Point"}, "properties": {"oid": "7935BG015274"}, "type": "Feature"}, {"geometry": {"coordinates": [10.341, 47.9498], "type": "Point"}, "properties": {"oid": "8028BG015065"}, "type": "Feature"}, {"geometry": {"coordinates": [11.52951, 47.73836], "type": "Point"}, "properties": {"oid": "8235BG015401"}, "type": "Feature"}, {"geometry": {"coordinates": [12.6699, 48.04045], "type": "Point"}, "properties": {"oid": "7942BG015145"}, "type": "Feature"}, {"geometry": {"coordinates": [11.57402, 48.2319], "type": "Point"}, "properties": {"oid": "7735BG015470"}, "type": "Feature"}, {"geometry": {"coordinates": [10.25047, 50.17266], "type": "Point"}, "properties": {"oid": "5827BG015011"}, "type": "Feature"}, {"geometry": {"coordinates": [11.52575, 47.74117], "type": "Point"}, "properties": {"oid": "8235BG015382"}, "type": "Feature"}, {"geometry": {"coordinates": [12.08575, 49.01368], "type": "Point"}, "properties": {"oid": "6938BG015753"}, "type": "Feature"}, {"geometry": {"coordinates": [12.68548, 47.93077], "type": "Point"}, "properties": {"oid": "8042BG015038"}, "type": "Feature"}, {"geometry": {"coordinates": [12.46362, 48.21403], "type": "Point"}, "properties": {"oid": "7740BG015197"}, "type": "Feature"}, {"geometry": {"coordinates": [12.42632, 48.24579], "type": "Point"}, "properties": {"oid": "7740BG015196"}, "type": "Feature"}, {"geometry": {"coordinates": [11.72694, 47.7184], "type": "Point"}, "properties": {"oid": "8236BG015116"}, "type": "Feature"}, {"geometry": {"coordinates": [12.7199, 48.01965], "type": "Point"}, "properties": {"oid": "7942BG015140"}, "type": "Feature"}, {"geometry": {"coordinates": [10.51633, 48.64535], "type": "Point"}, "properties": {"oid": "7329BG015221"}, "type": "Feature"}, {"geometry": {"coordinates": [12.70349, 47.97902], "type": "Point"}, "properties": {"oid": "8042BG015034"}, "type": "Feature"}, {"geometry": {"coordinates": [12.07802, 48.17224], "type": "Point"}, "properties": {"oid": "7838BG015108"}, "type": "Feature"}, {"geometry": {"coordinates": [12.1479, 48.44655], "type": "Point"}, "properties": {"oid": "7538BG015049"}, "type": "Feature"}, {"geometry": {"coordinates": [11.83781, 47.79489], "type": "Point"}, "properties": {"oid": "8237BG015170"}, "type": "Feature"}, {"geometry": {"coordinates": [10.41376, 48.58858], "type": "Point"}, "properties": {"oid": "7428BG015142"}, "type": "Feature"}, {"geometry": {"coordinates": [10.43606, 47.80801], "type": "Point"}, "properties": {"oid": "8128BG015105"}, "type": "Feature"}, {"geometry": {"coordinates": [10.13333, 49.92877], "type": "Point"}, "properties": {"oid": "6026BG015015"}, "type": "Feature"}, {"geometry": {"coordinates": [11.71683, 47.71487], "type": "Point"}, "properties": {"oid": "8236BG015110"}, "type": "Feature"}, {"geometry": {"coordinates": [12.67411, 48.10777], "type": "Point"}, "properties": {"oid": "7842BG015182"}, "type": "Feature"}, {"geometry": {"coordinates": [11.8185, 48.04305], "type": "Point"}, "properties": {"oid": "7936BG015165"}, "type": "Feature"}, {"geometry": {"coordinates": [12.5778, 48.22045], "type": "Point"}, "properties": {"oid": "7741BG015223"}, "type": "Feature"}, {"geometry": {"coordinates": [12.38495, 48.08731], "type": "Point"}, "properties": {"oid": "7940BG015143"}, "type": "Feature"}, {"geometry": {"coordinates": [11.44369, 47.55647], "type": "Point"}, "properties": {"oid": "8434BG015036"}, "type": "Feature"}, {"geometry": {"coordinates": [12.43387, 47.9222], "type": "Point"}, "properties": {"oid": "8040BG015131"}, "type": "Feature"}, {"geometry": {"coordinates": [11.08361, 48.03168], "type": "Point"}, "properties": {"oid": "7932BG015239"}, "type": "Feature"}, {"geometry": {"coordinates": [10.33536, 47.8673], "type": "Point"}, "properties": {"oid": "8128BG015107"}, "type": "Feature"}, {"geometry": {"coordinates": [11.4014, 48.79271], "type": "Point"}, "properties": {"oid": "7234BG015059"}, "type": "Feature"}, {"geometry": {"coordinates": [11.70352, 47.7366], "type": "Point"}, "properties": {"oid": "8236BG015216"}, "type": "Feature"}, {"geometry": {"coordinates": [11.52568, 47.74189], "type": "Point"}, "properties": {"oid": "8235BG015385"}, "type": "Feature"}, {"geometry": {"coordinates": [12.80042, 47.99897], "type": "Point"}, "properties": {"oid": "8042BG015033"}, "type": "Feature"}, {"geometry": {"coordinates": [12.72332, 48.0243], "type": "Point"}, "properties": {"oid": "7942BG015133"}, "type": "Feature"}, {"geometry": {"coordinates": [12.61882, 47.95231], "type": "Point"}, "properties": {"oid": "8041BG015376"}, "type": "Feature"}, {"geometry": {"coordinates": [12.67073, 48.03199], "type": "Point"}, "properties": {"oid": "7942BG015144"}, "type": "Feature"}, {"geometry": {"coordinates": [12.47656, 48.248], "type": "Point"}, "properties": {"oid": "7740BG015178"}, "type": "Feature"}, {"geometry": {"coordinates": [10.71566, 48.44451], "type": "Point"}, "properties": {"oid": "7530BG015062"}, "type": "Feature"}, {"geometry": {"coordinates": [12.54273, 48.2147], "type": "Point"}, "properties": {"oid": "7741BG015210"}, "type": "Feature"}, {"geometry": {"coordinates": [10.91111, 48.9558], "type": "Point"}, "properties": {"oid": "7031BG015045"}, "type": "Feature"}, {"geometry": {"coordinates": [12.91378, 47.92497], "type": "Point"}, "properties": {"oid": "8043BG015110"}, "type": "Feature"}, {"geometry": {"coordinates": [12.72535, 48.05433], "type": "Point"}, "properties": {"oid": "7942BG015137"}, "type": "Feature"}, {"geometry": {"coordinates": [12.71157, 48.01763], "type": "Point"}, "properties": {"oid": "7942BG015143"}, "type": "Feature"}, {"geometry": {"coordinates": [12.51707, 48.21958], "type": "Point"}, "properties": {"oid": "7741BG015221"}, "type": "Feature"}, {"geometry": {"coordinates": [10.21161, 47.88135], "type": "Point"}, "properties": {"oid": "8127BG015026"}, "type": "Feature"}, {"geometry": {"coordinates": [12.61651, 47.95134], "type": "Point"}, "properties": {"oid": "8041BG015387"}, "type": "Feature"}, {"geometry": {"coordinates": [12.72653, 48.07105], "type": "Point"}, "properties": {"oid": "7942BG015139"}, "type": "Feature"}, {"geometry": {"coordinates": [12.48555, 48.0005], "type": "Point"}, "properties": {"oid": "7940BG015141"}, "type": "Feature"}, {"geometry": {"coordinates": [12.51247, 48.23057], "type": "Point"}, "properties": {"oid": "7741BG015216"}, "type": "Feature"}, {"geometry": {"coordinates": [11.52576, 47.74072], "type": "Point"}, "properties": {"oid": "8235BG015379"}, "type": "Feature"}, {"geometry": {"coordinates": [12.68074, 48.02861], "type": "Point"}, "properties": {"oid": "7942BG015146"}, "type": "Feature"}, {"geometry": {"coordinates": [11.5308, 47.74295], "type": "Point"}, "properties": {"oid": "8235BG015370"}, "type": "Feature"}, {"geometry": {"coordinates": [11.53048, 47.74218], "type": "Point"}, "properties": {"oid": "8235BG015373"}, "type": "Feature"}, {"geometry": {"coordinates": [10.95193, 49.14231], "type": "Point"}, "properties": {"oid": "6831BG015185"}, "type": "Feature"}, {"geometry": {"coordinates": [12.91189, 48.42375], "type": "Point"}, "properties": {"oid": "7543BG015199"}, "type": "Feature"}, {"geometry": {"coordinates": [10.62792, 48.47621], "type": "Point"}, "properties": {"oid": "7529BG015027"}, "type": "Feature"}, {"geometry": {"coordinates": [10.39042, 49.50322], "type": "Point"}, "properties": {"oid": "6428BG015081"}, "type": "Feature"}, {"geometry": {"coordinates": [12.53959, 48.26193], "type": "Point"}, "properties": {"oid": "7741BG015212"}, "type": "Feature"}, {"geometry": {"coordinates": [11.52575, 47.74162], "type": "Point"}, "properties": {"oid": "8235BG015384"}, "type": "Feature"}, {"geometry": {"coordinates": [12.52672, 48.21513], "type": "Point"}, "properties": {"oid": "7741BG015219"}, "type": "Feature"}, {"geometry": {"coordinates": [10.31286, 50.34757], "type": "Point"}, "properties": {"oid": "5627BG015041"}, "type": "Feature"}, {"geometry": {"coordinates": [10.71346, 49.78005], "type": "Point"}, "properties": {"oid": "6230BG015172"}, "type": "Feature"}, {"geometry": {"coordinates": [10.76709, 48.91933], "type": "Point"}, "properties": {"oid": "7030BG015015"}, "type": "Feature"}, {"geometry": {"coordinates": [10.63109, 48.47709], "type": "Point"}, "properties": {"oid": "7529BG015040"}, "type": "Feature"}, {"geometry": {"coordinates": [10.62343, 48.40021], "type": "Point"}, "properties": {"oid": "7529BG015039"}, "type": "Feature"}, {"geometry": {"coordinates": [10.14816, 47.90713], "type": "Point"}, "properties": {"oid": "8026BG015006"}, "type": "Feature"}, {"geometry": {"coordinates": [12.72595, 48.02078], "type": "Point"}, "properties": {"oid": "7942BG015134"}, "type": "Feature"}, {"geometry": {"coordinates": [10.9358, 49.11542], "type": "Point"}, "properties": {"oid": "6831BG015184"}, "type": "Feature"}, {"geometry": {"coordinates": [10.31445, 50.34967], "type": "Point"}, "properties": {"oid": "5627BG015042"}, "type": "Feature"}, {"geometry": {"coordinates": [12.72059, 48.02099], "type": "Point"}, "properties": {"oid": "7942BG015141"}, "type": "Feature"}, {"geometry": {"coordinates": [10.4551, 48.1205], "type": "Point"}, "properties": {"oid": "7828BG015070"}, "type": "Feature"}, {"geometry": {"coordinates": [11.53045, 47.74281], "type": "Point"}, "properties": {"oid": "8235BG015390"}, "type": "Feature"}, {"geometry": {"coordinates": [11.87487, 48.08101], "type": "Point"}, "properties": {"oid": "7937BG015131"}, "type": "Feature"}, {"geometry": {"coordinates": [10.76398, 48.7466], "type": "Point"}, "properties": {"oid": "7230BG015333"}, "type": "Feature"}, {"geometry": {"coordinates": [10.63359, 48.47445], "type": "Point"}, "properties": {"oid": "7529BG015038"}, "type": "Feature"}, {"geometry": {"coordinates": [10.17803, 48.05665], "type": "Point"}, "properties": {"oid": "7927BG015047"}, "type": "Feature"}, {"geometry": {"coordinates": [12.93935, 47.9044], "type": "Point"}, "properties": {"oid": "8043BG015147"}, "type": "Feature"}, {"geometry": {"coordinates": [11.52567, 47.74248], "type": "Point"}, "properties": {"oid": "8235BG015387"}, "type": "Feature"}, {"geometry": {"coordinates": [11.53123, 47.73994], "type": "Point"}, "properties": {"oid": "8235BG015394"}, "type": "Feature"}, {"geometry": {"coordinates": [11.48167, 48.80758], "type": "Point"}, "properties": {"oid": "7134BG015014"}, "type": "Feature"}, {"geometry": {"coordinates": [12.29377, 48.04021], "type": "Point"}, "properties": {"oid": "7939BG015176"}, "type": "Feature"}, {"geometry": {"coordinates": [12.54603, 48.25992], "type": "Point"}, "properties": {"oid": "7741BG015211"}, "type": "Feature"}, {"geometry": {"coordinates": [12.50547, 48.21667], "type": "Point"}, "properties": {"oid": "7741BG015214"}, "type": "Feature"}, {"geometry": {"coordinates": [12.18289, 48.16907], "type": "Point"}, "properties": {"oid": "7839BG015128"}, "type": "Feature"}, {"geometry": {"coordinates": [11.68849, 49.57613], "type": "Point"}, "properties": {"oid": "6436BG015056"}, "type": "Feature"}, {"geometry": {"coordinates": [12.00057, 47.79814], "type": "Point"}, "properties": {"oid": "8238BG015396"}, "type": "Feature"}, {"geometry": {"coordinates": [12.72163, 48.01838], "type": "Point"}, "properties": {"oid": "7942BG015135"}, "type": "Feature"}, {"geometry": {"coordinates": [10.38066, 48.41288], "type": "Point"}, "properties": {"oid": "7528BG015426"}, "type": "Feature"}, {"geometry": {"coordinates": [12.11383, 47.89056], "type": "Point"}, "properties": {"oid": "8138BG015975"}, "type": "Feature"}, {"geometry": {"coordinates": [11.74451, 47.8801], "type": "Point"}, "properties": {"oid": "8136BG015126"}, "type": "Feature"}, {"geometry": {"coordinates": [12.43385, 47.92239], "type": "Point"}, "properties": {"oid": "8040BG015128"}, "type": "Feature"}, {"geometry": {"coordinates": [12.69296, 48.20935], "type": "Point"}, "properties": {"oid": "7742BG015377"}, "type": "Feature"}, {"geometry": {"coordinates": [11.85039, 48.57821], "type": "Point"}, "properties": {"oid": "7437BG015022"}, "type": "Feature"}, {"geometry": {"coordinates": [11.70663, 49.57882], "type": "Point"}, "properties": {"oid": "6436BG015082"}, "type": "Feature"}, {"geometry": {"coordinates": [11.88016, 47.9282], "type": "Point"}, "properties": {"oid": "8037BG015063"}, "type": "Feature"}, {"geometry": {"coordinates": [11.59581, 48.50735], "type": "Point"}, "properties": {"oid": "7435BG015026"}, "type": "Feature"}, {"geometry": {"coordinates": [10.89453, 48.34934], "type": "Point"}, "properties": {"oid": "7631BG015282"}, "type": "Feature"}, {"geometry": {"coordinates": [11.59566, 48.50735], "type": "Point"}, "properties": {"oid": "7435BG015025"}, "type": "Feature"}, {"geometry": {"coordinates": [10.8632, 48.47025], "type": "Point"}, "properties": {"oid": "7531BG015284"}, "type": "Feature"}, {"geometry": {"coordinates": [9.67527, 50.08049], "type": "Point"}, "properties": {"oid": "5924BG015510"}, "type": "Feature"}, {"geometry": {"coordinates": [9.79635, 50.28362], "type": "Point"}, "properties": {"oid": "5724BG015016"}, "type": "Feature"}, {"geometry": {"coordinates": [11.41161, 48.21921], "type": "Point"}, "properties": {"oid": "7734BG015121"}, "type": "Feature"}, {"geometry": {"coordinates": [10.33983, 47.86298], "type": "Point"}, "properties": {"oid": "8128BG015106"}, "type": "Feature"}, {"geometry": {"coordinates": [12.28346, 48.29432], "type": "Point"}, "properties": {"oid": "7739BG015196"}, "type": "Feature"}, {"geometry": {"coordinates": [12.64561, 48.09966], "type": "Point"}, "properties": {"oid": "7841BG015195"}, "type": "Feature"}, {"geometry": {"coordinates": [10.62349, 48.73994], "type": "Point"}, "properties": {"oid": "7229BG015111"}, "type": "Feature"}, {"geometry": {"coordinates": [12.43381, 47.92216], "type": "Point"}, "properties": {"oid": "8040BG015126"}, "type": "Feature"}, {"geometry": {"coordinates": [12.81412, 47.98826], "type": "Point"}, "properties": {"oid": "8042BG015035"}, "type": "Feature"}, {"geometry": {"coordinates": [11.57462, 47.79163], "type": "Point"}, "properties": {"oid": "8235BG015470"}, "type": "Feature"}, {"geometry": {"coordinates": [11.38705, 47.88033], "type": "Point"}, "properties": {"oid": "8134BG015495"}, "type": "Feature"}, {"geometry": {"coordinates": [12.43386, 47.92217], "type": "Point"}, "properties": {"oid": "8040BG015135"}, "type": "Feature"}, {"geometry": {"coordinates": [11.41405, 47.88101], "type": "Point"}, "properties": {"oid": "8134BG015496"}, "type": "Feature"}, {"geometry": {"coordinates": [12.4339, 47.92239], "type": "Point"}, "properties": {"oid": "8040BG015127"}, "type": "Feature"}, {"geometry": {"coordinates": [11.83388, 48.04292], "type": "Point"}, "properties": {"oid": "7937BG015133"}, "type": "Feature"}, {"geometry": {"coordinates": [12.025, 48.1712], "type": "Point"}, "properties": {"oid": "7838BG015109"}, "type": "Feature"}, {"geometry": {"coordinates": [10.79537, 49.38552], "type": "Point"}, "properties": {"oid": "6630BG015048"}, "type": "Feature"}, {"geometry": {"coordinates": [12.43382, 47.92222], "type": "Point"}, "properties": {"oid": "8040BG015132"}, "type": "Feature"}, {"geometry": {"coordinates": [12.07884, 49.00089], "type": "Point"}, "properties": {"oid": "6938BG015837"}, "type": "Feature"}, {"geometry": {"coordinates": [12.00539, 47.99703], "type": "Point"}, "properties": {"oid": "8038BG015221"}, "type": "Feature"}, {"geometry": {"coordinates": [11.71069, 47.71773], "type": "Point"}, "properties": {"oid": "8236BG015107"}, "type": "Feature"}, {"geometry": {"coordinates": [11.77578, 47.87767], "type": "Point"}, "properties": {"oid": "8136BG015127"}, "type": "Feature"}, {"geometry": {"coordinates": [11.71656, 48.18229], "type": "Point"}, "properties": {"oid": "7836BG015500"}, "type": "Feature"}, {"geometry": {"coordinates": [11.99912, 47.99249], "type": "Point"}, "properties": {"oid": "8038BG015222"}, "type": "Feature"}, {"geometry": {"coordinates": [11.73499, 48.17055], "type": "Point"}, "properties": {"oid": "7836BG015501"}, "type": "Feature"}, {"geometry": {"coordinates": [11.86929, 47.93054], "type": "Point"}, "properties": {"oid": "8037BG015061"}, "type": "Feature"}, {"geometry": {"coordinates": [12.24872, 48.11378], "type": "Point"}, "properties": {"oid": "7839BG015120"}, "type": "Feature"}, {"geometry": {"coordinates": [10.57141, 48.88311], "type": "Point"}, "properties": {"oid": "7129BG015181"}, "type": "Feature"}, {"geometry": {"coordinates": [10.55175, 48.8845], "type": "Point"}, "properties": {"oid": "7129BG015187"}, "type": "Feature"}, {"geometry": {"coordinates": [12.22059, 48.01895], "type": "Point"}, "properties": {"oid": "7939BG015178"}, "type": "Feature"}, {"geometry": {"coordinates": [10.51358, 48.88928], "type": "Point"}, "properties": {"oid": "7129BG015199"}, "type": "Feature"}, {"geometry": {"coordinates": [11.68578, 47.94735], "type": "Point"}, "properties": {"oid": "8036BG015142"}, "type": "Feature"}, {"geometry": {"coordinates": [10.69764, 48.40757], "type": "Point"}, "properties": {"oid": "7530BG015067"}, "type": "Feature"}, {"geometry": {"coordinates": [11.28374, 47.71243], "type": "Point"}, "properties": {"oid": "8233BG015111"}, "type": "Feature"}, {"geometry": {"coordinates": [11.46582, 48.18641], "type": "Point"}, "properties": {"oid": "7834BG015421"}, "type": "Feature"}, {"geometry": {"coordinates": [10.44385, 47.83351], "type": "Point"}, "properties": {"oid": "8128BG015104"}, "type": "Feature"}, {"geometry": {"coordinates": [11.90397, 48.05136], "type": "Point"}, "properties": {"oid": "7937BG015136"}, "type": "Feature"}, {"geometry": {"coordinates": [12.7585, 48.05012], "type": "Point"}, "properties": {"oid": "7942BG015153"}, "type": "Feature"}, {"geometry": {"coordinates": [12.97202, 48.74453], "type": "Point"}, "properties": {"oid": "7243BG015185"}, "type": "Feature"}, {"geometry": {"coordinates": [12.42648, 48.38054], "type": "Point"}, "properties": {"oid": "7640BG015086"}, "type": "Feature"}, {"geometry": {"coordinates": [12.00943, 48.08337], "type": "Point"}, "properties": {"oid": "7938BG015162"}, "type": "Feature"}, {"geometry": {"coordinates": [10.2556, 48.45749], "type": "Point"}, "properties": {"oid": "7527BG015124"}, "type": "Feature"}, {"geometry": {"coordinates": [12.38266, 48.06747], "type": "Point"}, "properties": {"oid": "7940BG015144"}, "type": "Feature"}, {"geometry": {"coordinates": [11.72441, 47.71893], "type": "Point"}, "properties": {"oid": "8236BG015114"}, "type": "Feature"}, {"geometry": {"coordinates": [12.43382, 47.9222], "type": "Point"}, "properties": {"oid": "8040BG015133"}, "type": "Feature"}, {"geometry": {"coordinates": [10.56875, 49.04913], "type": "Point"}, "properties": {"oid": "6929BG015081"}, "type": "Feature"}, {"geometry": {"coordinates": [12.10352, 48.07531], "type": "Point"}, "properties": {"oid": "7938BG015163"}, "type": "Feature"}, {"geometry": {"coordinates": [12.29532, 47.90081], "type": "Point"}, "properties": {"oid": "8039BG015078"}, "type": "Feature"}, {"geometry": {"coordinates": [11.88016, 47.9282], "type": "Point"}, "properties": {"oid": "8037BG015065"}, "type": "Feature"}, {"geometry": {"coordinates": [10.17816, 48.30245], "type": "Point"}, "properties": {"oid": "7627BG015060"}, "type": "Feature"}, {"geometry": {"coordinates": [11.6687, 47.97278], "type": "Point"}, "properties": {"oid": "8036BG015095"}, "type": "Feature"}, {"geometry": {"coordinates": [10.23326, 48.28093], "type": "Point"}, "properties": {"oid": "7727BG015053"}, "type": "Feature"}, {"geometry": {"coordinates": [11.50904, 48.02626], "type": "Point"}, "properties": {"oid": "7935BG015314"}, "type": "Feature"}, {"geometry": {"coordinates": [10.53223, 48.88607], "type": "Point"}, "properties": {"oid": "7129BG015193"}, "type": "Feature"}, {"geometry": {"coordinates": [10.25151, 50.18839], "type": "Point"}, "properties": {"oid": "5827BG015009"}, "type": "Feature"}, {"geometry": {"coordinates": [12.62473, 48.97077], "type": "Point"}, "properties": {"oid": "7041BG015640"}, "type": "Feature"}, {"geometry": {"coordinates": [10.1837, 48.41391], "type": "Point"}, "properties": {"oid": "7527BG015128"}, "type": "Feature"}, {"geometry": {"coordinates": [11.28576, 48.06512], "type": "Point"}, "properties": {"oid": "7933BG015219"}, "type": "Feature"}, {"geometry": {"coordinates": [12.75662, 47.97582], "type": "Point"}, "properties": {"oid": "8042BG015036"}, "type": "Feature"}, {"geometry": {"coordinates": [12.31663, 48.23159], "type": "Point"}, "properties": {"oid": "7739BG015163"}, "type": "Feature"}, {"geometry": {"coordinates": [11.72508, 47.71812], "type": "Point"}, "properties": {"oid": "8236BG015115"}, "type": "Feature"}, {"geometry": {"coordinates": [11.52576, 48.06772], "type": "Point"}, "properties": {"oid": "7935BG015278"}, "type": "Feature"}, {"geometry": {"coordinates": [12.15563, 48.22021], "type": "Point"}, "properties": {"oid": "7738BG015098"}, "type": "Feature"}, {"geometry": {"coordinates": [12.29758, 48.11068], "type": "Point"}, "properties": {"oid": "7839BG015115"}, "type": "Feature"}, {"geometry": {"coordinates": [11.72841, 47.71804], "type": "Point"}, "properties": {"oid": "8236BG015117"}, "type": "Feature"}, {"geometry": {"coordinates": [12.10422, 47.89049], "type": "Point"}, "properties": {"oid": "8138BG015974"}, "type": "Feature"}, {"geometry": {"coordinates": [12.70293, 48.17581], "type": "Point"}, "properties": {"oid": "7842BG015184"}, "type": "Feature"}, {"geometry": {"coordinates": [11.97343, 48.06614], "type": "Point"}, "properties": {"oid": "7937BG015135"}, "type": "Feature"}, {"geometry": {"coordinates": [11.72388, 47.71844], "type": "Point"}, "properties": {"oid": "8236BG015113"}, "type": "Feature"}, {"geometry": {"coordinates": [11.68794, 48.02724], "type": "Point"}, "properties": {"oid": "7936BG015002"}, "type": "Feature"}, {"geometry": {"coordinates": [11.95932, 47.9912], "type": "Point"}, "properties": {"oid": "8037BG015068"}, "type": "Feature"}, {"geometry": {"coordinates": [11.95932, 47.9912], "type": "Point"}, "properties": {"oid": "8037BG015067"}, "type": "Feature"}, {"geometry": {"coordinates": [12.42295, 48.06454], "type": "Point"}, "properties": {"oid": "7940BG015142"}, "type": "Feature"}, {"geometry": {"coordinates": [11.81786, 48.04302], "type": "Point"}, "properties": {"oid": "7936BG015170"}, "type": "Feature"}, {"geometry": {"coordinates": [12.43387, 47.92223], "type": "Point"}, "properties": {"oid": "8040BG015134"}, "type": "Feature"}, {"geometry": {"coordinates": [10.25108, 47.45027], "type": "Point"}, "properties": {"oid": "8527BG015046"}, "type": "Feature"}, {"geometry": {"coordinates": [10.25782, 48.4576], "type": "Point"}, "properties": {"oid": "7527BG015125"}, "type": "Feature"}, {"geometry": {"coordinates": [12.57571, 48.2765], "type": "Point"}, "properties": {"oid": "7741BG015250"}, "type": "Feature"}, {"geometry": {"coordinates": [11.50898, 48.02633], "type": "Point"}, "properties": {"oid": "7935BG015315"}, "type": "Feature"}, {"geometry": {"coordinates": [12.28235, 47.90162], "type": "Point"}, "properties": {"oid": "8039BG015077"}, "type": "Feature"}, {"geometry": {"coordinates": [10.84732, 48.19906], "type": "Point"}, "properties": {"oid": "7831BG015347"}, "type": "Feature"}, {"geometry": {"coordinates": [12.43381, 47.92216], "type": "Point"}, "properties": {"oid": "8040BG015130"}, "type": "Feature"}, {"geometry": {"coordinates": [10.5541, 47.66585], "type": "Point"}, "properties": {"oid": "8329BG015361"}, "type": "Feature"}, {"geometry": {"coordinates": [10.40917, 48.49382], "type": "Point"}, "properties": {"oid": "7528BG015395"}, "type": "Feature"}, {"geometry": {"coordinates": [11.66847, 47.97275], "type": "Point"}, "properties": {"oid": "8036BG015096"}, "type": "Feature"}, {"geometry": {"coordinates": [10.77458, 49.33481], "type": "Point"}, "properties": {"oid": "6630BG015045"}, "type": "Feature"}, {"geometry": {"coordinates": [10.58661, 50.20906], "type": "Point"}, "properties": {"oid": "5729BG015019"}, "type": "Feature"}, {"geometry": {"coordinates": [10.43857, 48.99007], "type": "Point"}, "properties": {"oid": "7028BG015036"}, "type": "Feature"}, {"geometry": {"coordinates": [11.28232, 47.70239], "type": "Point"}, "properties": {"oid": "8233BG015112"}, "type": "Feature"}, {"geometry": {"coordinates": [11.1745, 49.24491], "type": "Point"}, "properties": {"oid": "6733BG015259"}, "type": "Feature"}, {"geometry": {"coordinates": [12.24706, 47.91594], "type": "Point"}, "properties": {"oid": "8039BG015088"}, "type": "Feature"}, {"geometry": {"coordinates": [11.68484, 48.31486], "type": "Point"}, "properties": {"oid": "7636BG016156"}, "type": "Feature"}, {"geometry": {"coordinates": [11.95717, 47.97864], "type": "Point"}, "properties": {"oid": "8037BG015069"}, "type": "Feature"}, {"geometry": {"coordinates": [11.47857, 48.08769], "type": "Point"}, "properties": {"oid": "7934BG015333"}, "type": "Feature"}, {"geometry": {"coordinates": [12.49103, 49.24457], "type": "Point"}, "properties": {"oid": "6740BG015027"}, "type": "Feature"}, {"geometry": {"coordinates": [11.81333, 48.01078], "type": "Point"}, "properties": {"oid": "7936BG015182"}, "type": "Feature"}, {"geometry": {"coordinates": [10.97061, 47.89576], "type": "Point"}, "properties": {"oid": "8131BG015115"}, "type": "Feature"}, {"geometry": {"coordinates": [11.75345, 47.75003], "type": "Point"}, "properties": {"oid": "8236BG015161"}, "type": "Feature"}, {"geometry": {"coordinates": [11.80906, 47.78836], "type": "Point"}, "properties": {"oid": "8236BG015146"}, "type": "Feature"}, {"geometry": {"coordinates": [12.68295, 47.88801], "type": "Point"}, "properties": {"oid": "8142BG015178"}, "type": "Feature"}, {"geometry": {"coordinates": [10.74903, 48.74812], "type": "Point"}, "properties": {"oid": "7230BG015363"}, "type": "Feature"}, {"geometry": {"coordinates": [10.50254, 48.51443], "type": "Point"}, "properties": {"oid": "7429BG015088"}, "type": "Feature"}, {"geometry": {"coordinates": [11.71564, 47.88512], "type": "Point"}, "properties": {"oid": "8136BG015130"}, "type": "Feature"}, {"geometry": {"coordinates": [10.27576, 47.39859], "type": "Point"}, "properties": {"oid": "8627BG015011"}, "type": "Feature"}, {"geometry": {"coordinates": [11.33171, 50.08019], "type": "Point"}, "properties": {"oid": "5933BG015020"}, "type": "Feature"}, {"geometry": {"coordinates": [9.55293, 50.22787], "type": "Point"}, "properties": {"oid": "5723BG015023"}, "type": "Feature"}, {"geometry": {"coordinates": [11.61807, 48.18581], "type": "Point"}, "properties": {"oid": "7835BG015449"}, "type": "Feature"}, {"geometry": {"coordinates": [10.97551, 48.26636], "type": "Point"}, "properties": {"oid": "7731BG015480"}, "type": "Feature"}, {"geometry": {"coordinates": [10.51182, 48.8312], "type": "Point"}, "properties": {"oid": "7129BG015206"}, "type": "Feature"}, {"geometry": {"coordinates": [12.83454, 48.02532], "type": "Point"}, "properties": {"oid": "7943BG015009"}, "type": "Feature"}, {"geometry": {"coordinates": [12.82959, 48.0245], "type": "Point"}, "properties": {"oid": "7942BG015217"}, "type": "Feature"}, {"geometry": {"coordinates": [10.30619, 47.75196], "type": "Point"}, "properties": {"oid": "8227BG015062"}, "type": "Feature"}, {"geometry": {"coordinates": [10.9173, 48.32417], "type": "Point"}, "properties": {"oid": "7631BG016400"}, "type": "Feature"}, {"geometry": {"coordinates": [11.5161, 47.80481], "type": "Point"}, "properties": {"oid": "8135BG015234"}, "type": "Feature"}, {"geometry": {"coordinates": [11.51558, 47.80595], "type": "Point"}, "properties": {"oid": "8135BG015235"}, "type": "Feature"}, {"geometry": {"coordinates": [10.93405, 48.29564], "type": "Point"}, "properties": {"oid": "7731BG015507"}, "type": "Feature"}, {"geometry": {"coordinates": [11.77918, 49.90951], "type": "Point"}, "properties": {"oid": "6036BG015045"}, "type": "Feature"}, {"geometry": {"coordinates": [12.08955, 48.74301], "type": "Point"}, "properties": {"oid": "7238BG015157"}, "type": "Feature"}, {"geometry": {"coordinates": [12.00591, 48.95976], "type": "Point"}, "properties": {"oid": "7038BG015318"}, "type": "Feature"}, {"geometry": {"coordinates": [9.55451, 49.80433], "type": "Point"}, "properties": {"oid": "6123BG015090"}, "type": "Feature"}, {"geometry": {"coordinates": [11.51875, 47.79911], "type": "Point"}, "properties": {"oid": "8235BG015593"}, "type": "Feature"}, {"geometry": {"coordinates": [10.76334, 48.62546], "type": "Point"}, "properties": {"oid": "7330BG015234"}, "type": "Feature"}, {"geometry": {"coordinates": [10.76291, 47.75334], "type": "Point"}, "properties": {"oid": "8230BG015030"}, "type": "Feature"}, {"geometry": {"coordinates": [9.69389, 50.26451], "type": "Point"}, "properties": {"oid": "5724BG015013"}, "type": "Feature"}, {"geometry": {"coordinates": [10.9428, 48.30145], "type": "Point"}, "properties": {"oid": "7631BG016383"}, "type": "Feature"}, {"geometry": {"coordinates": [11.6206, 48.0235], "type": "Point"}, "properties": {"oid": "7935BG015343"}, "type": "Feature"}, {"geometry": {"coordinates": [11.50119, 48.04136], "type": "Point"}, "properties": {"oid": "7935BG015342"}, "type": "Feature"}, {"geometry": {"coordinates": [11.56277, 48.01981], "type": "Point"}, "properties": {"oid": "7935BG015341"}, "type": "Feature"}, {"geometry": {"coordinates": [12.64561, 48.09959], "type": "Point"}, "properties": {"oid": "7841BG015207"}, "type": "Feature"}, {"geometry": {"coordinates": [11.24907, 48.24157], "type": "Point"}, "properties": {"oid": "7733BG015073"}, "type": "Feature"}, {"geometry": {"coordinates": [11.24922, 47.66149], "type": "Point"}, "properties": {"oid": "8333BG015048"}, "type": "Feature"}, {"geometry": {"coordinates": [11.83187, 47.99198], "type": "Point"}, "properties": {"oid": "8036BG015104"}, "type": "Feature"}, {"geometry": {"coordinates": [11.84457, 47.98867], "type": "Point"}, "properties": {"oid": "8037BG015073"}, "type": "Feature"}, {"geometry": {"coordinates": [11.847, 47.99352], "type": "Point"}, "properties": {"oid": "8037BG015075"}, "type": "Feature"}, {"geometry": {"coordinates": [11.79607, 48.00318], "type": "Point"}, "properties": {"oid": "7936BG015257"}, "type": "Feature"}, {"geometry": {"coordinates": [9.54675, 50.14148], "type": "Point"}, "properties": {"oid": "5823BG015065"}, "type": "Feature"}, {"geometry": {"coordinates": [9.54523, 50.1407], "type": "Point"}, "properties": {"oid": "5823BG015064"}, "type": "Feature"}, {"geometry": {"coordinates": [11.42461, 48.14303], "type": "Point"}, "properties": {"oid": "7834BG015379"}, "type": "Feature"}, {"geometry": {"coordinates": [10.70479, 48.33842], "type": "Point"}, "properties": {"oid": "7630BG015065"}, "type": "Feature"}, {"geometry": {"coordinates": [11.86768, 47.86923], "type": "Point"}, "properties": {"oid": "8137BG015370"}, "type": "Feature"}, {"geometry": {"coordinates": [10.7461, 47.6526], "type": "Point"}, "properties": {"oid": "8330BG015153"}, "type": "Feature"}, {"geometry": {"coordinates": [9.99779, 49.64738], "type": "Point"}, "properties": {"oid": "6325BG015006"}, "type": "Feature"}, {"geometry": {"coordinates": [11.72233, 48.38408], "type": "Point"}, "properties": {"oid": "7636BG016454"}, "type": "Feature"}, {"geometry": {"coordinates": [11.70999, 48.10702], "type": "Point"}, "properties": {"oid": "7836BG015873"}, "type": "Feature"}, {"geometry": {"coordinates": [9.94572, 49.75331], "type": "Point"}, "properties": {"oid": "6225BG016656"}, "type": "Feature"}, {"geometry": {"coordinates": [9.96935, 49.7429], "type": "Point"}, "properties": {"oid": "6225BG016671"}, "type": "Feature"}, {"geometry": {"coordinates": [9.93911, 49.75213], "type": "Point"}, "properties": {"oid": "6225BG016636"}, "type": "Feature"}, {"geometry": {"coordinates": [9.94108, 49.75221], "type": "Point"}, "properties": {"oid": "6225BG016645"}, "type": "Feature"}, {"geometry": {"coordinates": [9.93897, 49.75202], "type": "Point"}, "properties": {"oid": "6225BG016638"}, "type": "Feature"}, {"geometry": {"coordinates": [9.54662, 50.14139], "type": "Point"}, "properties": {"oid": "5823BG015068"}, "type": "Feature"}, {"geometry": {"coordinates": [9.61631, 50.02245], "type": "Point"}, "properties": {"oid": "5923BG015037"}, "type": "Feature"}, {"geometry": {"coordinates": [10.17149, 47.73364], "type": "Point"}, "properties": {"oid": "8227BG015286"}, "type": "Feature"}, {"geometry": {"coordinates": [11.49655, 48.02913], "type": "Point"}, "properties": {"oid": "7934BG015146"}, "type": "Feature"}, {"geometry": {"coordinates": [10.68893, 48.33687], "type": "Point"}, "properties": {"oid": "7630BG015064"}, "type": "Feature"}, {"geometry": {"coordinates": [11.53494, 48.17042], "type": "Point"}, "properties": {"oid": "7835BG015466"}, "type": "Feature"}, {"geometry": {"coordinates": [11.13503, 47.48886], "type": "Point"}, "properties": {"oid": "8532BG015108"}, "type": "Feature"}, {"geometry": {"coordinates": [9.94323, 49.69414], "type": "Point"}, "properties": {"oid": "6325BG016156"}, "type": "Feature"}, {"geometry": {"coordinates": [10.937, 48.29462], "type": "Point"}, "properties": {"oid": "7731BG015506"}, "type": "Feature"}, {"geometry": {"coordinates": [10.29855, 47.8378], "type": "Point"}, "properties": {"oid": "8127BG015312"}, "type": "Feature"}, {"geometry": {"coordinates": [12.92413, 47.93076], "type": "Point"}, "properties": {"oid": "8043BG015146"}, "type": "Feature"}, {"geometry": {"coordinates": [11.65201, 47.96084], "type": "Point"}, "properties": {"oid": "8035BG015125"}, "type": "Feature"}, {"geometry": {"coordinates": [12.85338, 48.18008], "type": "Point"}, "properties": {"oid": "7843BG015206"}, "type": "Feature"}, {"geometry": {"coordinates": [11.19444, 48.77897], "type": "Point"}, "properties": {"oid": "7233BG015044"}, "type": "Feature"}, {"geometry": {"coordinates": [11.64397, 48.32022], "type": "Point"}, "properties": {"oid": "7635BG015059"}, "type": "Feature"}, {"geometry": {"coordinates": [12.31311, 48.12908], "type": "Point"}, "properties": {"oid": "7839BG015130"}, "type": "Feature"}, {"geometry": {"coordinates": [10.2296, 49.80976], "type": "Point"}, "properties": {"oid": "6127BG015078"}, "type": "Feature"}, {"geometry": {"coordinates": [10.31836, 48.38151], "type": "Point"}, "properties": {"oid": "7627BG015082"}, "type": "Feature"}, {"geometry": {"coordinates": [10.1266, 49.72483], "type": "Point"}, "properties": {"oid": "6226BG015281"}, "type": "Feature"}, {"geometry": {"coordinates": [11.69842, 47.95031], "type": "Point"}, "properties": {"oid": "8036BG015144"}, "type": "Feature"}, {"geometry": {"coordinates": [11.69306, 47.94827], "type": "Point"}, "properties": {"oid": "8036BG015143"}, "type": "Feature"}, {"geometry": {"coordinates": [12.27128, 49.30888], "type": "Point"}, "properties": {"oid": "6639BG015028"}, "type": "Feature"}, {"geometry": {"coordinates": [11.09454, 48.06633], "type": "Point"}, "properties": {"oid": "7932BG015247"}, "type": "Feature"}, {"geometry": {"coordinates": [10.62172, 47.86883], "type": "Point"}, "properties": {"oid": "8129BG015437"}, "type": "Feature"}, {"geometry": {"coordinates": [10.61484, 47.8459], "type": "Point"}, "properties": {"oid": "8129BG015440"}, "type": "Feature"}, {"geometry": {"coordinates": [10.61885, 47.8558], "type": "Point"}, "properties": {"oid": "8129BG015439"}, "type": "Feature"}, {"geometry": {"coordinates": [9.32281, 49.95753], "type": "Point"}, "properties": {"oid": "6021BG015125"}, "type": "Feature"}, {"geometry": {"coordinates": [10.97972, 48.33735], "type": "Point"}, "properties": {"oid": "7631BG016791"}, "type": "Feature"}, {"geometry": {"coordinates": [9.85571, 49.65435], "type": "Point"}, "properties": {"oid": "6325BG016127"}, "type": "Feature"}, {"geometry": {"coordinates": [10.97972, 48.33735], "type": "Point"}, "properties": {"oid": "7631BG016792"}, "type": "Feature"}, {"geometry": {"coordinates": [10.55877, 48.29958], "type": "Point"}, "properties": {"oid": "7629BG015119"}, "type": "Feature"}, {"geometry": {"coordinates": [10.58243, 48.32128], "type": "Point"}, "properties": {"oid": "7629BG015118"}, "type": "Feature"}, {"geometry": {"coordinates": [10.15725, 49.77897], "type": "Point"}, "properties": {"oid": "6226BG015127"}, "type": "Feature"}, {"geometry": {"coordinates": [10.12381, 49.72142], "type": "Point"}, "properties": {"oid": "6226BG015282"}, "type": "Feature"}, {"geometry": {"coordinates": [10.02856, 50.41821], "type": "Point"}, "properties": {"oid": "5526BG015018"}, "type": "Feature"}, {"geometry": {"coordinates": [10.02661, 50.42479], "type": "Point"}, "properties": {"oid": "5526BG015017"}, "type": "Feature"}, {"geometry": {"coordinates": [12.07102, 48.34205], "type": "Point"}, "properties": {"oid": "7638BG015097"}, "type": "Feature"}, {"geometry": {"coordinates": [9.8991, 49.76466], "type": "Point"}, "properties": {"oid": "6225BG018171"}, "type": "Feature"}, {"geometry": {"coordinates": [10.81397, 47.80132], "type": "Point"}, "properties": {"oid": "8130BG015478"}, "type": "Feature"}, {"geometry": {"coordinates": [11.54187, 48.12221], "type": "Point"}, "properties": {"oid": "7835BG016024"}, "type": "Feature"}, {"geometry": {"coordinates": [11.2753, 48.16284], "type": "Point"}, "properties": {"oid": "7833BG015477"}, "type": "Feature"}, {"geometry": {"coordinates": [11.86306, 47.86257], "type": "Point"}, "properties": {"oid": "8137BG015369"}, "type": "Feature"}, {"geometry": {"coordinates": [10.69316, 48.43914], "type": "Point"}, "properties": {"oid": "7530BG015070"}, "type": "Feature"}, {"geometry": {"coordinates": [12.90022, 47.73644], "type": "Point"}, "properties": {"oid": "8243BG015190"}, "type": "Feature"}, {"geometry": {"coordinates": [11.485, 48.2738], "type": "Point"}, "properties": {"oid": "7734BG015138"}, "type": "Feature"}, {"geometry": {"coordinates": [11.50943, 48.01], "type": "Point"}, "properties": {"oid": "7935BG015421"}, "type": "Feature"}, {"geometry": {"coordinates": [10.85012, 48.92654], "type": "Point"}, "properties": {"oid": "7031BG015048"}, "type": "Feature"}, {"geometry": {"coordinates": [11.1895, 48.10826], "type": "Point"}, "properties": {"oid": "7833BG015280"}, "type": "Feature"}, {"geometry": {"coordinates": [12.87758, 47.71563], "type": "Point"}, "properties": {"oid": "8243BG015215"}, "type": "Feature"}, {"geometry": {"coordinates": [12.41464, 48.06126], "type": "Point"}, "properties": {"oid": "7940BG015153"}, "type": "Feature"}, {"geometry": {"coordinates": [11.42593, 47.82325], "type": "Point"}, "properties": {"oid": "8134BG015500"}, "type": "Feature"}, {"geometry": {"coordinates": [11.57548, 48.18725], "type": "Point"}, "properties": {"oid": "7835BG015813"}, "type": "Feature"}, {"geometry": {"coordinates": [10.49536, 49.98792], "type": "Point"}, "properties": {"oid": "6028BG015032"}, "type": "Feature"}, {"geometry": {"coordinates": [11.60415, 48.12497], "type": "Point"}, "properties": {"oid": "7835BG017962"}, "type": "Feature"}, {"geometry": {"coordinates": [10.87176, 48.94796], "type": "Point"}, "properties": {"oid": "7031BG015065"}, "type": "Feature"}, {"geometry": {"coordinates": [10.81239, 48.55132], "type": "Point"}, "properties": {"oid": "7430BG015032"}, "type": "Feature"}, {"geometry": {"coordinates": [9.6486, 49.83053], "type": "Point"}, "properties": {"oid": "6123BG015106"}, "type": "Feature"}, {"geometry": {"coordinates": [11.11944, 48.27133], "type": "Point"}, "properties": {"oid": "7732BG015110"}, "type": "Feature"}, {"geometry": {"coordinates": [11.04168, 48.0778], "type": "Point"}, "properties": {"oid": "7932BG015433"}, "type": "Feature"}, {"geometry": {"coordinates": [10.34647, 49.83], "type": "Point"}, "properties": {"oid": "6128BG015068"}, "type": "Feature"}, {"geometry": {"coordinates": [10.76124, 48.62722], "type": "Point"}, "properties": {"oid": "7330BG015233"}, "type": "Feature"}, {"geometry": {"coordinates": [11.1885, 48.11203], "type": "Point"}, "properties": {"oid": "7833BG015299"}, "type": "Feature"}, {"geometry": {"coordinates": [11.79393, 48.00164], "type": "Point"}, "properties": {"oid": "7936BG015258"}, "type": "Feature"}, {"geometry": {"coordinates": [13.72389, 48.52402], "type": "Point"}, "properties": {"oid": "7448BG015093"}, "type": "Feature"}, {"geometry": {"coordinates": [9.94586, 49.75324], "type": "Point"}, "properties": {"oid": "6225BG016657"}, "type": "Feature"}, {"geometry": {"coordinates": [9.94534, 49.75338], "type": "Point"}, "properties": {"oid": "6225BG016654"}, "type": "Feature"}, {"geometry": {"coordinates": [9.94592, 49.75355], "type": "Point"}, "properties": {"oid": "6225BG016658"}, "type": "Feature"}, {"geometry": {"coordinates": [9.94038, 49.75203], "type": "Point"}, "properties": {"oid": "6225BG016643"}, "type": "Feature"}, {"geometry": {"coordinates": [9.94063, 49.75231], "type": "Point"}, "properties": {"oid": "6225BG016642"}, "type": "Feature"}, {"geometry": {"coordinates": [11.34639, 48.02761], "type": "Point"}, "properties": {"oid": "7934BG015153"}, "type": "Feature"}, {"geometry": {"coordinates": [9.645, 49.82057], "type": "Point"}, "properties": {"oid": "6123BG015105"}, "type": "Feature"}, {"geometry": {"coordinates": [10.05655, 49.88789], "type": "Point"}, "properties": {"oid": "6126BG015085"}, "type": "Feature"}, {"geometry": {"coordinates": [10.79592, 49.56603], "type": "Point"}, "properties": {"oid": "6430BG015064"}, "type": "Feature"}, {"geometry": {"coordinates": [9.37861, 50.10594], "type": "Point"}, "properties": {"oid": "5822BG015004"}, "type": "Feature"}, {"geometry": {"coordinates": [9.36245, 50.12177], "type": "Point"}, "properties": {"oid": "5822BG015003"}, "type": "Feature"}, {"geometry": {"coordinates": [9.36745, 50.12657], "type": "Point"}, "properties": {"oid": "5822BG015002"}, "type": "Feature"}, {"geometry": {"coordinates": [9.77559, 49.7975], "type": "Point"}, "properties": {"oid": "6224BG015155"}, "type": "Feature"}, {"geometry": {"coordinates": [11.55815, 48.13936], "type": "Point"}, "properties": {"oid": "7835BG016942"}, "type": "Feature"}, {"geometry": {"coordinates": [10.2446, 49.69546], "type": "Point"}, "properties": {"oid": "6327BG015065"}, "type": "Feature"}, {"geometry": {"coordinates": [10.032, 49.67826], "type": "Point"}, "properties": {"oid": "6326BG015354"}, "type": "Feature"}, {"geometry": {"coordinates": [10.73378, 49.80482], "type": "Point"}, "properties": {"oid": "6130BG015017"}, "type": "Feature"}, {"geometry": {"coordinates": [9.6522, 49.82969], "type": "Point"}, "properties": {"oid": "6123BG015128"}, "type": "Feature"}, {"geometry": {"coordinates": [13.04736, 48.40068], "type": "Point"}, "properties": {"oid": "7544BG015178"}, "type": "Feature"}, {"geometry": {"coordinates": [10.92499, 48.27906], "type": "Point"}, "properties": {"oid": "7731BG015511"}, "type": "Feature"}, {"geometry": {"coordinates": [11.43845, 50.13746], "type": "Point"}, "properties": {"oid": "5834BG015080"}, "type": "Feature"}, {"geometry": {"coordinates": [11.54904, 47.58624], "type": "Point"}, "properties": {"oid": "8435BG015007"}, "type": "Feature"}, {"geometry": {"coordinates": [11.79994, 48.00721], "type": "Point"}, "properties": {"oid": "7936BG015190"}, "type": "Feature"}, {"geometry": {"coordinates": [9.62167, 50.22724], "type": "Point"}, "properties": {"oid": "5723BG015024"}, "type": "Feature"}, {"geometry": {"coordinates": [10.26943, 47.53052], "type": "Point"}, "properties": {"oid": "8427BG015084"}, "type": "Feature"}, {"geometry": {"coordinates": [10.0816, 49.87431], "type": "Point"}, "properties": {"oid": "6126BG015253"}, "type": "Feature"}, {"geometry": {"coordinates": [10.91509, 48.29925], "type": "Point"}, "properties": {"oid": "7631BG016402"}, "type": "Feature"}, {"geometry": {"coordinates": [11.09128, 50.27393], "type": "Point"}, "properties": {"oid": "5732BG015144"}, "type": "Feature"}, {"geometry": {"coordinates": [11.68799, 48.02729], "type": "Point"}, "properties": {"oid": "7936BG015183"}, "type": "Feature"}, {"geometry": {"coordinates": [11.78359, 47.88804], "type": "Point"}, "properties": {"oid": "8136BG015137"}, "type": "Feature"}, {"geometry": {"coordinates": [11.33017, 48.15431], "type": "Point"}, "properties": {"oid": "7833BG015282"}, "type": "Feature"}, {"geometry": {"coordinates": [11.82991, 47.98597], "type": "Point"}, "properties": {"oid": "8036BG015105"}, "type": "Feature"}, {"geometry": {"coordinates": [11.8504, 47.98928], "type": "Point"}, "properties": {"oid": "8037BG015074"}, "type": "Feature"}, {"geometry": {"coordinates": [9.73417, 50.1482], "type": "Point"}, "properties": {"oid": "5824BG015019"}, "type": "Feature"}, {"geometry": {"coordinates": [11.43322, 48.1784], "type": "Point"}, "properties": {"oid": "7834BG015358"}, "type": "Feature"}, {"geometry": {"coordinates": [9.548, 50.13973], "type": "Point"}, "properties": {"oid": "5823BG015070"}, "type": "Feature"}, {"geometry": {"coordinates": [9.56402, 50.14345], "type": "Point"}, "properties": {"oid": "5823BG015069"}, "type": "Feature"}, {"geometry": {"coordinates": [11.43087, 48.1778], "type": "Point"}, "properties": {"oid": "7834BG015357"}, "type": "Feature"}, {"geometry": {"coordinates": [10.53253, 48.87802], "type": "Point"}, "properties": {"oid": "7129BG015215"}, "type": "Feature"}, {"geometry": {"coordinates": [10.10623, 49.79017], "type": "Point"}, "properties": {"oid": "6226BG015154"}, "type": "Feature"}, {"geometry": {"coordinates": [11.56604, 48.14041], "type": "Point"}, "properties": {"oid": "7835BG016965"}, "type": "Feature"}, {"geometry": {"coordinates": [11.771, 48.01379], "type": "Point"}, "properties": {"oid": "7936BG015254"}, "type": "Feature"}, {"geometry": {"coordinates": [10.73153, 48.61047], "type": "Point"}, "properties": {"oid": "7330BG015169"}, "type": "Feature"}, {"geometry": {"coordinates": [10.72948, 48.61183], "type": "Point"}, "properties": {"oid": "7330BG015171"}, "type": "Feature"}, {"geometry": {"coordinates": [9.62284, 50.18841], "type": "Point"}, "properties": {"oid": "5823BG015048"}, "type": "Feature"}, {"geometry": {"coordinates": [11.86854, 47.87101], "type": "Point"}, "properties": {"oid": "8137BG015371"}, "type": "Feature"}, {"geometry": {"coordinates": [11.12766, 47.55576], "type": "Point"}, "properties": {"oid": "8432BG015030"}, "type": "Feature"}, {"geometry": {"coordinates": [9.73843, 49.75288], "type": "Point"}, "properties": {"oid": "6224BG015183"}, "type": "Feature"}, {"geometry": {"coordinates": [12.42033, 48.2014], "type": "Point"}, "properties": {"oid": "7740BG015223"}, "type": "Feature"}, {"geometry": {"coordinates": [11.50519, 47.98579], "type": "Point"}, "properties": {"oid": "8035BG015124"}, "type": "Feature"}, {"geometry": {"coordinates": [11.18191, 47.57721], "type": "Point"}, "properties": {"oid": "8433BG015041"}, "type": "Feature"}, {"geometry": {"coordinates": [10.14461, 49.78714], "type": "Point"}, "properties": {"oid": "6226BG015159"}, "type": "Feature"}, {"geometry": {"coordinates": [10.10748, 49.79007], "type": "Point"}, "properties": {"oid": "6226BG015155"}, "type": "Feature"}, {"geometry": {"coordinates": [11.69392, 49.17501], "type": "Point"}, "properties": {"oid": "6836BG015098"}, "type": "Feature"}, {"geometry": {"coordinates": [10.01262, 49.80676], "type": "Point"}, "properties": {"oid": "6126BG015109"}, "type": "Feature"}, {"geometry": {"coordinates": [11.62642, 49.89682], "type": "Point"}, "properties": {"oid": "6135BG015015"}, "type": "Feature"}, {"geometry": {"coordinates": [10.31992, 48.37934], "type": "Point"}, "properties": {"oid": "7627BG015081"}, "type": "Feature"}, {"geometry": {"coordinates": [10.83826, 48.63762], "type": "Point"}, "properties": {"oid": "7331BG015134"}, "type": "Feature"}, {"geometry": {"coordinates": [10.99415, 48.68498], "type": "Point"}, "properties": {"oid": "7331BG015135"}, "type": "Feature"}, {"geometry": {"coordinates": [11.25851, 48.79835], "type": "Point"}, "properties": {"oid": "7233BG015055"}, "type": "Feature"}, {"geometry": {"coordinates": [12.98933, 48.45121], "type": "Point"}, "properties": {"oid": "7543BG015232"}, "type": "Feature"}, {"geometry": {"coordinates": [11.08224, 48.02036], "type": "Point"}, "properties": {"oid": "7932BG015325"}, "type": "Feature"}, {"geometry": {"coordinates": [10.48089, 50.37289], "type": "Point"}, "properties": {"oid": "5628BG015015"}, "type": "Feature"}, {"geometry": {"coordinates": [10.95716, 47.939], "type": "Point"}, "properties": {"oid": "8031BG015170"}, "type": "Feature"}, {"geometry": {"coordinates": [11.33839, 47.99833], "type": "Point"}, "properties": {"oid": "8034BG015520"}, "type": "Feature"}, {"geometry": {"coordinates": [9.65931, 50.05578], "type": "Point"}, "properties": {"oid": "5923BG015047"}, "type": "Feature"}, {"geometry": {"coordinates": [11.17997, 47.58394], "type": "Point"}, "properties": {"oid": "8433BG015047"}, "type": "Feature"}, {"geometry": {"coordinates": [10.60642, 49.9205], "type": "Point"}, "properties": {"oid": "6029BG015151"}, "type": "Feature"}, {"geometry": {"coordinates": [11.08736, 50.27596], "type": "Point"}, "properties": {"oid": "5732BG015143"}, "type": "Feature"}, {"geometry": {"coordinates": [11.39194, 48.06448], "type": "Point"}, "properties": {"oid": "7934BG015190"}, "type": "Feature"}, {"geometry": {"coordinates": [9.85571, 49.63941], "type": "Point"}, "properties": {"oid": "6325BG016115"}, "type": "Feature"}, {"geometry": {"coordinates": [9.71568, 49.78827], "type": "Point"}, "properties": {"oid": "6224BG015140"}, "type": "Feature"}, {"geometry": {"coordinates": [9.95124, 49.6127], "type": "Point"}, "properties": {"oid": "6325BG015507"}, "type": "Feature"}, {"geometry": {"coordinates": [11.76537, 50.18922], "type": "Point"}, "properties": {"oid": "5836BG015154"}, "type": "Feature"}, {"geometry": {"coordinates": [12.12482, 49.39098], "type": "Point"}, "properties": {"oid": "6638BG015359"}, "type": "Feature"}, {"geometry": {"coordinates": [11.60859, 48.12352], "type": "Point"}, "properties": {"oid": "7835BG015726"}, "type": "Feature"}, {"geometry": {"coordinates": [11.21615, 49.14869], "type": "Point"}, "properties": {"oid": "6833BG015148"}, "type": "Feature"}, {"geometry": {"coordinates": [10.89816, 47.86964], "type": "Point"}, "properties": {"oid": "8131BG015145"}, "type": "Feature"}, {"geometry": {"coordinates": [11.05714, 47.94178], "type": "Point"}, "properties": {"oid": "8032BG015188"}, "type": "Feature"}, {"geometry": {"coordinates": [11.05745, 47.94373], "type": "Point"}, "properties": {"oid": "8032BG015189"}, "type": "Feature"}, {"geometry": {"coordinates": [11.67762, 47.95094], "type": "Point"}, "properties": {"oid": "8036BG015138"}, "type": "Feature"}, {"geometry": {"coordinates": [11.66815, 50.02789], "type": "Point"}, "properties": {"oid": "5936BG015114"}, "type": "Feature"}, {"geometry": {"coordinates": [12.33103, 48.12955], "type": "Point"}, "properties": {"oid": "7839BG015129"}, "type": "Feature"}, {"geometry": {"coordinates": [11.33926, 47.99909], "type": "Point"}, "properties": {"oid": "8034BG015518"}, "type": "Feature"}, {"geometry": {"coordinates": [10.94921, 48.05286], "type": "Point"}, "properties": {"oid": "7931BG015521"}, "type": "Feature"}, {"geometry": {"coordinates": [11.52435, 48.20006], "type": "Point"}, "properties": {"oid": "7735BG015589"}, "type": "Feature"}, {"geometry": {"coordinates": [12.45774, 48.64376], "type": "Point"}, "properties": {"oid": "7340BG015366"}, "type": "Feature"}, {"geometry": {"coordinates": [11.72426, 48.88619], "type": "Point"}, "properties": {"oid": "7136BG015197"}, "type": "Feature"}, {"geometry": {"coordinates": [10.80044, 49.34721], "type": "Point"}, "properties": {"oid": "6630BG015053"}, "type": "Feature"}, {"geometry": {"coordinates": [11.39624, 47.8945], "type": "Point"}, "properties": {"oid": "8134BG015997"}, "type": "Feature"}, {"geometry": {"coordinates": [11.33897, 47.99857], "type": "Point"}, "properties": {"oid": "8034BG015516"}, "type": "Feature"}, {"geometry": {"coordinates": [12.83777, 48.18097], "type": "Point"}, "properties": {"oid": "7843BG015210"}, "type": "Feature"}, {"geometry": {"coordinates": [10.95561, 47.93916], "type": "Point"}, "properties": {"oid": "8031BG015168"}, "type": "Feature"}, {"geometry": {"coordinates": [11.37578, 48.0723], "type": "Point"}, "properties": {"oid": "7934BG015194"}, "type": "Feature"}, {"geometry": {"coordinates": [10.53068, 49.90414], "type": "Point"}, "properties": {"oid": "6029BG015111"}, "type": "Feature"}, {"geometry": {"coordinates": [9.97611, 49.73403], "type": "Point"}, "properties": {"oid": "6225BG017690"}, "type": "Feature"}, {"geometry": {"coordinates": [11.2132, 48.09924], "type": "Point"}, "properties": {"oid": "7833BG015257"}, "type": "Feature"}, {"geometry": {"coordinates": [10.41166, 48.52257], "type": "Point"}, "properties": {"oid": "7428BG015200"}, "type": "Feature"}, {"geometry": {"coordinates": [10.41746, 48.44117], "type": "Point"}, "properties": {"oid": "7528BG015495"}, "type": "Feature"}, {"geometry": {"coordinates": [10.97064, 48.04455], "type": "Point"}, "properties": {"oid": "7931BG015496"}, "type": "Feature"}, {"geometry": {"coordinates": [11.55955, 48.13349], "type": "Point"}, "properties": {"oid": "7835BG015788"}, "type": "Feature"}, {"geometry": {"coordinates": [9.90316, 49.67036], "type": "Point"}, "properties": {"oid": "6325BG016163"}, "type": "Feature"}, {"geometry": {"coordinates": [11.59945, 48.15381], "type": "Point"}, "properties": {"oid": "7835BG015767"}, "type": "Feature"}, {"geometry": {"coordinates": [11.61808, 48.13351], "type": "Point"}, "properties": {"oid": "7835BG015751"}, "type": "Feature"}, {"geometry": {"coordinates": [9.67526, 49.73554], "type": "Point"}, "properties": {"oid": "6224BG015120"}, "type": "Feature"}, {"geometry": {"coordinates": [11.75311, 47.96471], "type": "Point"}, "properties": {"oid": "8036BG015147"}, "type": "Feature"}, {"geometry": {"coordinates": [11.67049, 47.94364], "type": "Point"}, "properties": {"oid": "8036BG015139"}, "type": "Feature"}, {"geometry": {"coordinates": [9.94038, 49.75217], "type": "Point"}, "properties": {"oid": "6225BG016641"}, "type": "Feature"}, {"geometry": {"coordinates": [11.75195, 48.53609], "type": "Point"}, "properties": {"oid": "7436BG015014"}, "type": "Feature"}, {"geometry": {"coordinates": [11.33986, 48.00005], "type": "Point"}, "properties": {"oid": "7934BG015222"}, "type": "Feature"}, {"geometry": {"coordinates": [11.3367, 47.99454], "type": "Point"}, "properties": {"oid": "8034BG015514"}, "type": "Feature"}, {"geometry": {"coordinates": [11.08758, 48.06576], "type": "Point"}, "properties": {"oid": "7932BG015308"}, "type": "Feature"}, {"geometry": {"coordinates": [10.52968, 48.53676], "type": "Point"}, "properties": {"oid": "7429BG015098"}, "type": "Feature"}, {"geometry": {"coordinates": [9.94539, 49.75324], "type": "Point"}, "properties": {"oid": "6225BG016655"}, "type": "Feature"}, {"geometry": {"coordinates": [9.93909, 49.75227], "type": "Point"}, "properties": {"oid": "6225BG016637"}, "type": "Feature"}, {"geometry": {"coordinates": [9.93948, 49.75227], "type": "Point"}, "properties": {"oid": "6225BG016639"}, "type": "Feature"}, {"geometry": {"coordinates": [11.33585, 47.99469], "type": "Point"}, "properties": {"oid": "8034BG015513"}, "type": "Feature"}, {"geometry": {"coordinates": [11.33554, 47.99401], "type": "Point"}, "properties": {"oid": "8034BG015519"}, "type": "Feature"}, {"geometry": {"coordinates": [11.5568, 48.19178], "type": "Point"}, "properties": {"oid": "7835BG017932"}, "type": "Feature"}, {"geometry": {"coordinates": [10.88425, 48.94931], "type": "Point"}, "properties": {"oid": "7031BG015064"}, "type": "Feature"}, {"geometry": {"coordinates": [10.50894, 48.56552], "type": "Point"}, "properties": {"oid": "7429BG015099"}, "type": "Feature"}, {"geometry": {"coordinates": [10.5447, 47.90472], "type": "Point"}, "properties": {"oid": "8029BG015212"}, "type": "Feature"}, {"geometry": {"coordinates": [10.18162, 47.7886], "type": "Point"}, "properties": {"oid": "8227BG015397"}, "type": "Feature"}, {"geometry": {"coordinates": [9.5888, 49.96535], "type": "Point"}, "properties": {"oid": "6023BG015296"}, "type": "Feature"}, {"geometry": {"coordinates": [11.33549, 47.99365], "type": "Point"}, "properties": {"oid": "8034BG015523"}, "type": "Feature"}, {"geometry": {"coordinates": [11.0643, 48.0404], "type": "Point"}, "properties": {"oid": "7932BG015322"}, "type": "Feature"}, {"geometry": {"coordinates": [11.12816, 47.49365], "type": "Point"}, "properties": {"oid": "8532BG015109"}, "type": "Feature"}, {"geometry": {"coordinates": [11.40224, 48.09963], "type": "Point"}, "properties": {"oid": "7834BG015289"}, "type": "Feature"}, {"geometry": {"coordinates": [12.12574, 49.39193], "type": "Point"}, "properties": {"oid": "6638BG015367"}, "type": "Feature"}, {"geometry": {"coordinates": [12.12467, 49.38919], "type": "Point"}, "properties": {"oid": "6638BG015371"}, "type": "Feature"}, {"geometry": {"coordinates": [11.04221, 48.5472], "type": "Point"}, "properties": {"oid": "7432BG015064"}, "type": "Feature"}, {"geometry": {"coordinates": [10.76298, 48.62508], "type": "Point"}, "properties": {"oid": "7330BG015248"}, "type": "Feature"}, {"geometry": {"coordinates": [10.6746, 48.59239], "type": "Point"}, "properties": {"oid": "7430BG015041"}, "type": "Feature"}, {"geometry": {"coordinates": [10.18033, 49.76944], "type": "Point"}, "properties": {"oid": "6227BG015026"}, "type": "Feature"}, {"geometry": {"coordinates": [11.95745, 48.56136], "type": "Point"}, "properties": {"oid": "7437BG015023"}, "type": "Feature"}, {"geometry": {"coordinates": [11.54325, 48.13915], "type": "Point"}, "properties": {"oid": "7835BG015713"}, "type": "Feature"}, {"geometry": {"coordinates": [10.22109, 49.84521], "type": "Point"}, "properties": {"oid": "6127BG015047"}, "type": "Feature"}, {"geometry": {"coordinates": [10.22133, 49.84721], "type": "Point"}, "properties": {"oid": "6127BG015048"}, "type": "Feature"}, {"geometry": {"coordinates": [10.17332, 49.77847], "type": "Point"}, "properties": {"oid": "6227BG015029"}, "type": "Feature"}, {"geometry": {"coordinates": [10.25112, 47.87014], "type": "Point"}, "properties": {"oid": "8127BG015490"}, "type": "Feature"}, {"geometry": {"coordinates": [11.08655, 47.86547], "type": "Point"}, "properties": {"oid": "8132BG015425"}, "type": "Feature"}, {"geometry": {"coordinates": [10.22419, 49.87219], "type": "Point"}, "properties": {"oid": "6127BG015044"}, "type": "Feature"}, {"geometry": {"coordinates": [10.17102, 49.80726], "type": "Point"}, "properties": {"oid": "6127BG015036"}, "type": "Feature"}, {"geometry": {"coordinates": [9.69512, 49.75112], "type": "Point"}, "properties": {"oid": "6224BG015093"}, "type": "Feature"}, {"geometry": {"coordinates": [9.79454, 50.31127], "type": "Point"}, "properties": {"oid": "5624BG015020"}, "type": "Feature"}, {"geometry": {"coordinates": [10.56985, 48.20603], "type": "Point"}, "properties": {"oid": "7729BG015038"}, "type": "Feature"}, {"geometry": {"coordinates": [10.08096, 50.2423], "type": "Point"}, "properties": {"oid": "5726BG015001"}, "type": "Feature"}, {"geometry": {"coordinates": [10.23191, 48.44153], "type": "Point"}, "properties": {"oid": "7527BG015173"}, "type": "Feature"}, {"geometry": {"coordinates": [10.01613, 49.79694], "type": "Point"}, "properties": {"oid": "6226BG015345"}, "type": "Feature"}, {"geometry": {"coordinates": [13.35866, 48.49795], "type": "Point"}, "properties": {"oid": "7546BG015525"}, "type": "Feature"}, {"geometry": {"coordinates": [10.14742, 49.78548], "type": "Point"}, "properties": {"oid": "6226BG015152"}, "type": "Feature"}, {"geometry": {"coordinates": [11.43481, 47.87105], "type": "Point"}, "properties": {"oid": "8134BG016115"}, "type": "Feature"}, {"geometry": {"coordinates": [11.42934, 48.17672], "type": "Point"}, "properties": {"oid": "7834BG015354"}, "type": "Feature"}, {"geometry": {"coordinates": [11.43416, 50.01223], "type": "Point"}, "properties": {"oid": "5934BG015048"}, "type": "Feature"}, {"geometry": {"coordinates": [11.54937, 48.13982], "type": "Point"}, "properties": {"oid": "7835BG015728"}, "type": "Feature"}, {"geometry": {"coordinates": [9.85427, 49.67466], "type": "Point"}, "properties": {"oid": "6325BG016107"}, "type": "Feature"}, {"geometry": {"coordinates": [11.61527, 50.04742], "type": "Point"}, "properties": {"oid": "5935BG015188"}, "type": "Feature"}, {"geometry": {"coordinates": [11.55736, 48.14648], "type": "Point"}, "properties": {"oid": "7835BG015772"}, "type": "Feature"}, {"geometry": {"coordinates": [11.47962, 48.02946], "type": "Point"}, "properties": {"oid": "7934BG015343"}, "type": "Feature"}, {"geometry": {"coordinates": [11.62077, 48.02346], "type": "Point"}, "properties": {"oid": "7935BG015387"}, "type": "Feature"}, {"geometry": {"coordinates": [11.66847, 47.97275], "type": "Point"}, "properties": {"oid": "8036BG015133"}, "type": "Feature"}, {"geometry": {"coordinates": [11.91615, 48.53806], "type": "Point"}, "properties": {"oid": "7437BG015032"}, "type": "Feature"}, {"geometry": {"coordinates": [11.66847, 47.97275], "type": "Point"}, "properties": {"oid": "8036BG015134"}, "type": "Feature"}, {"geometry": {"coordinates": [9.54608, 49.78072], "type": "Point"}, "properties": {"oid": "6223BG015103"}, "type": "Feature"}, {"geometry": {"coordinates": [9.54641, 49.77899], "type": "Point"}, "properties": {"oid": "6223BG015102"}, "type": "Feature"}, {"geometry": {"coordinates": [11.49786, 48.04284], "type": "Point"}, "properties": {"oid": "7934BG015347"}, "type": "Feature"}, {"geometry": {"coordinates": [12.12251, 49.38884], "type": "Point"}, "properties": {"oid": "6638BG015375"}, "type": "Feature"}, {"geometry": {"coordinates": [9.86115, 49.67392], "type": "Point"}, "properties": {"oid": "6325BG016128"}, "type": "Feature"}, {"geometry": {"coordinates": [9.85846, 49.67157], "type": "Point"}, "properties": {"oid": "6325BG016118"}, "type": "Feature"}, {"geometry": {"coordinates": [11.44814, 50.02627], "type": "Point"}, "properties": {"oid": "5934BG015152"}, "type": "Feature"}, {"geometry": {"coordinates": [10.22978, 48.44149], "type": "Point"}, "properties": {"oid": "7527BG015735"}, "type": "Feature"}, {"geometry": {"coordinates": [12.08963, 49.39387], "type": "Point"}, "properties": {"oid": "6638BG015352"}, "type": "Feature"}, {"geometry": {"coordinates": [10.55374, 49.99124], "type": "Point"}, "properties": {"oid": "6029BG015116"}, "type": "Feature"}, {"geometry": {"coordinates": [9.67876, 50.08011], "type": "Point"}, "properties": {"oid": "5924BG015509"}, "type": "Feature"}, {"geometry": {"coordinates": [11.17924, 47.59482], "type": "Point"}, "properties": {"oid": "8433BG015091"}, "type": "Feature"}, {"geometry": {"coordinates": [10.12857, 49.88288], "type": "Point"}, "properties": {"oid": "6126BG015183"}, "type": "Feature"}, {"geometry": {"coordinates": [11.77967, 48.46132], "type": "Point"}, "properties": {"oid": "7536BG015131"}, "type": "Feature"}, {"geometry": {"coordinates": [11.60342, 48.11853], "type": "Point"}, "properties": {"oid": "7835BG015776"}, "type": "Feature"}, {"geometry": {"coordinates": [9.90598, 49.79638], "type": "Point"}, "properties": {"oid": "6225BG017398"}, "type": "Feature"}, {"geometry": {"coordinates": [10.72729, 48.93402], "type": "Point"}, "properties": {"oid": "7030BG015018"}, "type": "Feature"}, {"geometry": {"coordinates": [12.85021, 48.18126], "type": "Point"}, "properties": {"oid": "7843BG015155"}, "type": "Feature"}, {"geometry": {"coordinates": [11.68082, 47.94632], "type": "Point"}, "properties": {"oid": "8036BG015141"}, "type": "Feature"}, {"geometry": {"coordinates": [11.33844, 49.39712], "type": "Point"}, "properties": {"oid": "6634BG015027"}, "type": "Feature"}, {"geometry": {"coordinates": [11.12478, 47.49913], "type": "Point"}, "properties": {"oid": "8532BG015110"}, "type": "Feature"}, {"geometry": {"coordinates": [11.36318, 48.13137], "type": "Point"}, "properties": {"oid": "7834BG015439"}, "type": "Feature"}, {"geometry": {"coordinates": [11.3711, 48.1835], "type": "Point"}, "properties": {"oid": "7834BG015440"}, "type": "Feature"}, {"geometry": {"coordinates": [10.32605, 48.43826], "type": "Point"}, "properties": {"oid": "7527BG015222"}, "type": "Feature"}, {"geometry": {"coordinates": [10.23672, 50.29581], "type": "Point"}, "properties": {"oid": "5727BG015030"}, "type": "Feature"}, {"geometry": {"coordinates": [10.68954, 48.60784], "type": "Point"}, "properties": {"oid": "7330BG015268"}, "type": "Feature"}, {"geometry": {"coordinates": [10.80515, 48.24985], "type": "Point"}, "properties": {"oid": "7730BG015129"}, "type": "Feature"}, {"geometry": {"coordinates": [10.53204, 48.29624], "type": "Point"}, "properties": {"oid": "7729BG015035"}, "type": "Feature"}, {"geometry": {"coordinates": [11.12742, 49.05888], "type": "Point"}, "properties": {"oid": "6932BG015022"}, "type": "Feature"}, {"geometry": {"coordinates": [11.43609, 48.17826], "type": "Point"}, "properties": {"oid": "7834BG015359"}, "type": "Feature"}, {"geometry": {"coordinates": [10.76768, 48.62695], "type": "Point"}, "properties": {"oid": "7330BG015246"}, "type": "Feature"}, {"geometry": {"coordinates": [11.21594, 47.98834], "type": "Point"}, "properties": {"oid": "8033BG015286"}, "type": "Feature"}, {"geometry": {"coordinates": [12.09842, 49.37055], "type": "Point"}, "properties": {"oid": "6638BG000001"}, "type": "Feature"}, {"geometry": {"coordinates": [11.67609, 47.94519], "type": "Point"}, "properties": {"oid": "8036BG015140"}, "type": "Feature"}, {"geometry": {"coordinates": [11.74746, 47.98296], "type": "Point"}, "properties": {"oid": "8036BG015151"}, "type": "Feature"}, {"geometry": {"coordinates": [11.04284, 47.85197], "type": "Point"}, "properties": {"oid": "8132BG015468"}, "type": "Feature"}, {"geometry": {"coordinates": [11.04345, 47.85768], "type": "Point"}, "properties": {"oid": "8132BG015469"}, "type": "Feature"}, {"geometry": {"coordinates": [11.17552, 47.59466], "type": "Point"}, "properties": {"oid": "8433BG015090"}, "type": "Feature"}, {"geometry": {"coordinates": [10.336, 47.71991], "type": "Point"}, "properties": {"oid": "8228BG015193"}, "type": "Feature"}, {"geometry": {"coordinates": [11.33508, 47.9933], "type": "Point"}, "properties": {"oid": "8034BG015620"}, "type": "Feature"}, {"geometry": {"coordinates": [11.39156, 48.08316], "type": "Point"}, "properties": {"oid": "7934BG015261"}, "type": "Feature"}, {"geometry": {"coordinates": [11.07464, 48.09615], "type": "Point"}, "properties": {"oid": "7932BG015377"}, "type": "Feature"}, {"geometry": {"coordinates": [9.4821, 49.97683], "type": "Point"}, "properties": {"oid": "6022BG015111"}, "type": "Feature"}, {"geometry": {"coordinates": [10.35309, 50.17114], "type": "Point"}, "properties": {"oid": "5828BG015010"}, "type": "Feature"}, {"geometry": {"coordinates": [11.17549, 47.93742], "type": "Point"}, "properties": {"oid": "8033BG015325"}, "type": "Feature"}, {"geometry": {"coordinates": [10.76629, 48.62565], "type": "Point"}, "properties": {"oid": "7330BG015247"}, "type": "Feature"}, {"geometry": {"coordinates": [10.61595, 48.39822], "type": "Point"}, "properties": {"oid": "7629BG015082"}, "type": "Feature"}, {"geometry": {"coordinates": [10.60679, 48.35121], "type": "Point"}, "properties": {"oid": "7629BG015078"}, "type": "Feature"}, {"geometry": {"coordinates": [10.66455, 48.28521], "type": "Point"}, "properties": {"oid": "7729BG015049"}, "type": "Feature"}, {"geometry": {"coordinates": [10.64843, 48.30828], "type": "Point"}, "properties": {"oid": "7629BG015116"}, "type": "Feature"}, {"geometry": {"coordinates": [11.54601, 48.12542], "type": "Point"}, "properties": {"oid": "7835BG015735"}, "type": "Feature"}, {"geometry": {"coordinates": [11.80729, 48.01464], "type": "Point"}, "properties": {"oid": "7936BG015229"}, "type": "Feature"}, {"geometry": {"coordinates": [11.58001, 48.12303], "type": "Point"}, "properties": {"oid": "7835BG015738"}, "type": "Feature"}, {"geometry": {"coordinates": [10.32927, 49.14837], "type": "Point"}, "properties": {"oid": "6827BG015040"}, "type": "Feature"}, {"geometry": {"coordinates": [10.34621, 48.47446], "type": "Point"}, "properties": {"oid": "7528BG015526"}, "type": "Feature"}, {"geometry": {"coordinates": [9.82387, 50.00804], "type": "Point"}, "properties": {"oid": "5924BG015521"}, "type": "Feature"}, {"geometry": {"coordinates": [12.64695, 48.64591], "type": "Point"}, "properties": {"oid": "7341BG015105"}, "type": "Feature"}, {"geometry": {"coordinates": [10.99764, 47.46806], "type": "Point"}, "properties": {"oid": "8531BG015011"}, "type": "Feature"}, {"geometry": {"coordinates": [11.5478, 48.36224], "type": "Point"}, "properties": {"oid": "7635BG015070"}, "type": "Feature"}, {"geometry": {"coordinates": [11.60551, 48.12582], "type": "Point"}, "properties": {"oid": "7835BG015722"}, "type": "Feature"}, {"geometry": {"coordinates": [10.29014, 49.76419], "type": "Point"}, "properties": {"oid": "6227BG015513"}, "type": "Feature"}, {"geometry": {"coordinates": [12.14008, 48.25258], "type": "Point"}, "properties": {"oid": "7738BG015104"}, "type": "Feature"}, {"geometry": {"coordinates": [11.60656, 48.19993], "type": "Point"}, "properties": {"oid": "7735BG015585"}, "type": "Feature"}, {"geometry": {"coordinates": [12.14263, 48.26129], "type": "Point"}, "properties": {"oid": "7738BG015105"}, "type": "Feature"}, {"geometry": {"coordinates": [12.14147, 48.24283], "type": "Point"}, "properties": {"oid": "7738BG015103"}, "type": "Feature"}, {"geometry": {"coordinates": [11.41388, 48.00952], "type": "Point"}, "properties": {"oid": "7934BG015319"}, "type": "Feature"}, {"geometry": {"coordinates": [13.26659, 48.5336], "type": "Point"}, "properties": {"oid": "7445BG015095"}, "type": "Feature"}, {"geometry": {"coordinates": [11.8912, 48.29148], "type": "Point"}, "properties": {"oid": "7737BG015272"}, "type": "Feature"}, {"geometry": {"coordinates": [11.74356, 47.96879], "type": "Point"}, "properties": {"oid": "8036BG015145"}, "type": "Feature"}, {"geometry": {"coordinates": [13.22041, 48.34631], "type": "Point"}, "properties": {"oid": "7645BG015361"}, "type": "Feature"}, {"geometry": {"coordinates": [11.61219, 48.13115], "type": "Point"}, "properties": {"oid": "7835BG015749"}, "type": "Feature"}, {"geometry": {"coordinates": [11.80188, 48.32761], "type": "Point"}, "properties": {"oid": "7636BG016804"}, "type": "Feature"}, {"geometry": {"coordinates": [11.70018, 48.59064], "type": "Point"}, "properties": {"oid": "7436BG015029"}, "type": "Feature"}, {"geometry": {"coordinates": [11.54615, 48.12479], "type": "Point"}, "properties": {"oid": "7835BG015733"}, "type": "Feature"}, {"geometry": {"coordinates": [10.40063, 48.51139], "type": "Point"}, "properties": {"oid": "7428BG015376"}, "type": "Feature"}, {"geometry": {"coordinates": [11.59249, 48.17613], "type": "Point"}, "properties": {"oid": "7835BG015725"}, "type": "Feature"}, {"geometry": {"coordinates": [11.60687, 48.12337], "type": "Point"}, "properties": {"oid": "7835BG015724"}, "type": "Feature"}, {"geometry": {"coordinates": [11.53235, 48.13553], "type": "Point"}, "properties": {"oid": "7835BG015727"}, "type": "Feature"}, {"geometry": {"coordinates": [11.60669, 48.12443], "type": "Point"}, "properties": {"oid": "7835BG015732"}, "type": "Feature"}, {"geometry": {"coordinates": [11.60662, 48.12515], "type": "Point"}, "properties": {"oid": "7835BG015731"}, "type": "Feature"}, {"geometry": {"coordinates": [11.60638, 48.12522], "type": "Point"}, "properties": {"oid": "7835BG015730"}, "type": "Feature"}, {"geometry": {"coordinates": [11.18366, 48.95166], "type": "Point"}, "properties": {"oid": "7033BG015001"}, "type": "Feature"}, {"geometry": {"coordinates": [11.76582, 50.01033], "type": "Point"}, "properties": {"oid": "5936BG015076"}, "type": "Feature"}, {"geometry": {"coordinates": [11.884, 48.28798], "type": "Point"}, "properties": {"oid": "7737BG015135"}, "type": "Feature"}, {"geometry": {"coordinates": [11.87106, 48.23965], "type": "Point"}, "properties": {"oid": "7737BG015133"}, "type": "Feature"}, {"geometry": {"coordinates": [10.82382, 48.23801], "type": "Point"}, "properties": {"oid": "7730BG015132"}, "type": "Feature"}, {"geometry": {"coordinates": [10.32265, 47.84413], "type": "Point"}, "properties": {"oid": "8127BG015615"}, "type": "Feature"}, {"geometry": {"coordinates": [11.68397, 48.41049], "type": "Point"}, "properties": {"oid": "7536BG015164"}, "type": "Feature"}, {"geometry": {"coordinates": [11.07477, 48.2942], "type": "Point"}, "properties": {"oid": "7732BG015146"}, "type": "Feature"}, {"geometry": {"coordinates": [12.12356, 49.38804], "type": "Point"}, "properties": {"oid": "6638BG015373"}, "type": "Feature"}, {"geometry": {"coordinates": [10.80167, 49.22546], "type": "Point"}, "properties": {"oid": "6730BG015106"}, "type": "Feature"}, {"geometry": {"coordinates": [11.66291, 50.32231], "type": "Point"}, "properties": {"oid": "5635BG015013"}, "type": "Feature"}, {"geometry": {"coordinates": [11.56396, 48.17846], "type": "Point"}, "properties": {"oid": "7835BG015762"}, "type": "Feature"}, {"geometry": {"coordinates": [13.10597, 48.71059], "type": "Point"}, "properties": {"oid": "7244BG016152"}, "type": "Feature"}, {"geometry": {"coordinates": [11.67276, 48.08156], "type": "Point"}, "properties": {"oid": "7936BG015223"}, "type": "Feature"}, {"geometry": {"coordinates": [10.5508, 48.3772], "type": "Point"}, "properties": {"oid": "7629BG015136"}, "type": "Feature"}, {"geometry": {"coordinates": [12.00637, 48.66988], "type": "Point"}, "properties": {"oid": "7338BG015036"}, "type": "Feature"}, {"geometry": {"coordinates": [11.86923, 48.274], "type": "Point"}, "properties": {"oid": "7737BG015134"}, "type": "Feature"}, {"geometry": {"coordinates": [12.45638, 49.56714], "type": "Point"}, "properties": {"oid": "6440BG015021"}, "type": "Feature"}, {"geometry": {"coordinates": [10.62535, 48.75721], "type": "Point"}, "properties": {"oid": "7229BG015083"}, "type": "Feature"}, {"geometry": {"coordinates": [10.23007, 47.89258], "type": "Point"}, "properties": {"oid": "8127BG015621"}, "type": "Feature"}, {"geometry": {"coordinates": [10.31069, 50.34921], "type": "Point"}, "properties": {"oid": "5627BG015040"}, "type": "Feature"}, {"geometry": {"coordinates": [10.80591, 48.4293], "type": "Point"}, "properties": {"oid": "7530BG015088"}, "type": "Feature"}, {"geometry": {"coordinates": [11.50259, 49.3149], "type": "Point"}, "properties": {"oid": "6635BG015008"}, "type": "Feature"}, {"geometry": {"coordinates": [11.27933, 48.05361], "type": "Point"}, "properties": {"oid": "7933BG015365"}, "type": "Feature"}, {"geometry": {"coordinates": [11.84214, 48.5691], "type": "Point"}, "properties": {"oid": "7437BG015088"}, "type": "Feature"}, {"geometry": {"coordinates": [11.13049, 47.49281], "type": "Point"}, "properties": {"oid": "8532BG015130"}, "type": "Feature"}, {"geometry": {"coordinates": [11.03839, 48.09384], "type": "Point"}, "properties": {"oid": "7932BG015153"}, "type": "Feature"}, {"geometry": {"coordinates": [11.14985, 48.45493], "type": "Point"}, "properties": {"oid": "7532BG015075"}, "type": "Feature"}, {"geometry": {"coordinates": [11.8431, 48.57555], "type": "Point"}, "properties": {"oid": "7437BG015082"}, "type": "Feature"}, {"geometry": {"coordinates": [10.34351, 47.92471], "type": "Point"}, "properties": {"oid": "8028BG015056"}, "type": "Feature"}, {"geometry": {"coordinates": [12.68202, 48.25762], "type": "Point"}, "properties": {"oid": "7742BG015457"}, "type": "Feature"}, {"geometry": {"coordinates": [11.16943, 47.83047], "type": "Point"}, "properties": {"oid": "8133BG015268"}, "type": "Feature"}, {"geometry": {"coordinates": [10.89771, 48.36331], "type": "Point"}, "properties": {"oid": "7631BG015164"}, "type": "Feature"}, {"geometry": {"coordinates": [11.41821, 50.0229], "type": "Point"}, "properties": {"oid": "5934BG015101"}, "type": "Feature"}, {"geometry": {"coordinates": [11.20602, 48.04956], "type": "Point"}, "properties": {"oid": "7933BG015018"}, "type": "Feature"}, {"geometry": {"coordinates": [11.91014, 48.31282], "type": "Point"}, "properties": {"oid": "7637BG015273"}, "type": "Feature"}, {"geometry": {"coordinates": [11.05473, 48.32509], "type": "Point"}, "properties": {"oid": "7632BG015082"}, "type": "Feature"}, {"geometry": {"coordinates": [11.1233, 47.52731], "type": "Point"}, "properties": {"oid": "8432BG015430"}, "type": "Feature"}, {"geometry": {"coordinates": [11.01516, 48.33488], "type": "Point"}, "properties": {"oid": "7632BG015081"}, "type": "Feature"}, {"geometry": {"coordinates": [11.9127, 49.21974], "type": "Point"}, "properties": {"oid": "6737BG015081"}, "type": "Feature"}, {"geometry": {"coordinates": [11.6206, 48.0235], "type": "Point"}, "properties": {"oid": "7935BG015463"}, "type": "Feature"}, {"geometry": {"coordinates": [11.6687, 47.97278], "type": "Point"}, "properties": {"oid": "8036BG015177"}, "type": "Feature"}, {"geometry": {"coordinates": [11.38305, 48.08455], "type": "Point"}, "properties": {"oid": "7934BG015898"}, "type": "Feature"}, {"geometry": {"coordinates": [11.48925, 48.04745], "type": "Point"}, "properties": {"oid": "7934BG015346"}, "type": "Feature"}, {"geometry": {"coordinates": [10.64673, 49.70356], "type": "Point"}, "properties": {"oid": "6229BG015067"}, "type": "Feature"}, {"geometry": {"coordinates": [11.54851, 48.14683], "type": "Point"}, "properties": {"oid": "7835BG015779"}, "type": "Feature"}, {"geometry": {"coordinates": [12.84523, 48.17919], "type": "Point"}, "properties": {"oid": "7843BG015156"}, "type": "Feature"}, {"geometry": {"coordinates": [11.5579, 48.17038], "type": "Point"}, "properties": {"oid": "7835BG015793"}, "type": "Feature"}, {"geometry": {"coordinates": [11.53767, 48.0967], "type": "Point"}, "properties": {"oid": "7935BG015397"}, "type": "Feature"}, {"geometry": {"coordinates": [13.13168, 48.514], "type": "Point"}, "properties": {"oid": "7444BG015172"}, "type": "Feature"}, {"geometry": {"coordinates": [11.5298, 48.16566], "type": "Point"}, "properties": {"oid": "7835BG016884"}, "type": "Feature"}, {"geometry": {"coordinates": [10.7965, 48.27561], "type": "Point"}, "properties": {"oid": "7730BG015196"}, "type": "Feature"}, {"geometry": {"coordinates": [10.65835, 48.09978], "type": "Point"}, "properties": {"oid": "7829BG015070"}, "type": "Feature"}, {"geometry": {"coordinates": [10.69475, 48.61062], "type": "Point"}, "properties": {"oid": "7330BG015273"}, "type": "Feature"}, {"geometry": {"coordinates": [11.55064, 47.5867], "type": "Point"}, "properties": {"oid": "8435BG015012"}, "type": "Feature"}, {"geometry": {"coordinates": [11.84428, 48.3261], "type": "Point"}, "properties": {"oid": "7637BG015152"}, "type": "Feature"}, {"geometry": {"coordinates": [11.53613, 48.67991], "type": "Point"}, "properties": {"oid": "7335BG015116"}, "type": "Feature"}, {"geometry": {"coordinates": [11.43865, 48.25707], "type": "Point"}, "properties": {"oid": "7734BG015266"}, "type": "Feature"}, {"geometry": {"coordinates": [11.55694, 48.18239], "type": "Point"}, "properties": {"oid": "7835BG015759"}, "type": "Feature"}, {"geometry": {"coordinates": [11.54837, 48.14683], "type": "Point"}, "properties": {"oid": "7835BG015780"}, "type": "Feature"}, {"geometry": {"coordinates": [11.46402, 48.13555], "type": "Point"}, "properties": {"oid": "7834BG015446"}, "type": "Feature"}, {"geometry": {"coordinates": [11.58793, 48.1151], "type": "Point"}, "properties": {"oid": "7835BG015960"}, "type": "Feature"}, {"geometry": {"coordinates": [9.03907, 50.0152], "type": "Point"}, "properties": {"oid": "5920BG015515"}, "type": "Feature"}, {"geometry": {"coordinates": [11.66, 48.29878], "type": "Point"}, "properties": {"oid": "7735BG015033"}, "type": "Feature"}, {"geometry": {"coordinates": [10.73259, 48.61044], "type": "Point"}, "properties": {"oid": "7330BG015280"}, "type": "Feature"}, {"geometry": {"coordinates": [10.72791, 48.60972], "type": "Point"}, "properties": {"oid": "7330BG015279"}, "type": "Feature"}, {"geometry": {"coordinates": [9.70579, 49.93389], "type": "Point"}, "properties": {"oid": "6024BG015588"}, "type": "Feature"}, {"geometry": {"coordinates": [11.82033, 47.80448], "type": "Point"}, "properties": {"oid": "8136BG015152"}, "type": "Feature"}, {"geometry": {"coordinates": [11.79553, 47.80057], "type": "Point"}, "properties": {"oid": "8136BG015157"}, "type": "Feature"}, {"geometry": {"coordinates": [11.82076, 47.80004], "type": "Point"}, "properties": {"oid": "8136BG015154"}, "type": "Feature"}, {"geometry": {"coordinates": [11.80227, 47.80131], "type": "Point"}, "properties": {"oid": "8136BG015151"}, "type": "Feature"}, {"geometry": {"coordinates": [11.16835, 48.07942], "type": "Point"}, "properties": {"oid": "7933BG015428"}, "type": "Feature"}, {"geometry": {"coordinates": [11.2864, 48.05422], "type": "Point"}, "properties": {"oid": "7933BG015443"}, "type": "Feature"}, {"geometry": {"coordinates": [10.23462, 50.20317], "type": "Point"}, "properties": {"oid": "5727BG015045"}, "type": "Feature"}, {"geometry": {"coordinates": [12.8481, 48.18677], "type": "Point"}, "properties": {"oid": "7843BG015163"}, "type": "Feature"}, {"geometry": {"coordinates": [11.46282, 48.03758], "type": "Point"}, "properties": {"oid": "7934BG015342"}, "type": "Feature"}, {"geometry": {"coordinates": [10.12081, 50.10881], "type": "Point"}, "properties": {"oid": "5826BG015045"}, "type": "Feature"}, {"geometry": {"coordinates": [11.54587, 48.12524], "type": "Point"}, "properties": {"oid": "7835BG015748"}, "type": "Feature"}, {"geometry": {"coordinates": [12.14156, 50.16916], "type": "Point"}, "properties": {"oid": "5838BG015120"}, "type": "Feature"}, {"geometry": {"coordinates": [10.24428, 49.76884], "type": "Point"}, "properties": {"oid": "6227BG015514"}, "type": "Feature"}, {"geometry": {"coordinates": [11.86186, 48.06045], "type": "Point"}, "properties": {"oid": "7937BG015216"}, "type": "Feature"}, {"geometry": {"coordinates": [11.72124, 47.88936], "type": "Point"}, "properties": {"oid": "8136BG015171"}, "type": "Feature"}, {"geometry": {"coordinates": [10.29239, 50.21143], "type": "Point"}, "properties": {"oid": "5727BG015044"}, "type": "Feature"}, {"geometry": {"coordinates": [12.852, 48.1885], "type": "Point"}, "properties": {"oid": "7843BG015174"}, "type": "Feature"}, {"geometry": {"coordinates": [12.47273, 49.97134], "type": "Point"}, "properties": {"oid": "6040BG015032"}, "type": "Feature"}, {"geometry": {"coordinates": [10.6274, 48.71088], "type": "Point"}, "properties": {"oid": "7229BG015095"}, "type": "Feature"}, {"geometry": {"coordinates": [12.2357, 50.07101], "type": "Point"}, "properties": {"oid": "5939BG015075"}, "type": "Feature"}, {"geometry": {"coordinates": [11.59583, 48.13011], "type": "Point"}, "properties": {"oid": "7835BG016850"}, "type": "Feature"}, {"geometry": {"coordinates": [11.59456, 48.13183], "type": "Point"}, "properties": {"oid": "7835BG016847"}, "type": "Feature"}, {"geometry": {"coordinates": [12.5795, 47.9731], "type": "Point"}, "properties": {"oid": "8041BG015479"}, "type": "Feature"}, {"geometry": {"coordinates": [10.20829, 49.30725], "type": "Point"}, "properties": {"oid": "6627BG015034"}, "type": "Feature"}, {"geometry": {"coordinates": [11.54987, 48.0009], "type": "Point"}, "properties": {"oid": "7935BG015440"}, "type": "Feature"}, {"geometry": {"coordinates": [10.25916, 47.86126], "type": "Point"}, "properties": {"oid": "8127BG015022"}, "type": "Feature"}, {"geometry": {"coordinates": [12.91664, 47.76431], "type": "Point"}, "properties": {"oid": "8243BG015236"}, "type": "Feature"}, {"geometry": {"coordinates": [10.2272, 50.29309], "type": "Point"}, "properties": {"oid": "5727BG015084"}, "type": "Feature"}, {"geometry": {"coordinates": [11.85548, 48.05941], "type": "Point"}, "properties": {"oid": "7937BG015214"}, "type": "Feature"}, {"geometry": {"coordinates": [10.70627, 48.27669], "type": "Point"}, "properties": {"oid": "7730BG015192"}, "type": "Feature"}, {"geometry": {"coordinates": [11.1955, 48.05488], "type": "Point"}, "properties": {"oid": "7933BG015440"}, "type": "Feature"}, {"geometry": {"coordinates": [10.62917, 48.71728], "type": "Point"}, "properties": {"oid": "7229BG015137"}, "type": "Feature"}, {"geometry": {"coordinates": [11.88413, 47.87508], "type": "Point"}, "properties": {"oid": "8137BG015464"}, "type": "Feature"}, {"geometry": {"coordinates": [11.90138, 48.04437], "type": "Point"}, "properties": {"oid": "7937BG015164"}, "type": "Feature"}, {"geometry": {"coordinates": [11.89291, 48.03997], "type": "Point"}, "properties": {"oid": "7937BG015163"}, "type": "Feature"}, {"geometry": {"coordinates": [11.4622, 48.02316], "type": "Point"}, "properties": {"oid": "7934BG015344"}, "type": "Feature"}, {"geometry": {"coordinates": [11.66486, 48.40831], "type": "Point"}, "properties": {"oid": "7535BG015100"}, "type": "Feature"}, {"geometry": {"coordinates": [11.87326, 50.09517], "type": "Point"}, "properties": {"oid": "5937BG015031"}, "type": "Feature"}, {"geometry": {"coordinates": [10.10908, 50.10494], "type": "Point"}, "properties": {"oid": "5826BG015046"}, "type": "Feature"}, {"geometry": {"coordinates": [10.1618, 47.79912], "type": "Point"}, "properties": {"oid": "8126BG015114"}, "type": "Feature"}, {"geometry": {"coordinates": [12.0677, 49.00056], "type": "Point"}, "properties": {"oid": "6938BG016029"}, "type": "Feature"}, {"geometry": {"coordinates": [11.56868, 48.16103], "type": "Point"}, "properties": {"oid": "7835BG015771"}, "type": "Feature"}, {"geometry": {"coordinates": [11.55397, 48.18328], "type": "Point"}, "properties": {"oid": "7835BG015761"}, "type": "Feature"}, {"geometry": {"coordinates": [11.55328, 48.14782], "type": "Point"}, "properties": {"oid": "7835BG015741"}, "type": "Feature"}, {"geometry": {"coordinates": [11.28967, 48.17516], "type": "Point"}, "properties": {"oid": "7833BG015020"}, "type": "Feature"}, {"geometry": {"coordinates": [11.55694, 48.18194], "type": "Point"}, "properties": {"oid": "7835BG015758"}, "type": "Feature"}, {"geometry": {"coordinates": [11.55949, 48.18204], "type": "Point"}, "properties": {"oid": "7835BG015760"}, "type": "Feature"}, {"geometry": {"coordinates": [11.58549, 48.14284], "type": "Point"}, "properties": {"oid": "7835BG015752"}, "type": "Feature"}, {"geometry": {"coordinates": [11.5575, 48.14983], "type": "Point"}, "properties": {"oid": "7835BG015739"}, "type": "Feature"}, {"geometry": {"coordinates": [11.6125, 48.19707], "type": "Point"}, "properties": {"oid": "7835BG018695"}, "type": "Feature"}, {"geometry": {"coordinates": [12.73658, 48.36382], "type": "Point"}, "properties": {"oid": "7642BG000021"}, "type": "Feature"}, {"geometry": {"coordinates": [12.33117, 48.54506], "type": "Point"}, "properties": {"oid": "7439BG015421"}, "type": "Feature"}, {"geometry": {"coordinates": [11.74137, 50.3051], "type": "Point"}, "properties": {"oid": "5636BG000160"}, "type": "Feature"}, {"geometry": {"coordinates": [11.53775, 47.99401], "type": "Point"}, "properties": {"oid": "8035BG015141"}, "type": "Feature"}, {"geometry": {"coordinates": [11.56916, 48.26464], "type": "Point"}, "properties": {"oid": "7735BG016624"}, "type": "Feature"}, {"geometry": {"coordinates": [12.32831, 49.95842], "type": "Point"}, "properties": {"oid": "6039BG015181"}, "type": "Feature"}, {"geometry": {"coordinates": [11.53604, 48.14373], "type": "Point"}, "properties": {"oid": "7835BG015753"}, "type": "Feature"}, {"geometry": {"coordinates": [11.22866, 47.7864], "type": "Point"}, "properties": {"oid": "8233BG015612"}, "type": "Feature"}, {"geometry": {"coordinates": [10.15051, 50.12397], "type": "Point"}, "properties": {"oid": "5826BG015048"}, "type": "Feature"}, {"geometry": {"coordinates": [11.57756, 48.13885], "type": "Point"}, "properties": {"oid": "7835BG017002"}, "type": "Feature"}, {"geometry": {"coordinates": [11.07535, 48.52042], "type": "Point"}, "properties": {"oid": "7432BG015102"}, "type": "Feature"}, {"geometry": {"coordinates": [12.3368, 49.46315], "type": "Point"}, "properties": {"oid": "6540BG015013"}, "type": "Feature"}, {"geometry": {"coordinates": [10.49423, 48.49137], "type": "Point"}, "properties": {"oid": "7528BG015535"}, "type": "Feature"}, {"geometry": {"coordinates": [12.96151, 48.42468], "type": "Point"}, "properties": {"oid": "7543BG015208"}, "type": "Feature"}, {"geometry": {"coordinates": [10.33601, 50.21318], "type": "Point"}, "properties": {"oid": "5728BG015024"}, "type": "Feature"}, {"geometry": {"coordinates": [11.42681, 48.22646], "type": "Point"}, "properties": {"oid": "7734BG015305"}, "type": "Feature"}, {"geometry": {"coordinates": [12.84852, 48.18518], "type": "Point"}, "properties": {"oid": "7843BG015164"}, "type": "Feature"}, {"geometry": {"coordinates": [10.128, 49.76932], "type": "Point"}, "properties": {"oid": "6226BG015574"}, "type": "Feature"}, {"geometry": {"coordinates": [9.03852, 50.0155], "type": "Point"}, "properties": {"oid": "5920BG015517"}, "type": "Feature"}, {"geometry": {"coordinates": [11.50796, 48.01901], "type": "Point"}, "properties": {"oid": "7935BG015425"}, "type": "Feature"}, {"geometry": {"coordinates": [12.64743, 48.10073], "type": "Point"}, "properties": {"oid": "7841BG015325"}, "type": "Feature"}, {"geometry": {"coordinates": [11.10467, 48.46637], "type": "Point"}, "properties": {"oid": "7532BG015208"}, "type": "Feature"}, {"geometry": {"coordinates": [11.16199, 47.57929], "type": "Point"}, "properties": {"oid": "8432BG015427"}, "type": "Feature"}, {"geometry": {"coordinates": [11.55111, 48.1281], "type": "Point"}, "properties": {"oid": "7835BG019417"}, "type": "Feature"}, {"geometry": {"coordinates": [10.8108, 48.26507], "type": "Point"}, "properties": {"oid": "7730BG015197"}, "type": "Feature"}, {"geometry": {"coordinates": [11.74139, 47.92263], "type": "Point"}, "properties": {"oid": "8036BG015233"}, "type": "Feature"}, {"geometry": {"coordinates": [10.63547, 48.7052], "type": "Point"}, "properties": {"oid": "7229BG015123"}, "type": "Feature"}, {"geometry": {"coordinates": [11.15327, 47.57581], "type": "Point"}, "properties": {"oid": "8432BG015425"}, "type": "Feature"}, {"geometry": {"coordinates": [11.24409, 48.38931], "type": "Point"}, "properties": {"oid": "7633BG015012"}, "type": "Feature"}, {"geometry": {"coordinates": [12.84764, 48.18295], "type": "Point"}, "properties": {"oid": "7843BG015159"}, "type": "Feature"}, {"geometry": {"coordinates": [12.83924, 48.18327], "type": "Point"}, "properties": {"oid": "7843BG015218"}, "type": "Feature"}, {"geometry": {"coordinates": [11.26847, 48.23141], "type": "Point"}, "properties": {"oid": "7733BG015019"}, "type": "Feature"}, {"geometry": {"coordinates": [10.19154, 50.01319], "type": "Point"}, "properties": {"oid": "5927BG015512"}, "type": "Feature"}, {"geometry": {"coordinates": [10.62786, 48.71073], "type": "Point"}, "properties": {"oid": "7229BG015082"}, "type": "Feature"}, {"geometry": {"coordinates": [10.58601, 47.81311], "type": "Point"}, "properties": {"oid": "8129BG015373"}, "type": "Feature"}, {"geometry": {"coordinates": [11.42261, 49.00103], "type": "Point"}, "properties": {"oid": "6934BG015355"}, "type": "Feature"}, {"geometry": {"coordinates": [10.9972, 48.88526], "type": "Point"}, "properties": {"oid": "7131BG015026"}, "type": "Feature"}, {"geometry": {"coordinates": [12.85034, 48.18146], "type": "Point"}, "properties": {"oid": "7843BG015179"}, "type": "Feature"}, {"geometry": {"coordinates": [10.63583, 48.70536], "type": "Point"}, "properties": {"oid": "7229BG015126"}, "type": "Feature"}, {"geometry": {"coordinates": [11.55141, 48.14099], "type": "Point"}, "properties": {"oid": "7835BG018731"}, "type": "Feature"}, {"geometry": {"coordinates": [10.99368, 47.91955], "type": "Point"}, "properties": {"oid": "8031BG015289"}, "type": "Feature"}, {"geometry": {"coordinates": [11.38679, 48.73776], "type": "Point"}, "properties": {"oid": "7234BG015540"}, "type": "Feature"}, {"geometry": {"coordinates": [12.5796, 47.97308], "type": "Point"}, "properties": {"oid": "8041BG015480"}, "type": "Feature"}, {"geometry": {"coordinates": [12.08374, 49.033], "type": "Point"}, "properties": {"oid": "6938BG017016"}, "type": "Feature"}, {"geometry": {"coordinates": [11.90084, 48.83805], "type": "Point"}, "properties": {"oid": "7137BG015244"}, "type": "Feature"}, {"geometry": {"coordinates": [11.87645, 48.85254], "type": "Point"}, "properties": {"oid": "7137BG015245"}, "type": "Feature"}, {"geometry": {"coordinates": [12.18299, 48.16913], "type": "Point"}, "properties": {"oid": "7839BG015132"}, "type": "Feature"}, {"geometry": {"coordinates": [12.84967, 48.18501], "type": "Point"}, "properties": {"oid": "7843BG015170"}, "type": "Feature"}, {"geometry": {"coordinates": [12.25983, 47.84031], "type": "Point"}, "properties": {"oid": "8139BG015121"}, "type": "Feature"}, {"geometry": {"coordinates": [10.2105, 49.30306], "type": "Point"}, "properties": {"oid": "6627BG015058"}, "type": "Feature"}, {"geometry": {"coordinates": [10.59849, 48.72496], "type": "Point"}, "properties": {"oid": "7229BG015115"}, "type": "Feature"}, {"geometry": {"coordinates": [11.49024, 48.46214], "type": "Point"}, "properties": {"oid": "7534BG015044"}, "type": "Feature"}, {"geometry": {"coordinates": [10.9083, 49.53063], "type": "Point"}, "properties": {"oid": "6431BG015621"}, "type": "Feature"}, {"geometry": {"coordinates": [11.82025, 47.80223], "type": "Point"}, "properties": {"oid": "8136BG015153"}, "type": "Feature"}, {"geometry": {"coordinates": [11.78866, 47.88276], "type": "Point"}, "properties": {"oid": "8136BG015172"}, "type": "Feature"}, {"geometry": {"coordinates": [12.03504, 49.84261], "type": "Point"}, "properties": {"oid": "6138BG015151"}, "type": "Feature"}, {"geometry": {"coordinates": [11.3225, 50.27603], "type": "Point"}, "properties": {"oid": "5733BG015029"}, "type": "Feature"}, {"geometry": {"coordinates": [12.83656, 48.18375], "type": "Point"}, "properties": {"oid": "7843BG015216"}, "type": "Feature"}, {"geometry": {"coordinates": [11.51767, 47.99231], "type": "Point"}, "properties": {"oid": "8035BG015128"}, "type": "Feature"}, {"geometry": {"coordinates": [12.64561, 48.09966], "type": "Point"}, "properties": {"oid": "7841BG015287"}, "type": "Feature"}, {"geometry": {"coordinates": [11.57384, 48.2618], "type": "Point"}, "properties": {"oid": "7735BG015849"}, "type": "Feature"}, {"geometry": {"coordinates": [11.27983, 48.01551], "type": "Point"}, "properties": {"oid": "7933BG015436"}, "type": "Feature"}, {"geometry": {"coordinates": [11.33195, 48.0115], "type": "Point"}, "properties": {"oid": "7933BG015476"}, "type": "Feature"}, {"geometry": {"coordinates": [10.62775, 48.70167], "type": "Point"}, "properties": {"oid": "7229BG015141"}, "type": "Feature"}, {"geometry": {"coordinates": [11.00574, 49.33071], "type": "Point"}, "properties": {"oid": "6632BG015555"}, "type": "Feature"}, {"geometry": {"coordinates": [12.83621, 48.18265], "type": "Point"}, "properties": {"oid": "7843BG015215"}, "type": "Feature"}, {"geometry": {"coordinates": [12.70217, 48.0417], "type": "Point"}, "properties": {"oid": "7942BG015271"}, "type": "Feature"}, {"geometry": {"coordinates": [10.45342, 48.06736], "type": "Point"}, "properties": {"oid": "7928BG015129"}, "type": "Feature"}, {"geometry": {"coordinates": [10.8506, 49.70676], "type": "Point"}, "properties": {"oid": "6231BG015068"}, "type": "Feature"}, {"geometry": {"coordinates": [11.17744, 48.00574], "type": "Point"}, "properties": {"oid": "7933BG015420"}, "type": "Feature"}, {"geometry": {"coordinates": [10.55269, 49.13905], "type": "Point"}, "properties": {"oid": "6829BG015149"}, "type": "Feature"}, {"geometry": {"coordinates": [12.00348, 48.64701], "type": "Point"}, "properties": {"oid": "7338BG015067"}, "type": "Feature"}, {"geometry": {"coordinates": [12.83226, 48.18361], "type": "Point"}, "properties": {"oid": "7843BG015221"}, "type": "Feature"}, {"geometry": {"coordinates": [12.84768, 48.18398], "type": "Point"}, "properties": {"oid": "7843BG015176"}, "type": "Feature"}, {"geometry": {"coordinates": [12.26559, 48.76984], "type": "Point"}, "properties": {"oid": "7239BG015160"}, "type": "Feature"}, {"geometry": {"coordinates": [12.84885, 48.18516], "type": "Point"}, "properties": {"oid": "7843BG015171"}, "type": "Feature"}, {"geometry": {"coordinates": [10.93165, 47.75463], "type": "Point"}, "properties": {"oid": "8231BG015257"}, "type": "Feature"}, {"geometry": {"coordinates": [9.18496, 49.83538], "type": "Point"}, "properties": {"oid": "6121BG015087"}, "type": "Feature"}, {"geometry": {"coordinates": [9.94539, 50.18902], "type": "Point"}, "properties": {"oid": "5825BG015063"}, "type": "Feature"}, {"geometry": {"coordinates": [11.07591, 48.169], "type": "Point"}, "properties": {"oid": "7832BG015349"}, "type": "Feature"}, {"geometry": {"coordinates": [11.49124, 48.23158], "type": "Point"}, "properties": {"oid": "7734BG015541"}, "type": "Feature"}, {"geometry": {"coordinates": [11.41909, 50.42753], "type": "Point"}, "properties": {"oid": "5534BG015004"}, "type": "Feature"}, {"geometry": {"coordinates": [12.71986, 47.99716], "type": "Point"}, "properties": {"oid": "8042BG015152"}, "type": "Feature"}, {"geometry": {"coordinates": [12.84872, 48.1814], "type": "Point"}, "properties": {"oid": "7843BG015167"}, "type": "Feature"}, {"geometry": {"coordinates": [11.47361, 48.22997], "type": "Point"}, "properties": {"oid": "7734BG015424"}, "type": "Feature"}, {"geometry": {"coordinates": [11.82381, 47.79977], "type": "Point"}, "properties": {"oid": "8136BG015156"}, "type": "Feature"}, {"geometry": {"coordinates": [12.84614, 48.18532], "type": "Point"}, "properties": {"oid": "7843BG015158"}, "type": "Feature"}, {"geometry": {"coordinates": [10.29327, 48.45941], "type": "Point"}, "properties": {"oid": "7527BG015574"}, "type": "Feature"}, {"geometry": {"coordinates": [11.5095, 48.00601], "type": "Point"}, "properties": {"oid": "7935BG015422"}, "type": "Feature"}, {"geometry": {"coordinates": [12.03506, 49.8426], "type": "Point"}, "properties": {"oid": "6138BG015145"}, "type": "Feature"}, {"geometry": {"coordinates": [11.43322, 48.25585], "type": "Point"}, "properties": {"oid": "7734BG015416"}, "type": "Feature"}, {"geometry": {"coordinates": [11.44015, 48.26454], "type": "Point"}, "properties": {"oid": "7734BG015423"}, "type": "Feature"}, {"geometry": {"coordinates": [9.18848, 49.83333], "type": "Point"}, "properties": {"oid": "6121BG015090"}, "type": "Feature"}, {"geometry": {"coordinates": [10.25409, 47.85704], "type": "Point"}, "properties": {"oid": "8127BG015023"}, "type": "Feature"}, {"geometry": {"coordinates": [11.01582, 49.65547], "type": "Point"}, "properties": {"oid": "6332BG015148"}, "type": "Feature"}, {"geometry": {"coordinates": [11.70533, 47.84003], "type": "Point"}, "properties": {"oid": "8136BG015158"}, "type": "Feature"}, {"geometry": {"coordinates": [12.84969, 48.18147], "type": "Point"}, "properties": {"oid": "7843BG015172"}, "type": "Feature"}, {"geometry": {"coordinates": [10.55396, 49.13637], "type": "Point"}, "properties": {"oid": "6829BG015150"}, "type": "Feature"}, {"geometry": {"coordinates": [10.20803, 49.30703], "type": "Point"}, "properties": {"oid": "6627BG015037"}, "type": "Feature"}, {"geometry": {"coordinates": [12.82982, 48.19094], "type": "Point"}, "properties": {"oid": "7842BG015341"}, "type": "Feature"}, {"geometry": {"coordinates": [10.21001, 49.30328], "type": "Point"}, "properties": {"oid": "6627BG015057"}, "type": "Feature"}, {"geometry": {"coordinates": [10.21032, 49.30336], "type": "Point"}, "properties": {"oid": "6627BG015056"}, "type": "Feature"}, {"geometry": {"coordinates": [12.84803, 48.18596], "type": "Point"}, "properties": {"oid": "7843BG015157"}, "type": "Feature"}, {"geometry": {"coordinates": [11.69034, 48.41335], "type": "Point"}, "properties": {"oid": "7536BG015342"}, "type": "Feature"}, {"geometry": {"coordinates": [10.21019, 49.30298], "type": "Point"}, "properties": {"oid": "6627BG015059"}, "type": "Feature"}, {"geometry": {"coordinates": [11.70626, 48.42035], "type": "Point"}, "properties": {"oid": "7536BG015343"}, "type": "Feature"}, {"geometry": {"coordinates": [12.85056, 48.18273], "type": "Point"}, "properties": {"oid": "7843BG015160"}, "type": "Feature"}, {"geometry": {"coordinates": [12.33209, 48.0666], "type": "Point"}, "properties": {"oid": "7940BG015162"}, "type": "Feature"}, {"geometry": {"coordinates": [12.84781, 48.18542], "type": "Point"}, "properties": {"oid": "7843BG015166"}, "type": "Feature"}, {"geometry": {"coordinates": [11.40512, 48.13852], "type": "Point"}, "properties": {"oid": "7834BG015618"}, "type": "Feature"}, {"geometry": {"coordinates": [10.58009, 49.62357], "type": "Point"}, "properties": {"oid": "6329BG015063"}, "type": "Feature"}, {"geometry": {"coordinates": [11.30128, 48.18437], "type": "Point"}, "properties": {"oid": "7833BG015405"}, "type": "Feature"}, {"geometry": {"coordinates": [11.45049, 48.13265], "type": "Point"}, "properties": {"oid": "7834BG015647"}, "type": "Feature"}, {"geometry": {"coordinates": [12.84355, 48.18283], "type": "Point"}, "properties": {"oid": "7843BG015212"}, "type": "Feature"}, {"geometry": {"coordinates": [12.84353, 48.18553], "type": "Point"}, "properties": {"oid": "7843BG015173"}, "type": "Feature"}, {"geometry": {"coordinates": [11.43712, 48.17706], "type": "Point"}, "properties": {"oid": "7834BG015612"}, "type": "Feature"}, {"geometry": {"coordinates": [11.30269, 48.0894], "type": "Point"}, "properties": {"oid": "7933BG015444"}, "type": "Feature"}, {"geometry": {"coordinates": [11.39799, 48.25038], "type": "Point"}, "properties": {"oid": "7734BG015414"}, "type": "Feature"}, {"geometry": {"coordinates": [11.47878, 48.12424], "type": "Point"}, "properties": {"oid": "7834BG015444"}, "type": "Feature"}, {"geometry": {"coordinates": [12.85124, 48.18191], "type": "Point"}, "properties": {"oid": "7843BG015168"}, "type": "Feature"}, {"geometry": {"coordinates": [12.25725, 47.83927], "type": "Point"}, "properties": {"oid": "8139BG015133"}, "type": "Feature"}, {"geometry": {"coordinates": [11.80281, 50.3807], "type": "Point"}, "properties": {"oid": "5636BG015065"}, "type": "Feature"}, {"geometry": {"coordinates": [10.61575, 48.70781], "type": "Point"}, "properties": {"oid": "7229BG015138"}, "type": "Feature"}, {"geometry": {"coordinates": [11.46108, 49.2868], "type": "Point"}, "properties": {"oid": "6734BG015089"}, "type": "Feature"}, {"geometry": {"coordinates": [11.61864, 47.92993], "type": "Point"}, "properties": {"oid": "8035BG015131"}, "type": "Feature"}, {"geometry": {"coordinates": [11.64434, 47.93882], "type": "Point"}, "properties": {"oid": "8035BG015132"}, "type": "Feature"}, {"geometry": {"coordinates": [12.08735, 49.18936], "type": "Point"}, "properties": {"oid": "6838BG015163"}, "type": "Feature"}, {"geometry": {"coordinates": [10.88124, 49.8696], "type": "Point"}, "properties": {"oid": "6131BG015057"}, "type": "Feature"}, {"geometry": {"coordinates": [12.84925, 48.18403], "type": "Point"}, "properties": {"oid": "7843BG015191"}, "type": "Feature"}, {"geometry": {"coordinates": [13.14793, 48.34167], "type": "Point"}, "properties": {"oid": "7644BG015059"}, "type": "Feature"}, {"geometry": {"coordinates": [11.14552, 47.92802], "type": "Point"}, "properties": {"oid": "8032BG015257"}, "type": "Feature"}, {"geometry": {"coordinates": [12.84912, 48.18383], "type": "Point"}, "properties": {"oid": "7843BG015223"}, "type": "Feature"}, {"geometry": {"coordinates": [10.73325, 48.8579], "type": "Point"}, "properties": {"oid": "7130BG015188"}, "type": "Feature"}, {"geometry": {"coordinates": [11.61453, 48.062], "type": "Point"}, "properties": {"oid": "7935BG015546"}, "type": "Feature"}, {"geometry": {"coordinates": [12.00356, 48.64702], "type": "Point"}, "properties": {"oid": "7338BG015068"}, "type": "Feature"}, {"geometry": {"coordinates": [10.97769, 47.97274], "type": "Point"}, "properties": {"oid": "8031BG015300"}, "type": "Feature"}, {"geometry": {"coordinates": [10.75811, 48.62235], "type": "Point"}, "properties": {"oid": "7330BG015316"}, "type": "Feature"}, {"geometry": {"coordinates": [9.02932, 49.93835], "type": "Point"}, "properties": {"oid": "6020BG015590"}, "type": "Feature"}, {"geometry": {"coordinates": [12.41307, 48.14113], "type": "Point"}, "properties": {"oid": "7840BG015265"}, "type": "Feature"}, {"geometry": {"coordinates": [12.12038, 47.89636], "type": "Point"}, "properties": {"oid": "8138BG016063"}, "type": "Feature"}, {"geometry": {"coordinates": [11.4055, 48.15616], "type": "Point"}, "properties": {"oid": "7834BG015680"}, "type": "Feature"}, {"geometry": {"coordinates": [11.59447, 48.13117], "type": "Point"}, "properties": {"oid": "7835BG017053"}, "type": "Feature"}, {"geometry": {"coordinates": [12.00871, 48.66081], "type": "Point"}, "properties": {"oid": "7338BG015073"}, "type": "Feature"}, {"geometry": {"coordinates": [11.80775, 48.16494], "type": "Point"}, "properties": {"oid": "7836BG015805"}, "type": "Feature"}, {"geometry": {"coordinates": [12.84802, 48.17956], "type": "Point"}, "properties": {"oid": "7843BG015219"}, "type": "Feature"}, {"geometry": {"coordinates": [11.55509, 48.14094], "type": "Point"}, "properties": {"oid": "7835BG016904"}, "type": "Feature"}, {"geometry": {"coordinates": [12.85097, 48.18483], "type": "Point"}, "properties": {"oid": "7843BG015165"}, "type": "Feature"}, {"geometry": {"coordinates": [11.94836, 49.3472], "type": "Point"}, "properties": {"oid": "6637BG015004"}, "type": "Feature"}, {"geometry": {"coordinates": [10.74903, 48.60969], "type": "Point"}, "properties": {"oid": "7330BG015329"}, "type": "Feature"}, {"geometry": {"coordinates": [11.58718, 48.12938], "type": "Point"}, "properties": {"oid": "7835BG016688"}, "type": "Feature"}, {"geometry": {"coordinates": [12.36023, 48.12205], "type": "Point"}, "properties": {"oid": "7840BG015268"}, "type": "Feature"}, {"geometry": {"coordinates": [12.36023, 48.12205], "type": "Point"}, "properties": {"oid": "7840BG015267"}, "type": "Feature"}, {"geometry": {"coordinates": [12.35125, 48.15124], "type": "Point"}, "properties": {"oid": "7840BG015257"}, "type": "Feature"}, {"geometry": {"coordinates": [10.6167, 48.72246], "type": "Point"}, "properties": {"oid": "7229BG015142"}, "type": "Feature"}, {"geometry": {"coordinates": [9.09725, 50.12002], "type": "Point"}, "properties": {"oid": "5820BG015016"}, "type": "Feature"}, {"geometry": {"coordinates": [9.09537, 50.11605], "type": "Point"}, "properties": {"oid": "5820BG015015"}, "type": "Feature"}, {"geometry": {"coordinates": [12.2656, 48.76975], "type": "Point"}, "properties": {"oid": "7239BG015161"}, "type": "Feature"}, {"geometry": {"coordinates": [12.34932, 48.15508], "type": "Point"}, "properties": {"oid": "7840BG015258"}, "type": "Feature"}, {"geometry": {"coordinates": [11.59368, 48.13358], "type": "Point"}, "properties": {"oid": "7835BG017049"}, "type": "Feature"}, {"geometry": {"coordinates": [11.86569, 48.04447], "type": "Point"}, "properties": {"oid": "7937BG015219"}, "type": "Feature"}, {"geometry": {"coordinates": [10.48846, 50.1822], "type": "Point"}, "properties": {"oid": "5828BG015006"}, "type": "Feature"}, {"geometry": {"coordinates": [12.84286, 48.18702], "type": "Point"}, "properties": {"oid": "7843BG015214"}, "type": "Feature"}, {"geometry": {"coordinates": [11.14467, 47.92809], "type": "Point"}, "properties": {"oid": "8032BG015255"}, "type": "Feature"}, {"geometry": {"coordinates": [11.76713, 48.09681], "type": "Point"}, "properties": {"oid": "7936BG015281"}, "type": "Feature"}, {"geometry": {"coordinates": [12.14841, 48.23233], "type": "Point"}, "properties": {"oid": "7738BG015166"}, "type": "Feature"}, {"geometry": {"coordinates": [12.14481, 47.70731], "type": "Point"}, "properties": {"oid": "8238BG015486"}, "type": "Feature"}, {"geometry": {"coordinates": [9.21585, 49.73948], "type": "Point"}, "properties": {"oid": "6221BG015274"}, "type": "Feature"}, {"geometry": {"coordinates": [10.95159, 48.96356], "type": "Point"}, "properties": {"oid": "7031BG015104"}, "type": "Feature"}, {"geometry": {"coordinates": [10.92298, 47.74366], "type": "Point"}, "properties": {"oid": "8231BG015255"}, "type": "Feature"}, {"geometry": {"coordinates": [10.56904, 50.30989], "type": "Point"}, "properties": {"oid": "5629BG015015"}, "type": "Feature"}, {"geometry": {"coordinates": [11.41372, 48.12078], "type": "Point"}, "properties": {"oid": "7834BG015646"}, "type": "Feature"}, {"geometry": {"coordinates": [11.59706, 48.12924], "type": "Point"}, "properties": {"oid": "7835BG016857"}, "type": "Feature"}, {"geometry": {"coordinates": [11.79929, 50.39408], "type": "Point"}, "properties": {"oid": "5636BG015066"}, "type": "Feature"}, {"geometry": {"coordinates": [11.8016, 50.39445], "type": "Point"}, "properties": {"oid": "5636BG015067"}, "type": "Feature"}, {"geometry": {"coordinates": [11.45015, 48.20891], "type": "Point"}, "properties": {"oid": "7734BG015425"}, "type": "Feature"}, {"geometry": {"coordinates": [12.07186, 49.33844], "type": "Point"}, "properties": {"oid": "6638BG000727"}, "type": "Feature"}, {"geometry": {"coordinates": [11.26162, 49.45542], "type": "Point"}, "properties": {"oid": "6533BG015270"}, "type": "Feature"}, {"geometry": {"coordinates": [13.03891, 48.5273], "type": "Point"}, "properties": {"oid": "7444BG015177"}, "type": "Feature"}, {"geometry": {"coordinates": [11.59367, 48.13358], "type": "Point"}, "properties": {"oid": "7835BG016845"}, "type": "Feature"}, {"geometry": {"coordinates": [11.59367, 48.13358], "type": "Point"}, "properties": {"oid": "7835BG016970"}, "type": "Feature"}, {"geometry": {"coordinates": [11.28221, 48.54297], "type": "Point"}, "properties": {"oid": "7433BG015190"}, "type": "Feature"}, {"geometry": {"coordinates": [12.84773, 48.18056], "type": "Point"}, "properties": {"oid": "7843BG015175"}, "type": "Feature"}, {"geometry": {"coordinates": [12.84433, 48.18419], "type": "Point"}, "properties": {"oid": "7843BG015213"}, "type": "Feature"}, {"geometry": {"coordinates": [12.85148, 48.18301], "type": "Point"}, "properties": {"oid": "7843BG015220"}, "type": "Feature"}, {"geometry": {"coordinates": [12.85202, 48.18409], "type": "Point"}, "properties": {"oid": "7843BG015193"}, "type": "Feature"}, {"geometry": {"coordinates": [12.85128, 48.18415], "type": "Point"}, "properties": {"oid": "7843BG015192"}, "type": "Feature"}, {"geometry": {"coordinates": [12.84768, 48.18424], "type": "Point"}, "properties": {"oid": "7843BG015183"}, "type": "Feature"}, {"geometry": {"coordinates": [11.57379, 48.2617], "type": "Point"}, "properties": {"oid": "7735BG016031"}, "type": "Feature"}, {"geometry": {"coordinates": [10.64529, 48.70986], "type": "Point"}, "properties": {"oid": "7229BG015139"}, "type": "Feature"}, {"geometry": {"coordinates": [12.48518, 48.52023], "type": "Point"}, "properties": {"oid": "7440BG015102"}, "type": "Feature"}, {"geometry": {"coordinates": [12.33906, 48.10745], "type": "Point"}, "properties": {"oid": "7840BG015254"}, "type": "Feature"}, {"geometry": {"coordinates": [12.2161, 47.76573], "type": "Point"}, "properties": {"oid": "8239BG015057"}, "type": "Feature"}, {"geometry": {"coordinates": [11.69643, 48.02728], "type": "Point"}, "properties": {"oid": "7936BG015279"}, "type": "Feature"}, {"geometry": {"coordinates": [12.67467, 48.28697], "type": "Point"}, "properties": {"oid": "7742BG015463"}, "type": "Feature"}, {"geometry": {"coordinates": [10.66568, 49.78582], "type": "Point"}, "properties": {"oid": "6230BG015150"}, "type": "Feature"}, {"geometry": {"coordinates": [12.33533, 48.1088], "type": "Point"}, "properties": {"oid": "7840BG015253"}, "type": "Feature"}, {"geometry": {"coordinates": [12.17348, 47.88254], "type": "Point"}, "properties": {"oid": "8139BG015156"}, "type": "Feature"}, {"geometry": {"coordinates": [11.97123, 49.44363], "type": "Point"}, "properties": {"oid": "6537BG015287"}, "type": "Feature"}, {"geometry": {"coordinates": [12.33607, 48.10402], "type": "Point"}, "properties": {"oid": "7840BG015255"}, "type": "Feature"}, {"geometry": {"coordinates": [12.83177, 48.18816], "type": "Point"}, "properties": {"oid": "7842BG015361"}, "type": "Feature"}, {"geometry": {"coordinates": [11.16368, 47.87866], "type": "Point"}, "properties": {"oid": "8132BG015518"}, "type": "Feature"}, {"geometry": {"coordinates": [11.43697, 48.17699], "type": "Point"}, "properties": {"oid": "7834BG015596"}, "type": "Feature"}, {"geometry": {"coordinates": [9.76637, 49.72607], "type": "Point"}, "properties": {"oid": "6224BG015175"}, "type": "Feature"}, {"geometry": {"coordinates": [11.43731, 48.17719], "type": "Point"}, "properties": {"oid": "7834BG015558"}, "type": "Feature"}, {"geometry": {"coordinates": [10.39611, 49.77752], "type": "Point"}, "properties": {"oid": "6228BG015377"}, "type": "Feature"}, {"geometry": {"coordinates": [11.86093, 48.04302], "type": "Point"}, "properties": {"oid": "7937BG015220"}, "type": "Feature"}, {"geometry": {"coordinates": [9.54335, 50.14453], "type": "Point"}, "properties": {"oid": "5823BG015078"}, "type": "Feature"}, {"geometry": {"coordinates": [9.67205, 49.79258], "type": "Point"}, "properties": {"oid": "6224BG015188"}, "type": "Feature"}, {"geometry": {"coordinates": [11.9884, 48.04856], "type": "Point"}, "properties": {"oid": "7937BG015230"}, "type": "Feature"}, {"geometry": {"coordinates": [12.05046, 48.14766], "type": "Point"}, "properties": {"oid": "7838BG015150"}, "type": "Feature"}, {"geometry": {"coordinates": [13.70522, 48.51967], "type": "Point"}, "properties": {"oid": "7448BG015110"}, "type": "Feature"}, {"geometry": {"coordinates": [13.7076, 48.52037], "type": "Point"}, "properties": {"oid": "7448BG015109"}, "type": "Feature"}, {"geometry": {"coordinates": [11.98917, 48.6627], "type": "Point"}, "properties": {"oid": "7337BG015031"}, "type": "Feature"}, {"geometry": {"coordinates": [11.60415, 48.12794], "type": "Point"}, "properties": {"oid": "7835BG017081"}, "type": "Feature"}, {"geometry": {"coordinates": [11.60415, 48.12794], "type": "Point"}, "properties": {"oid": "7835BG016926"}, "type": "Feature"}, {"geometry": {"coordinates": [13.70796, 48.52019], "type": "Point"}, "properties": {"oid": "7448BG015108"}, "type": "Feature"}, {"geometry": {"coordinates": [13.70805, 48.52048], "type": "Point"}, "properties": {"oid": "7448BG015107"}, "type": "Feature"}, {"geometry": {"coordinates": [13.71277, 48.523], "type": "Point"}, "properties": {"oid": "7448BG015106"}, "type": "Feature"}, {"geometry": {"coordinates": [13.72205, 48.5261], "type": "Point"}, "properties": {"oid": "7448BG015101"}, "type": "Feature"}, {"geometry": {"coordinates": [9.75985, 50.07008], "type": "Point"}, "properties": {"oid": "5924BG015573"}, "type": "Feature"}, {"geometry": {"coordinates": [12.61983, 47.84917], "type": "Point"}, "properties": {"oid": "8141BG015443"}, "type": "Feature"}, {"geometry": {"coordinates": [9.61696, 49.80745], "type": "Point"}, "properties": {"oid": "6123BG015430"}, "type": "Feature"}, {"geometry": {"coordinates": [11.62071, 49.99178], "type": "Point"}, "properties": {"oid": "6035BG015184"}, "type": "Feature"}, {"geometry": {"coordinates": [11.64161, 49.59085], "type": "Point"}, "properties": {"oid": "6435BG000008"}, "type": "Feature"}, {"geometry": {"coordinates": [10.6379, 48.7179], "type": "Point"}, "properties": {"oid": "7229BG015140"}, "type": "Feature"}, {"geometry": {"coordinates": [12.5717, 47.80955], "type": "Point"}, "properties": {"oid": "8141BG015461"}, "type": "Feature"}, {"geometry": {"coordinates": [12.6193, 47.81804], "type": "Point"}, "properties": {"oid": "8141BG015463"}, "type": "Feature"}, {"geometry": {"coordinates": [11.55909, 48.14018], "type": "Point"}, "properties": {"oid": "7835BG017180"}, "type": "Feature"}, {"geometry": {"coordinates": [12.8405, 48.18188], "type": "Point"}, "properties": {"oid": "7843BG015211"}, "type": "Feature"}, {"geometry": {"coordinates": [10.98114, 49.85523], "type": "Point"}, "properties": {"oid": "6131BG015061"}, "type": "Feature"}, {"geometry": {"coordinates": [9.85525, 49.8042], "type": "Point"}, "properties": {"oid": "6125BG015970"}, "type": "Feature"}, {"geometry": {"coordinates": [12.34251, 48.12009], "type": "Point"}, "properties": {"oid": "7840BG015260"}, "type": "Feature"}, {"geometry": {"coordinates": [11.61164, 48.2], "type": "Point"}, "properties": {"oid": "7735BG016020"}, "type": "Feature"}, {"geometry": {"coordinates": [11.49248, 48.24917], "type": "Point"}, "properties": {"oid": "7734BG015436"}, "type": "Feature"}, {"geometry": {"coordinates": [9.09234, 50.10962], "type": "Point"}, "properties": {"oid": "5820BG015014"}, "type": "Feature"}, {"geometry": {"coordinates": [9.06955, 50.01365], "type": "Point"}, "properties": {"oid": "5920BG015417"}, "type": "Feature"}, {"geometry": {"coordinates": [12.03754, 48.15289], "type": "Point"}, "properties": {"oid": "7838BG015147"}, "type": "Feature"}, {"geometry": {"coordinates": [11.238, 48.06053], "type": "Point"}, "properties": {"oid": "7933BG015519"}, "type": "Feature"}, {"geometry": {"coordinates": [10.19503, 49.20635], "type": "Point"}, "properties": {"oid": "6727BG015225"}, "type": "Feature"}, {"geometry": {"coordinates": [11.25881, 48.17916], "type": "Point"}, "properties": {"oid": "7833BG015577"}, "type": "Feature"}, {"geometry": {"coordinates": [11.15741, 48.03232], "type": "Point"}, "properties": {"oid": "7932BG015616"}, "type": "Feature"}, {"geometry": {"coordinates": [11.01682, 48.04232], "type": "Point"}, "properties": {"oid": "7932BG015615"}, "type": "Feature"}, {"geometry": {"coordinates": [11.79972, 50.39682], "type": "Point"}, "properties": {"oid": "5636BG015072"}, "type": "Feature"}, {"geometry": {"coordinates": [11.4609, 49.47946], "type": "Point"}, "properties": {"oid": "6534BG015017"}, "type": "Feature"}, {"geometry": {"coordinates": [10.57133, 49.07349], "type": "Point"}, "properties": {"oid": "6929BG015111"}, "type": "Feature"}, {"geometry": {"coordinates": [11.57557, 48.13866], "type": "Point"}, "properties": {"oid": "7835BG017105"}, "type": "Feature"}, {"geometry": {"coordinates": [11.55335, 48.14197], "type": "Point"}, "properties": {"oid": "7835BG016901"}, "type": "Feature"}, {"geometry": {"coordinates": [11.57312, 48.13899], "type": "Point"}, "properties": {"oid": "7835BG017102"}, "type": "Feature"}, {"geometry": {"coordinates": [11.58647, 48.1352], "type": "Point"}, "properties": {"oid": "7835BG016860"}, "type": "Feature"}, {"geometry": {"coordinates": [11.60619, 48.12873], "type": "Point"}, "properties": {"oid": "7835BG017083"}, "type": "Feature"}, {"geometry": {"coordinates": [11.59707, 48.12924], "type": "Point"}, "properties": {"oid": "7835BG017057"}, "type": "Feature"}, {"geometry": {"coordinates": [11.46462, 49.47957], "type": "Point"}, "properties": {"oid": "6534BG015019"}, "type": "Feature"}, {"geometry": {"coordinates": [11.57605, 48.13911], "type": "Point"}, "properties": {"oid": "7835BG017112"}, "type": "Feature"}, {"geometry": {"coordinates": [11.60411, 48.12792], "type": "Point"}, "properties": {"oid": "7835BG016927"}, "type": "Feature"}, {"geometry": {"coordinates": [11.45995, 47.97118], "type": "Point"}, "properties": {"oid": "8034BG015807"}, "type": "Feature"}, {"geometry": {"coordinates": [11.80898, 50.38314], "type": "Point"}, "properties": {"oid": "5636BG015064"}, "type": "Feature"}, {"geometry": {"coordinates": [11.59537, 48.13114], "type": "Point"}, "properties": {"oid": "7835BG016849"}, "type": "Feature"}, {"geometry": {"coordinates": [11.0598, 49.75349], "type": "Point"}, "properties": {"oid": "6232BG015173"}, "type": "Feature"}, {"geometry": {"coordinates": [11.60526, 48.13511], "type": "Point"}, "properties": {"oid": "7835BG017035"}, "type": "Feature"}, {"geometry": {"coordinates": [10.60828, 47.85934], "type": "Point"}, "properties": {"oid": "8129BG015436"}, "type": "Feature"}, {"geometry": {"coordinates": [10.69255, 49.77761], "type": "Point"}, "properties": {"oid": "6230BG015155"}, "type": "Feature"}, {"geometry": {"coordinates": [10.88214, 49.31524], "type": "Point"}, "properties": {"oid": "6631BG015112"}, "type": "Feature"}, {"geometry": {"coordinates": [11.89563, 47.98271], "type": "Point"}, "properties": {"oid": "8037BG015181"}, "type": "Feature"}, {"geometry": {"coordinates": [11.60088, 48.12829], "type": "Point"}, "properties": {"oid": "7835BG016874"}, "type": "Feature"}, {"geometry": {"coordinates": [11.59447, 48.13117], "type": "Point"}, "properties": {"oid": "7835BG016848"}, "type": "Feature"}, {"geometry": {"coordinates": [11.57454, 48.13856], "type": "Point"}, "properties": {"oid": "7835BG016992"}, "type": "Feature"}, {"geometry": {"coordinates": [11.6033, 48.12851], "type": "Point"}, "properties": {"oid": "7835BG016925"}, "type": "Feature"}, {"geometry": {"coordinates": [11.56733, 48.14024], "type": "Point"}, "properties": {"oid": "7835BG017148"}, "type": "Feature"}, {"geometry": {"coordinates": [11.59495, 48.13566], "type": "Point"}, "properties": {"oid": "7835BG017033"}, "type": "Feature"}, {"geometry": {"coordinates": [11.60266, 48.12795], "type": "Point"}, "properties": {"oid": "7835BG017079"}, "type": "Feature"}, {"geometry": {"coordinates": [11.57116, 48.13946], "type": "Point"}, "properties": {"oid": "7835BG017457"}, "type": "Feature"}, {"geometry": {"coordinates": [11.29235, 50.30311], "type": "Point"}, "properties": {"oid": "5633BG015023"}, "type": "Feature"}, {"geometry": {"coordinates": [13.17967, 48.46475], "type": "Point"}, "properties": {"oid": "7545BG015236"}, "type": "Feature"}, {"geometry": {"coordinates": [12.9857, 48.2943], "type": "Point"}, "properties": {"oid": "7743BG015377"}, "type": "Feature"}, {"geometry": {"coordinates": [9.95803, 49.83795], "type": "Point"}, "properties": {"oid": "6125BG016005"}, "type": "Feature"}, {"geometry": {"coordinates": [11.30705, 48.51067], "type": "Point"}, "properties": {"oid": "7433BG015243"}, "type": "Feature"}, {"geometry": {"coordinates": [12.0291, 50.2916], "type": "Point"}, "properties": {"oid": "5738BG000279"}, "type": "Feature"}, {"geometry": {"coordinates": [11.59455, 48.13182], "type": "Point"}, "properties": {"oid": "7835BG017071"}, "type": "Feature"}, {"geometry": {"coordinates": [10.0814, 49.75368], "type": "Point"}, "properties": {"oid": "6226BG015491"}, "type": "Feature"}, {"geometry": {"coordinates": [11.58944, 48.13675], "type": "Point"}, "properties": {"oid": "7835BG017123"}, "type": "Feature"}, {"geometry": {"coordinates": [12.22559, 48.69737], "type": "Point"}, "properties": {"oid": "7339BG015214"}, "type": "Feature"}, {"geometry": {"coordinates": [11.33967, 49.27951], "type": "Point"}, "properties": {"oid": "6734BG015095"}, "type": "Feature"}, {"geometry": {"coordinates": [9.64931, 50.05659], "type": "Point"}, "properties": {"oid": "5923BG015008"}, "type": "Feature"}, {"geometry": {"coordinates": [9.95368, 49.84244], "type": "Point"}, "properties": {"oid": "6125BG016011"}, "type": "Feature"}, {"geometry": {"coordinates": [11.6017, 48.12825], "type": "Point"}, "properties": {"oid": "7835BG016914"}, "type": "Feature"}, {"geometry": {"coordinates": [12.15973, 47.90225], "type": "Point"}, "properties": {"oid": "8038BG015276"}, "type": "Feature"}, {"geometry": {"coordinates": [11.60619, 48.12873], "type": "Point"}, "properties": {"oid": "7835BG017069"}, "type": "Feature"}, {"geometry": {"coordinates": [12.16866, 47.8844], "type": "Point"}, "properties": {"oid": "8139BG015157"}, "type": "Feature"}, {"geometry": {"coordinates": [12.1838, 47.88853], "type": "Point"}, "properties": {"oid": "8139BG015155"}, "type": "Feature"}, {"geometry": {"coordinates": [11.89409, 48.05373], "type": "Point"}, "properties": {"oid": "7937BG015226"}, "type": "Feature"}, {"geometry": {"coordinates": [11.60619, 48.12873], "type": "Point"}, "properties": {"oid": "7835BG016938"}, "type": "Feature"}, {"geometry": {"coordinates": [11.56, 48.13981], "type": "Point"}, "properties": {"oid": "7835BG017097"}, "type": "Feature"}, {"geometry": {"coordinates": [11.83378, 48.04484], "type": "Point"}, "properties": {"oid": "7937BG015390"}, "type": "Feature"}, {"geometry": {"coordinates": [12.58373, 48.24946], "type": "Point"}, "properties": {"oid": "7741BG015563"}, "type": "Feature"}, {"geometry": {"coordinates": [12.58413, 48.24899], "type": "Point"}, "properties": {"oid": "7741BG015559"}, "type": "Feature"}, {"geometry": {"coordinates": [12.58485, 48.24934], "type": "Point"}, "properties": {"oid": "7741BG015561"}, "type": "Feature"}, {"geometry": {"coordinates": [12.58458, 48.24948], "type": "Point"}, "properties": {"oid": "7741BG015562"}, "type": "Feature"}, {"geometry": {"coordinates": [12.58499, 48.25125], "type": "Point"}, "properties": {"oid": "7741BG015565"}, "type": "Feature"}, {"geometry": {"coordinates": [12.58325, 48.24893], "type": "Point"}, "properties": {"oid": "7741BG015564"}, "type": "Feature"}, {"geometry": {"coordinates": [11.47192, 48.02131], "type": "Point"}, "properties": {"oid": "7934BG015532"}, "type": "Feature"}, {"geometry": {"coordinates": [12.18063, 49.29257], "type": "Point"}, "properties": {"oid": "6739BG015291"}, "type": "Feature"}, {"geometry": {"coordinates": [11.60286, 48.12851], "type": "Point"}, "properties": {"oid": "7835BG017182"}, "type": "Feature"}, {"geometry": {"coordinates": [12.25871, 48.14607], "type": "Point"}, "properties": {"oid": "7839BG015164"}, "type": "Feature"}, {"geometry": {"coordinates": [11.60399, 48.1358], "type": "Point"}, "properties": {"oid": "7835BG017131"}, "type": "Feature"}, {"geometry": {"coordinates": [10.87049, 48.38108], "type": "Point"}, "properties": {"oid": "7631BG017118"}, "type": "Feature"}, {"geometry": {"coordinates": [10.92936, 48.37404], "type": "Point"}, "properties": {"oid": "7631BG017120"}, "type": "Feature"}, {"geometry": {"coordinates": [12.28465, 49.83195], "type": "Point"}, "properties": {"oid": "6139BG000131"}, "type": "Feature"}, {"geometry": {"coordinates": [12.27587, 49.82648], "type": "Point"}, "properties": {"oid": "6139BG000123"}, "type": "Feature"}, {"geometry": {"coordinates": [9.99718, 49.79606], "type": "Point"}, "properties": {"oid": "6225BG018241"}, "type": "Feature"}, {"geometry": {"coordinates": [12.16769, 47.88859], "type": "Point"}, "properties": {"oid": "8139BG015173"}, "type": "Feature"}, {"geometry": {"coordinates": [12.2148, 48.72828], "type": "Point"}, "properties": {"oid": "7239BG015239"}, "type": "Feature"}, {"geometry": {"coordinates": [12.72773, 48.93547], "type": "Point"}, "properties": {"oid": "7042BG000145"}, "type": "Feature"}, {"geometry": {"coordinates": [10.69327, 49.77647], "type": "Point"}, "properties": {"oid": "6230BG015154"}, "type": "Feature"}, {"geometry": {"coordinates": [12.28982, 49.82936], "type": "Point"}, "properties": {"oid": "6139BG000122"}, "type": "Feature"}, {"geometry": {"coordinates": [12.29006, 49.82913], "type": "Point"}, "properties": {"oid": "6139BG000119"}, "type": "Feature"}, {"geometry": {"coordinates": [11.6017, 48.12825], "type": "Point"}, "properties": {"oid": "7835BG017086"}, "type": "Feature"}, {"geometry": {"coordinates": [10.13743, 50.00321], "type": "Point"}, "properties": {"oid": "5926BG015200"}, "type": "Feature"}, {"geometry": {"coordinates": [11.85454, 48.05295], "type": "Point"}, "properties": {"oid": "7937BG015388"}, "type": "Feature"}, {"geometry": {"coordinates": [10.13708, 50.00316], "type": "Point"}, "properties": {"oid": "5926BG015199"}, "type": "Feature"}, {"geometry": {"coordinates": [10.13911, 50.00317], "type": "Point"}, "properties": {"oid": "5926BG015209"}, "type": "Feature"}, {"geometry": {"coordinates": [10.13786, 50.00326], "type": "Point"}, "properties": {"oid": "5926BG015201"}, "type": "Feature"}, {"geometry": {"coordinates": [10.13749, 50.00291], "type": "Point"}, "properties": {"oid": "5926BG015210"}, "type": "Feature"}, {"geometry": {"coordinates": [12.48137, 48.76515], "type": "Point"}, "properties": {"oid": "7240BG015037"}, "type": "Feature"}, {"geometry": {"coordinates": [11.86508, 48.23187], "type": "Point"}, "properties": {"oid": "7737BG015555"}, "type": "Feature"}, {"geometry": {"coordinates": [12.58451, 48.24895], "type": "Point"}, "properties": {"oid": "7741BG015558"}, "type": "Feature"}, {"geometry": {"coordinates": [12.5839, 48.24916], "type": "Point"}, "properties": {"oid": "7741BG015557"}, "type": "Feature"}, {"geometry": {"coordinates": [10.70913, 49.35577], "type": "Point"}, "properties": {"oid": "6630BG015125"}, "type": "Feature"}, {"geometry": {"coordinates": [12.28849, 49.82913], "type": "Point"}, "properties": {"oid": "6139BG000091"}, "type": "Feature"}, {"geometry": {"coordinates": [12.06884, 49.00606], "type": "Point"}, "properties": {"oid": "6938BG016375"}, "type": "Feature"}, {"geometry": {"coordinates": [9.78402, 49.75114], "type": "Point"}, "properties": {"oid": "6224BG015200"}, "type": "Feature"}, {"geometry": {"coordinates": [9.78418, 49.75111], "type": "Point"}, "properties": {"oid": "6224BG015199"}, "type": "Feature"}, {"geometry": {"coordinates": [10.49178, 49.03337], "type": "Point"}, "properties": {"oid": "6928BG015136"}, "type": "Feature"}, {"geometry": {"coordinates": [11.59537, 48.13113], "type": "Point"}, "properties": {"oid": "7835BG017055"}, "type": "Feature"}, {"geometry": {"coordinates": [13.29871, 48.54571], "type": "Point"}, "properties": {"oid": "7445BG015114"}, "type": "Feature"}, {"geometry": {"coordinates": [11.46977, 48.73931], "type": "Point"}, "properties": {"oid": "7234BG015983"}, "type": "Feature"}, {"geometry": {"coordinates": [10.44239, 47.89394], "type": "Point"}, "properties": {"oid": "8128BG015116"}, "type": "Feature"}, {"geometry": {"coordinates": [11.60266, 48.12795], "type": "Point"}, "properties": {"oid": "7835BG016915"}, "type": "Feature"}, {"geometry": {"coordinates": [11.55335, 48.14197], "type": "Point"}, "properties": {"oid": "7835BG017146"}, "type": "Feature"}, {"geometry": {"coordinates": [11.46432, 49.47851], "type": "Point"}, "properties": {"oid": "6534BG015018"}, "type": "Feature"}, {"geometry": {"coordinates": [13.13849, 48.46787], "type": "Point"}, "properties": {"oid": "7544BG015174"}, "type": "Feature"}, {"geometry": {"coordinates": [11.85357, 50.3913], "type": "Point"}, "properties": {"oid": "5637BG015116"}, "type": "Feature"}, {"geometry": {"coordinates": [12.5648, 48.11714], "type": "Point"}, "properties": {"oid": "7841BG015306"}, "type": "Feature"}, {"geometry": {"coordinates": [13.01879, 48.68641], "type": "Point"}, "properties": {"oid": "7344BG015885"}, "type": "Feature"}, {"geometry": {"coordinates": [12.85137, 48.17909], "type": "Point"}, "properties": {"oid": "7843BG015245"}, "type": "Feature"}, {"geometry": {"coordinates": [11.8675, 48.03937], "type": "Point"}, "properties": {"oid": "7937BG015223"}, "type": "Feature"}, {"geometry": {"coordinates": [11.60514, 48.12958], "type": "Point"}, "properties": {"oid": "7835BG017494"}, "type": "Feature"}, {"geometry": {"coordinates": [10.71738, 49.47543], "type": "Point"}, "properties": {"oid": "6530BG015067"}, "type": "Feature"}, {"geometry": {"coordinates": [11.59709, 48.13237], "type": "Point"}, "properties": {"oid": "7835BG017521"}, "type": "Feature"}, {"geometry": {"coordinates": [9.77041, 49.73608], "type": "Point"}, "properties": {"oid": "6224BG015197"}, "type": "Feature"}, {"geometry": {"coordinates": [10.31882, 48.38203], "type": "Point"}, "properties": {"oid": "7627BG015145"}, "type": "Feature"}, {"geometry": {"coordinates": [10.20633, 49.73062], "type": "Point"}, "properties": {"oid": "6227BG015596"}, "type": "Feature"}, {"geometry": {"coordinates": [11.59451, 48.13281], "type": "Point"}, "properties": {"oid": "7835BG017051"}, "type": "Feature"}, {"geometry": {"coordinates": [13.29231, 48.53311], "type": "Point"}, "properties": {"oid": "7445BG015112"}, "type": "Feature"}, {"geometry": {"coordinates": [10.74658, 47.65304], "type": "Point"}, "properties": {"oid": "8330BG015154"}, "type": "Feature"}, {"geometry": {"coordinates": [13.25431, 48.38752], "type": "Point"}, "properties": {"oid": "7645BG015395"}, "type": "Feature"}, {"geometry": {"coordinates": [11.60485, 48.1355], "type": "Point"}, "properties": {"oid": "7835BG017133"}, "type": "Feature"}, {"geometry": {"coordinates": [11.33205, 48.52603], "type": "Point"}, "properties": {"oid": "7434BG015175"}, "type": "Feature"}, {"geometry": {"coordinates": [11.75198, 49.48511], "type": "Point"}, "properties": {"oid": "6536BG015128"}, "type": "Feature"}, {"geometry": {"coordinates": [11.59451, 48.13281], "type": "Point"}, "properties": {"oid": "7835BG016846"}, "type": "Feature"}, {"geometry": {"coordinates": [11.41945, 50.02157], "type": "Point"}, "properties": {"oid": "5934BG015141"}, "type": "Feature"}, {"geometry": {"coordinates": [11.88854, 48.04789], "type": "Point"}, "properties": {"oid": "7937BG015227"}, "type": "Feature"}, {"geometry": {"coordinates": [9.98675, 49.79733], "type": "Point"}, "properties": {"oid": "6225BG018240"}, "type": "Feature"}, {"geometry": {"coordinates": [11.67894, 47.88364], "type": "Point"}, "properties": {"oid": "8136BG015192"}, "type": "Feature"}, {"geometry": {"coordinates": [12.85119, 48.17894], "type": "Point"}, "properties": {"oid": "7843BG015243"}, "type": "Feature"}, {"geometry": {"coordinates": [12.85087, 48.1787], "type": "Point"}, "properties": {"oid": "7843BG015244"}, "type": "Feature"}, {"geometry": {"coordinates": [11.5975, 48.05708], "type": "Point"}, "properties": {"oid": "7935BG015277"}, "type": "Feature"}, {"geometry": {"coordinates": [11.86292, 47.92205], "type": "Point"}, "properties": {"oid": "8037BG015196"}, "type": "Feature"}, {"geometry": {"coordinates": [11.60719, 48.24705], "type": "Point"}, "properties": {"oid": "7735BG016223"}, "type": "Feature"}, {"geometry": {"coordinates": [12.38991, 48.20112], "type": "Point"}, "properties": {"oid": "7740BG015362"}, "type": "Feature"}, {"geometry": {"coordinates": [11.59601, 48.13348], "type": "Point"}, "properties": {"oid": "7835BG017520"}, "type": "Feature"}, {"geometry": {"coordinates": [11.49667, 50.11609], "type": "Point"}, "properties": {"oid": "5834BG015125"}, "type": "Feature"}, {"geometry": {"coordinates": [11.59546, 48.13605], "type": "Point"}, "properties": {"oid": "7835BG017160"}, "type": "Feature"}, {"geometry": {"coordinates": [12.53422, 49.19956], "type": "Point"}, "properties": {"oid": "6741BG015120"}, "type": "Feature"}, {"geometry": {"coordinates": [12.2582, 47.83576], "type": "Point"}, "properties": {"oid": "8139BG015193"}, "type": "Feature"}, {"geometry": {"coordinates": [11.587, 48.13755], "type": "Point"}, "properties": {"oid": "7835BG017478"}, "type": "Feature"}, {"geometry": {"coordinates": [11.81054, 48.04087], "type": "Point"}, "properties": {"oid": "7936BG015178"}, "type": "Feature"}, {"geometry": {"coordinates": [11.7085, 47.99814], "type": "Point"}, "properties": {"oid": "8036BG015092"}, "type": "Feature"}, {"geometry": {"coordinates": [13.11022, 48.36507], "type": "Point"}, "properties": {"oid": "7644BG015058"}, "type": "Feature"}, {"geometry": {"coordinates": [12.16764, 47.88847], "type": "Point"}, "properties": {"oid": "8139BG015219"}, "type": "Feature"}, {"geometry": {"coordinates": [11.81341, 48.80333], "type": "Point"}, "properties": {"oid": "7136BG000011"}, "type": "Feature"}, {"geometry": {"coordinates": [12.91843, 49.22991], "type": "Point"}, "properties": {"oid": "6743BG000001"}, "type": "Feature"}, {"geometry": {"coordinates": [11.00585, 50.21956], "type": "Point"}, "properties": {"oid": "5732BG000449"}, "type": "Feature"}, {"geometry": {"coordinates": [11.165, 47.86214], "type": "Point"}, "properties": {"oid": "8132BG000002"}, "type": "Feature"}, {"geometry": {"coordinates": [11.84164, 48.0534], "type": "Point"}, "properties": {"oid": "7937BG015235"}, "type": "Feature"}, {"geometry": {"coordinates": [12.18192, 47.90887], "type": "Point"}, "properties": {"oid": "8039BG015224"}, "type": "Feature"}, {"geometry": {"coordinates": [12.12801, 49.39253], "type": "Point"}, "properties": {"oid": "6638BG015377"}, "type": "Feature"}, {"geometry": {"coordinates": [11.59451, 48.13281], "type": "Point"}, "properties": {"oid": "7835BG017061"}, "type": "Feature"}, {"geometry": {"coordinates": [11.40895, 50.26096], "type": "Point"}, "properties": {"oid": "5734BG015020"}, "type": "Feature"}, {"geometry": {"coordinates": [12.71521, 48.1074], "type": "Point"}, "properties": {"oid": "7842BG015381"}, "type": "Feature"}, {"geometry": {"coordinates": [12.71598, 48.10593], "type": "Point"}, "properties": {"oid": "7842BG015383"}, "type": "Feature"}, {"geometry": {"coordinates": [11.55964, 48.14053], "type": "Point"}, "properties": {"oid": "7835BG017471"}, "type": "Feature"}, {"geometry": {"coordinates": [11.59312, 49.26085], "type": "Point"}, "properties": {"oid": "6735BG015074"}, "type": "Feature"}, {"geometry": {"coordinates": [12.43387, 47.9222], "type": "Point"}, "properties": {"oid": "8040BG015129"}, "type": "Feature"}, {"geometry": {"coordinates": [11.70954, 47.73212], "type": "Point"}, "properties": {"oid": "8236BG015119"}, "type": "Feature"}, {"geometry": {"coordinates": [11.73594, 48.29393], "type": "Point"}, "properties": {"oid": "7736BG015573"}, "type": "Feature"}, {"geometry": {"coordinates": [11.55769, 48.11632], "type": "Point"}, "properties": {"oid": "7835BG017070"}, "type": "Feature"}, {"geometry": {"coordinates": [10.99247, 49.61954], "type": "Point"}, "properties": {"oid": "6331BG015212"}, "type": "Feature"}, {"geometry": {"coordinates": [10.03222, 50.05898], "type": "Point"}, "properties": {"oid": "5926BG015079"}, "type": "Feature"}, {"geometry": {"coordinates": [10.03181, 50.04393], "type": "Point"}, "properties": {"oid": "5926BG015080"}, "type": "Feature"}, {"geometry": {"coordinates": [10.12824, 49.66833], "type": "Point"}, "properties": {"oid": "6326BG015541"}, "type": "Feature"}, {"geometry": {"coordinates": [10.12849, 49.66829], "type": "Point"}, "properties": {"oid": "6326BG015540"}, "type": "Feature"}, {"geometry": {"coordinates": [10.75699, 47.73969], "type": "Point"}, "properties": {"oid": "8230BG015088"}, "type": "Feature"}, {"geometry": {"coordinates": [10.79564, 47.75038], "type": "Point"}, "properties": {"oid": "8230BG015089"}, "type": "Feature"}, {"geometry": {"coordinates": [12.13294, 49.78644], "type": "Point"}, "properties": {"oid": "6238BG000009"}, "type": "Feature"}, {"geometry": {"coordinates": [11.60088, 48.12829], "type": "Point"}, "properties": {"oid": "7835BG017075"}, "type": "Feature"}, {"geometry": {"coordinates": [11.56288, 48.81708], "type": "Point"}, "properties": {"oid": "7135BG000063"}, "type": "Feature"}, {"geometry": {"coordinates": [11.60255, 47.96132], "type": "Point"}, "properties": {"oid": "8035BG000010"}, "type": "Feature"}, {"geometry": {"coordinates": [12.28875, 49.8292], "type": "Point"}, "properties": {"oid": "6139BG000089"}, "type": "Feature"}, {"geometry": {"coordinates": [12.17881, 48.03199], "type": "Point"}, "properties": {"oid": "7939BG015208"}, "type": "Feature"}, {"geometry": {"coordinates": [11.57583, 48.17356], "type": "Point"}, "properties": {"oid": "7835BG015745"}, "type": "Feature"}, {"geometry": {"coordinates": [9.18853, 49.8328], "type": "Point"}, "properties": {"oid": "6121BG015088"}, "type": "Feature"}, {"geometry": {"coordinates": [10.95062, 49.43327], "type": "Point"}, "properties": {"oid": "6531BG016143"}, "type": "Feature"}, {"geometry": {"coordinates": [12.56387, 48.12063], "type": "Point"}, "properties": {"oid": "7841BG015317"}, "type": "Feature"}, {"geometry": {"coordinates": [11.54733, 48.18834], "type": "Point"}, "properties": {"oid": "7835BG015113"}, "type": "Feature"}, {"geometry": {"coordinates": [11.84131, 48.31421], "type": "Point"}, "properties": {"oid": "7637BG015066"}, "type": "Feature"}, {"geometry": {"coordinates": [11.26145, 48.06031], "type": "Point"}, "properties": {"oid": "7933BG015012"}, "type": "Feature"}, {"geometry": {"coordinates": [11.11441, 47.50806], "type": "Point"}, "properties": {"oid": "8432BG015434"}, "type": "Feature"}, {"geometry": {"coordinates": [10.39971, 48.05741], "type": "Point"}, "properties": {"oid": "7928BG000017"}, "type": "Feature"}, {"geometry": {"coordinates": [10.92836, 48.51164], "type": "Point"}, "properties": {"oid": "7431BG015197"}, "type": "Feature"}, {"geometry": {"coordinates": [11.50325, 50.11903], "type": "Point"}, "properties": {"oid": "5835BG015198"}, "type": "Feature"}, {"geometry": {"coordinates": [11.93998, 49.74299], "type": "Point"}, "properties": {"oid": "6237BG000027"}, "type": "Feature"}, {"geometry": {"coordinates": [10.30771, 50.21648], "type": "Point"}, "properties": {"oid": "5727BG015013"}, "type": "Feature"}, {"geometry": {"coordinates": [12.64561, 48.09959], "type": "Point"}, "properties": {"oid": "7841BG015288"}, "type": "Feature"}, {"geometry": {"coordinates": [13.07908, 48.53702], "type": "Point"}, "properties": {"oid": "7444BG015204"}, "type": "Feature"}, {"geometry": {"coordinates": [13.02685, 48.53451], "type": "Point"}, "properties": {"oid": "7444BG015188"}, "type": "Feature"}, {"geometry": {"coordinates": [13.11695, 48.30922], "type": "Point"}, "properties": {"oid": "7644BG015112"}, "type": "Feature"}, {"geometry": {"coordinates": [11.57698, 48.13858], "type": "Point"}, "properties": {"oid": "7835BG017115"}, "type": "Feature"}, {"geometry": {"coordinates": [13.03835, 48.54081], "type": "Point"}, "properties": {"oid": "7444BG015191"}, "type": "Feature"}, {"geometry": {"coordinates": [10.51566, 48.86179], "type": "Point"}, "properties": {"oid": "7129BG015246"}, "type": "Feature"}, {"geometry": {"coordinates": [11.54714, 48.14119], "type": "Point"}, "properties": {"oid": "7835BG017462"}, "type": "Feature"}, {"geometry": {"coordinates": [10.71294, 49.78645], "type": "Point"}, "properties": {"oid": "6230BG015171"}, "type": "Feature"}, {"geometry": {"coordinates": [10.6918, 49.79511], "type": "Point"}, "properties": {"oid": "6230BG015170"}, "type": "Feature"}, {"geometry": {"coordinates": [12.73164, 49.38242], "type": "Point"}, "properties": {"oid": "6642BG015054"}, "type": "Feature"}, {"geometry": {"coordinates": [10.60206, 48.66544], "type": "Point"}, "properties": {"oid": "7329BG015412"}, "type": "Feature"}, {"geometry": {"coordinates": [12.00624, 48.66986], "type": "Point"}, "properties": {"oid": "7338BG015023"}, "type": "Feature"}, {"geometry": {"coordinates": [11.85093, 47.80178], "type": "Point"}, "properties": {"oid": "8137BG015534"}, "type": "Feature"}, {"geometry": {"coordinates": [11.63919, 50.35811], "type": "Point"}, "properties": {"oid": "5635BG015033"}, "type": "Feature"}, {"geometry": {"coordinates": [11.85959, 47.8566], "type": "Point"}, "properties": {"oid": "8137BG015536"}, "type": "Feature"}, {"geometry": {"coordinates": [11.86105, 47.85948], "type": "Point"}, "properties": {"oid": "8137BG015537"}, "type": "Feature"}, {"geometry": {"coordinates": [10.12897, 49.66567], "type": "Point"}, "properties": {"oid": "6326BG015549"}, "type": "Feature"}, {"geometry": {"coordinates": [10.8375, 48.36354], "type": "Point"}, "properties": {"oid": "7631BG017212"}, "type": "Feature"}, {"geometry": {"coordinates": [13.05848, 48.62212], "type": "Point"}, "properties": {"oid": "7344BG015802"}, "type": "Feature"}, {"geometry": {"coordinates": [10.12893, 49.66631], "type": "Point"}, "properties": {"oid": "6326BG015547"}, "type": "Feature"}, {"geometry": {"coordinates": [10.12766, 49.67067], "type": "Point"}, "properties": {"oid": "6326BG015532"}, "type": "Feature"}, {"geometry": {"coordinates": [11.63564, 50.36277], "type": "Point"}, "properties": {"oid": "5635BG015035"}, "type": "Feature"}, {"geometry": {"coordinates": [11.6358, 50.36007], "type": "Point"}, "properties": {"oid": "5635BG015034"}, "type": "Feature"}, {"geometry": {"coordinates": [11.33538, 47.99389], "type": "Point"}, "properties": {"oid": "8034BG015937"}, "type": "Feature"}, {"geometry": {"coordinates": [9.87113, 49.86815], "type": "Point"}, "properties": {"oid": "6125BG016105"}, "type": "Feature"}, {"geometry": {"coordinates": [11.33699, 47.99616], "type": "Point"}, "properties": {"oid": "8034BG015954"}, "type": "Feature"}, {"geometry": {"coordinates": [11.42027, 50.02106], "type": "Point"}, "properties": {"oid": "5934BG015137"}, "type": "Feature"}, {"geometry": {"coordinates": [11.41998, 50.02211], "type": "Point"}, "properties": {"oid": "5934BG015138"}, "type": "Feature"}, {"geometry": {"coordinates": [12.18153, 47.89399], "type": "Point"}, "properties": {"oid": "8139BG015172"}, "type": "Feature"}, {"geometry": {"coordinates": [12.85086, 48.17867], "type": "Point"}, "properties": {"oid": "7843BG015246"}, "type": "Feature"}, {"geometry": {"coordinates": [11.5023, 50.11794], "type": "Point"}, "properties": {"oid": "5835BG015196"}, "type": "Feature"}, {"geometry": {"coordinates": [11.50835, 50.12272], "type": "Point"}, "properties": {"oid": "5835BG015195"}, "type": "Feature"}, {"geometry": {"coordinates": [11.33939, 47.99871], "type": "Point"}, "properties": {"oid": "8034BG015941"}, "type": "Feature"}, {"geometry": {"coordinates": [12.39098, 48.06108], "type": "Point"}, "properties": {"oid": "7940BG015170"}, "type": "Feature"}, {"geometry": {"coordinates": [11.59844, 48.13298], "type": "Point"}, "properties": {"oid": "7835BG017526"}, "type": "Feature"}, {"geometry": {"coordinates": [13.03356, 48.2658], "type": "Point"}, "properties": {"oid": "7744BG015166"}, "type": "Feature"}, {"geometry": {"coordinates": [12.08072, 49.02678], "type": "Point"}, "properties": {"oid": "6938BG016421"}, "type": "Feature"}, {"geometry": {"coordinates": [11.22405, 49.43817], "type": "Point"}, "properties": {"oid": "6533BG015404"}, "type": "Feature"}, {"geometry": {"coordinates": [11.23877, 49.4541], "type": "Point"}, "properties": {"oid": "6533BG015405"}, "type": "Feature"}, {"geometry": {"coordinates": [12.32935, 48.06534], "type": "Point"}, "properties": {"oid": "7939BG015253"}, "type": "Feature"}, {"geometry": {"coordinates": [12.17655, 48.51693], "type": "Point"}, "properties": {"oid": "7439BG015006"}, "type": "Feature"}, {"geometry": {"coordinates": [11.60631, 49.9995], "type": "Point"}, "properties": {"oid": "5935BG015246"}, "type": "Feature"}, {"geometry": {"coordinates": [11.9271, 49.54532], "type": "Point"}, "properties": {"oid": "6437BG015088"}, "type": "Feature"}, {"geometry": {"coordinates": [12.19157, 47.89191], "type": "Point"}, "properties": {"oid": "8139BG015218"}, "type": "Feature"}, {"geometry": {"coordinates": [11.82882, 49.50309], "type": "Point"}, "properties": {"oid": "6436BG015094"}, "type": "Feature"}, {"geometry": {"coordinates": [10.60402, 49.42541], "type": "Point"}, "properties": {"oid": "6529BG015065"}, "type": "Feature"}, {"geometry": {"coordinates": [11.28483, 50.30828], "type": "Point"}, "properties": {"oid": "5633BG015025"}, "type": "Feature"}, {"geometry": {"coordinates": [10.21923, 49.20483], "type": "Point"}, "properties": {"oid": "6727BG015207"}, "type": "Feature"}, {"geometry": {"coordinates": [11.52842, 48.04238], "type": "Point"}, "properties": {"oid": "7935BG015625"}, "type": "Feature"}, {"geometry": {"coordinates": [10.90994, 48.361], "type": "Point"}, "properties": {"oid": "7631BG017208"}, "type": "Feature"}, {"geometry": {"coordinates": [11.42399, 50.02369], "type": "Point"}, "properties": {"oid": "5934BG015105"}, "type": "Feature"}, {"geometry": {"coordinates": [11.42041, 50.02328], "type": "Point"}, "properties": {"oid": "5934BG015119"}, "type": "Feature"}, {"geometry": {"coordinates": [10.83304, 47.80183], "type": "Point"}, "properties": {"oid": "8131BG015339"}, "type": "Feature"}, {"geometry": {"coordinates": [11.56295, 48.20876], "type": "Point"}, "properties": {"oid": "7735BG015696"}, "type": "Feature"}, {"geometry": {"coordinates": [9.31236, 49.74319], "type": "Point"}, "properties": {"oid": "6221BG015408"}, "type": "Feature"}, {"geometry": {"coordinates": [11.89924, 47.93178], "type": "Point"}, "properties": {"oid": "8037BG015064"}, "type": "Feature"}, {"geometry": {"coordinates": [12.12253, 49.39211], "type": "Point"}, "properties": {"oid": "6638BG015365"}, "type": "Feature"}, {"geometry": {"coordinates": [10.91017, 48.27037], "type": "Point"}, "properties": {"oid": "7731BG015081"}, "type": "Feature"}, {"geometry": {"coordinates": [10.29074, 47.80611], "type": "Point"}, "properties": {"oid": "8127BG015005"}, "type": "Feature"}, {"geometry": {"coordinates": [9.92416, 49.758], "type": "Point"}, "properties": {"oid": "6225BG018323"}, "type": "Feature"}, {"geometry": {"coordinates": [10.42238, 47.80509], "type": "Point"}, "properties": {"oid": "8128BG015119"}, "type": "Feature"}, {"geometry": {"coordinates": [11.4192, 50.02184], "type": "Point"}, "properties": {"oid": "5934BG015139"}, "type": "Feature"}, {"geometry": {"coordinates": [11.59305, 48.13538], "type": "Point"}, "properties": {"oid": "7835BG017488"}, "type": "Feature"}, {"geometry": {"coordinates": [12.33107, 48.5326], "type": "Point"}, "properties": {"oid": "7439BG015657"}, "type": "Feature"}, {"geometry": {"coordinates": [11.02546, 49.60383], "type": "Point"}, "properties": {"oid": "6332BG015157"}, "type": "Feature"}, {"geometry": {"coordinates": [12.73062, 49.38704], "type": "Point"}, "properties": {"oid": "6642BG015052"}, "type": "Feature"}, {"geometry": {"coordinates": [11.49927, 50.11798], "type": "Point"}, "properties": {"oid": "5835BG015172"}, "type": "Feature"}, {"geometry": {"coordinates": [11.76675, 50.1902], "type": "Point"}, "properties": {"oid": "5836BG015151"}, "type": "Feature"}, {"geometry": {"coordinates": [11.76537, 50.1887], "type": "Point"}, "properties": {"oid": "5836BG015155"}, "type": "Feature"}, {"geometry": {"coordinates": [12.34773, 47.82836], "type": "Point"}, "properties": {"oid": "8140BG015274"}, "type": "Feature"}, {"geometry": {"coordinates": [11.59992, 48.13063], "type": "Point"}, "properties": {"oid": "7835BG017523"}, "type": "Feature"}, {"geometry": {"coordinates": [11.21975, 48.16285], "type": "Point"}, "properties": {"oid": "7833BG015043"}, "type": "Feature"}, {"geometry": {"coordinates": [11.30377, 48.17862], "type": "Point"}, "properties": {"oid": "7833BG015092"}, "type": "Feature"}, {"geometry": {"coordinates": [10.63288, 48.47752], "type": "Point"}, "properties": {"oid": "7529BG015034"}, "type": "Feature"}, {"geometry": {"coordinates": [10.98874, 49.60955], "type": "Point"}, "properties": {"oid": "6331BG015323"}, "type": "Feature"}, {"geometry": {"coordinates": [9.03874, 50.01599], "type": "Point"}, "properties": {"oid": "5920BG015520"}, "type": "Feature"}, {"geometry": {"coordinates": [12.45546, 48.02514], "type": "Point"}, "properties": {"oid": "7940BG015107"}, "type": "Feature"}, {"geometry": {"coordinates": [9.03839, 50.01569], "type": "Point"}, "properties": {"oid": "5920BG015519"}, "type": "Feature"}, {"geometry": {"coordinates": [11.51427, 48.01314], "type": "Point"}, "properties": {"oid": "7935BG015239"}, "type": "Feature"}, {"geometry": {"coordinates": [10.27244, 50.17327], "type": "Point"}, "properties": {"oid": "5827BG015047"}, "type": "Feature"}, {"geometry": {"coordinates": [12.12456, 49.39011], "type": "Point"}, "properties": {"oid": "6638BG015361"}, "type": "Feature"}, {"geometry": {"coordinates": [11.20237, 47.91841], "type": "Point"}, "properties": {"oid": "8033BG015556"}, "type": "Feature"}, {"geometry": {"coordinates": [9.03721, 50.01417], "type": "Point"}, "properties": {"oid": "5920BG015501"}, "type": "Feature"}, {"geometry": {"coordinates": [13.04854, 48.29944], "type": "Point"}, "properties": {"oid": "7644BG015129"}, "type": "Feature"}, {"geometry": {"coordinates": [12.14411, 47.89543], "type": "Point"}, "properties": {"oid": "8138BG016139"}, "type": "Feature"}, {"geometry": {"coordinates": [10.50876, 49.96411], "type": "Point"}, "properties": {"oid": "6029BG015255"}, "type": "Feature"}, {"geometry": {"coordinates": [12.09551, 48.99515], "type": "Point"}, "properties": {"oid": "7038BG015557"}, "type": "Feature"}, {"geometry": {"coordinates": [12.76721, 48.15747], "type": "Point"}, "properties": {"oid": "7842BG015379"}, "type": "Feature"}, {"geometry": {"coordinates": [12.78175, 48.15094], "type": "Point"}, "properties": {"oid": "7842BG015376"}, "type": "Feature"}, {"geometry": {"coordinates": [12.78805, 48.157], "type": "Point"}, "properties": {"oid": "7842BG015375"}, "type": "Feature"}, {"geometry": {"coordinates": [12.79137, 48.14767], "type": "Point"}, "properties": {"oid": "7842BG015373"}, "type": "Feature"}, {"geometry": {"coordinates": [10.65567, 49.25609], "type": "Point"}, "properties": {"oid": "6729BG015109"}, "type": "Feature"}, {"geometry": {"coordinates": [10.46097, 48.2702], "type": "Point"}, "properties": {"oid": "7728BG015183"}, "type": "Feature"}, {"geometry": {"coordinates": [11.97343, 48.06614], "type": "Point"}, "properties": {"oid": "7937BG000007"}, "type": "Feature"}, {"geometry": {"coordinates": [10.13375, 49.20138], "type": "Point"}, "properties": {"oid": "6726BG015021"}, "type": "Feature"}, {"geometry": {"coordinates": [11.48542, 50.34836], "type": "Point"}, "properties": {"oid": "5634BG015034"}, "type": "Feature"}, {"geometry": {"coordinates": [10.12695, 49.67135], "type": "Point"}, "properties": {"oid": "6326BG015509"}, "type": "Feature"}, {"geometry": {"coordinates": [11.59199, 48.13522], "type": "Point"}, "properties": {"oid": "7835BG017486"}, "type": "Feature"}, {"geometry": {"coordinates": [12.05426, 49.08916], "type": "Point"}, "properties": {"oid": "6938BG016636"}, "type": "Feature"}, {"geometry": {"coordinates": [10.29017, 49.22894], "type": "Point"}, "properties": {"oid": "6727BG015130"}, "type": "Feature"}, {"geometry": {"coordinates": [11.46063, 49.28506], "type": "Point"}, "properties": {"oid": "6734BG015102"}, "type": "Feature"}, {"geometry": {"coordinates": [12.65418, 48.21217], "type": "Point"}, "properties": {"oid": "7741BG015434"}, "type": "Feature"}, {"geometry": {"coordinates": [12.65627, 48.2045], "type": "Point"}, "properties": {"oid": "7741BG015433"}, "type": "Feature"}, {"geometry": {"coordinates": [12.65019, 48.21043], "type": "Point"}, "properties": {"oid": "7741BG015432"}, "type": "Feature"}, {"geometry": {"coordinates": [9.78877, 49.80303], "type": "Point"}, "properties": {"oid": "6124BG015258"}, "type": "Feature"}, {"geometry": {"coordinates": [12.34536, 47.82761], "type": "Point"}, "properties": {"oid": "8140BG015276"}, "type": "Feature"}, {"geometry": {"coordinates": [11.92488, 48.307], "type": "Point"}, "properties": {"oid": "7637BG015779"}, "type": "Feature"}, {"geometry": {"coordinates": [11.4169, 50.02229], "type": "Point"}, "properties": {"oid": "5934BG015104"}, "type": "Feature"}, {"geometry": {"coordinates": [11.43488, 50.02477], "type": "Point"}, "properties": {"oid": "5934BG015113"}, "type": "Feature"}, {"geometry": {"coordinates": [12.12622, 49.39091], "type": "Point"}, "properties": {"oid": "6638BG015369"}, "type": "Feature"}, {"geometry": {"coordinates": [11.65772, 49.20546], "type": "Point"}, "properties": {"oid": "6735BG015101"}, "type": "Feature"}, {"geometry": {"coordinates": [12.52954, 47.80411], "type": "Point"}, "properties": {"oid": "8141BG015576"}, "type": "Feature"}, {"geometry": {"coordinates": [11.59355, 48.13448], "type": "Point"}, "properties": {"oid": "7835BG017490"}, "type": "Feature"}, {"geometry": {"coordinates": [9.59687, 50.18779], "type": "Point"}, "properties": {"oid": "5823BG015080"}, "type": "Feature"}, {"geometry": {"coordinates": [11.48597, 48.2321], "type": "Point"}, "properties": {"oid": "7734BG015658"}, "type": "Feature"}, {"geometry": {"coordinates": [11.34372, 48.50522], "type": "Point"}, "properties": {"oid": "7434BG000485"}, "type": "Feature"}, {"geometry": {"coordinates": [12.00786, 48.55439], "type": "Point"}, "properties": {"oid": "7438BG015699"}, "type": "Feature"}, {"geometry": {"coordinates": [10.98583, 49.61812], "type": "Point"}, "properties": {"oid": "6331BG015210"}, "type": "Feature"}, {"geometry": {"coordinates": [12.61491, 47.89491], "type": "Point"}, "properties": {"oid": "8141BG015586"}, "type": "Feature"}, {"geometry": {"coordinates": [12.73203, 48.21202], "type": "Point"}, "properties": {"oid": "7742BG015486"}, "type": "Feature"}, {"geometry": {"coordinates": [11.33768, 47.99725], "type": "Point"}, "properties": {"oid": "8034BG015949"}, "type": "Feature"}, {"geometry": {"coordinates": [11.55959, 50.13777], "type": "Point"}, "properties": {"oid": "5835BG015171"}, "type": "Feature"}, {"geometry": {"coordinates": [11.56362, 50.14171], "type": "Point"}, "properties": {"oid": "5835BG015170"}, "type": "Feature"}, {"geometry": {"coordinates": [11.56548, 50.14539], "type": "Point"}, "properties": {"oid": "5835BG015169"}, "type": "Feature"}, {"geometry": {"coordinates": [11.56272, 50.14318], "type": "Point"}, "properties": {"oid": "5835BG015167"}, "type": "Feature"}, {"geometry": {"coordinates": [11.56833, 50.14146], "type": "Point"}, "properties": {"oid": "5835BG015165"}, "type": "Feature"}, {"geometry": {"coordinates": [11.56637, 50.1408], "type": "Point"}, "properties": {"oid": "5835BG015164"}, "type": "Feature"}, {"geometry": {"coordinates": [11.5653, 50.14067], "type": "Point"}, "properties": {"oid": "5835BG015163"}, "type": "Feature"}, {"geometry": {"coordinates": [11.56932, 50.14294], "type": "Point"}, "properties": {"oid": "5835BG015162"}, "type": "Feature"}, {"geometry": {"coordinates": [11.56684, 50.14257], "type": "Point"}, "properties": {"oid": "5835BG015161"}, "type": "Feature"}, {"geometry": {"coordinates": [11.56533, 50.14276], "type": "Point"}, "properties": {"oid": "5835BG015160"}, "type": "Feature"}, {"geometry": {"coordinates": [11.56678, 50.14442], "type": "Point"}, "properties": {"oid": "5835BG015159"}, "type": "Feature"}, {"geometry": {"coordinates": [11.56505, 50.14399], "type": "Point"}, "properties": {"oid": "5835BG015158"}, "type": "Feature"}, {"geometry": {"coordinates": [11.42635, 50.02436], "type": "Point"}, "properties": {"oid": "5934BG015151"}, "type": "Feature"}, {"geometry": {"coordinates": [10.95831, 48.86646], "type": "Point"}, "properties": {"oid": "7131BG015036"}, "type": "Feature"}, {"geometry": {"coordinates": [11.59566, 48.13419], "type": "Point"}, "properties": {"oid": "7835BG017524"}, "type": "Feature"}, {"geometry": {"coordinates": [10.79138, 50.10202], "type": "Point"}, "properties": {"oid": "5830BG015042"}, "type": "Feature"}, {"geometry": {"coordinates": [11.50064, 50.11591], "type": "Point"}, "properties": {"oid": "5835BG015194"}, "type": "Feature"}, {"geometry": {"coordinates": [11.50252, 50.11825], "type": "Point"}, "properties": {"oid": "5835BG015197"}, "type": "Feature"}, {"geometry": {"coordinates": [12.16133, 48.30844], "type": "Point"}, "properties": {"oid": "7638BG015109"}, "type": "Feature"}, {"geometry": {"coordinates": [11.56238, 48.27707], "type": "Point"}, "properties": {"oid": "7735BG016248"}, "type": "Feature"}, {"geometry": {"coordinates": [11.56, 48.13981], "type": "Point"}, "properties": {"oid": "7835BG017465"}, "type": "Feature"}, {"geometry": {"coordinates": [11.69018, 49.38528], "type": "Point"}, "properties": {"oid": "6636BG000011"}, "type": "Feature"}, {"geometry": {"coordinates": [11.98495, 47.99436], "type": "Point"}, "properties": {"oid": "8037BG015197"}, "type": "Feature"}, {"geometry": {"coordinates": [13.1364, 48.53398], "type": "Point"}, "properties": {"oid": "7444BG015215"}, "type": "Feature"}, {"geometry": {"coordinates": [10.46408, 47.67367], "type": "Point"}, "properties": {"oid": "8328BG015283"}, "type": "Feature"}, {"geometry": {"coordinates": [11.42213, 47.90433], "type": "Point"}, "properties": {"oid": "8034BG015917"}, "type": "Feature"}, {"geometry": {"coordinates": [13.15691, 48.47795], "type": "Point"}, "properties": {"oid": "7544BG015188"}, "type": "Feature"}, {"geometry": {"coordinates": [12.09813, 49.1825], "type": "Point"}, "properties": {"oid": "6838BG015120"}, "type": "Feature"}, {"geometry": {"coordinates": [10.12914, 49.6664], "type": "Point"}, "properties": {"oid": "6326BG015546"}, "type": "Feature"}, {"geometry": {"coordinates": [10.25123, 50.18479], "type": "Point"}, "properties": {"oid": "5827BG015046"}, "type": "Feature"}, {"geometry": {"coordinates": [10.91871, 48.96487], "type": "Point"}, "properties": {"oid": "7031BG015149"}, "type": "Feature"}, {"geometry": {"coordinates": [10.93648, 50.33722], "type": "Point"}, "properties": {"oid": "5631BG015008"}, "type": "Feature"}, {"geometry": {"coordinates": [11.42551, 50.02483], "type": "Point"}, "properties": {"oid": "5934BG015120"}, "type": "Feature"}, {"geometry": {"coordinates": [9.03654, 50.01469], "type": "Point"}, "properties": {"oid": "5920BG015491"}, "type": "Feature"}, {"geometry": {"coordinates": [11.66606, 48.29986], "type": "Point"}, "properties": {"oid": "7636BG016005"}, "type": "Feature"}, {"geometry": {"coordinates": [13.18956, 48.31909], "type": "Point"}, "properties": {"oid": "7645BG015407"}, "type": "Feature"}, {"geometry": {"coordinates": [12.57748, 47.80231], "type": "Point"}, "properties": {"oid": "8141BG015590"}, "type": "Feature"}, {"geometry": {"coordinates": [11.43762, 48.81646], "type": "Point"}, "properties": {"oid": "7134BG015103"}, "type": "Feature"}, {"geometry": {"coordinates": [11.18835, 48.0448], "type": "Point"}, "properties": {"oid": "7933BG015002"}, "type": "Feature"}, {"geometry": {"coordinates": [11.59812, 48.1318], "type": "Point"}, "properties": {"oid": "7835BG017522"}, "type": "Feature"}, {"geometry": {"coordinates": [12.16305, 49.60822], "type": "Point"}, "properties": {"oid": "6338BG015484"}, "type": "Feature"}, {"geometry": {"coordinates": [12.85336, 47.94904], "type": "Point"}, "properties": {"oid": "8043BG015168"}, "type": "Feature"}, {"geometry": {"coordinates": [11.57579, 48.26373], "type": "Point"}, "properties": {"oid": "7735BG016215"}, "type": "Feature"}, {"geometry": {"coordinates": [10.11458, 48.17112], "type": "Point"}, "properties": {"oid": "7826BG015339"}, "type": "Feature"}, {"geometry": {"coordinates": [9.11751, 49.93055], "type": "Point"}, "properties": {"oid": "6020BG015884"}, "type": "Feature"}, {"geometry": {"coordinates": [12.08562, 49.20336], "type": "Point"}, "properties": {"oid": "6738BG000042"}, "type": "Feature"}, {"geometry": {"coordinates": [12.67411, 48.10777], "type": "Point"}, "properties": {"oid": "7842BG015183"}, "type": "Feature"}, {"geometry": {"coordinates": [11.03427, 48.0039], "type": "Point"}, "properties": {"oid": "7932BG000001"}, "type": "Feature"}, {"geometry": {"coordinates": [11.89776, 48.07492], "type": "Point"}, "properties": {"oid": "7937BG015085"}, "type": "Feature"}, {"geometry": {"coordinates": [12.18353, 49.31084], "type": "Point"}, "properties": {"oid": "6639BG015082"}, "type": "Feature"}, {"geometry": {"coordinates": [10.92137, 48.82118], "type": "Point"}, "properties": {"oid": "7131BG000052"}, "type": "Feature"}, {"geometry": {"coordinates": [11.44232, 50.02585], "type": "Point"}, "properties": {"oid": "5934BG015162"}, "type": "Feature"}, {"geometry": {"coordinates": [12.52669, 48.15425], "type": "Point"}, "properties": {"oid": "7841BG015186"}, "type": "Feature"}, {"geometry": {"coordinates": [12.18105, 49.30859], "type": "Point"}, "properties": {"oid": "6639BG015084"}, "type": "Feature"}, {"geometry": {"coordinates": [12.52005, 49.92417], "type": "Point"}, "properties": {"oid": "6041BG000004"}, "type": "Feature"}, {"geometry": {"coordinates": [11.06679, 48.0844], "type": "Point"}, "properties": {"oid": "7932BG015599"}, "type": "Feature"}, {"geometry": {"coordinates": [11.80978, 48.32805], "type": "Point"}, "properties": {"oid": "7636BG016128"}, "type": "Feature"}, {"geometry": {"coordinates": [12.37638, 48.12702], "type": "Point"}, "properties": {"oid": "7840BG000017"}, "type": "Feature"}, {"geometry": {"coordinates": [11.64159, 49.69903], "type": "Point"}, "properties": {"oid": "6235BG000249"}, "type": "Feature"}, {"geometry": {"coordinates": [11.9863, 47.99238], "type": "Point"}, "properties": {"oid": "8037BG000015"}, "type": "Feature"}, {"geometry": {"coordinates": [10.89766, 48.3634], "type": "Point"}, "properties": {"oid": "7631BG015163"}, "type": "Feature"}, {"geometry": {"coordinates": [11.14461, 48.01328], "type": "Point"}, "properties": {"oid": "7932BG015644"}, "type": "Feature"}, {"geometry": {"coordinates": [11.09958, 48.06308], "type": "Point"}, "properties": {"oid": "7932BG015641"}, "type": "Feature"}, {"geometry": {"coordinates": [10.71524, 48.03789], "type": "Point"}, "properties": {"oid": "7930BG015065"}, "type": "Feature"}, {"geometry": {"coordinates": [12.74133, 48.18175], "type": "Point"}, "properties": {"oid": "7842BG000021"}, "type": "Feature"}, {"geometry": {"coordinates": [11.13413, 48.44668], "type": "Point"}, "properties": {"oid": "7532BG015056"}, "type": "Feature"}, {"geometry": {"coordinates": [10.41779, 48.1828], "type": "Point"}, "properties": {"oid": "7828BG015006"}, "type": "Feature"}, {"geometry": {"coordinates": [11.90662, 48.30569], "type": "Point"}, "properties": {"oid": "7637BG015067"}, "type": "Feature"}, {"geometry": {"coordinates": [11.08924, 48.05957], "type": "Point"}, "properties": {"oid": "7932BG015610"}, "type": "Feature"}, {"geometry": {"coordinates": [9.57418, 49.8629], "type": "Point"}, "properties": {"oid": "6123BG015443"}, "type": "Feature"}, {"geometry": {"coordinates": [11.50997, 49.3146], "type": "Point"}, "properties": {"oid": "6635BG015009"}, "type": "Feature"}, {"geometry": {"coordinates": [11.42792, 49.04241], "type": "Point"}, "properties": {"oid": "6934BG015410"}, "type": "Feature"}, {"geometry": {"coordinates": [11.89138, 48.07534], "type": "Point"}, "properties": {"oid": "7937BG015082"}, "type": "Feature"}, {"geometry": {"coordinates": [12.61736, 49.255], "type": "Point"}, "properties": {"oid": "6741BG000160"}, "type": "Feature"}, {"geometry": {"coordinates": [10.89281, 48.55948], "type": "Point"}, "properties": {"oid": "7431BG015235"}, "type": "Feature"}, {"geometry": {"coordinates": [11.1417, 48.04718], "type": "Point"}, "properties": {"oid": "7932BG015643"}, "type": "Feature"}, {"geometry": {"coordinates": [11.15409, 48.08994], "type": "Point"}, "properties": {"oid": "7932BG015642"}, "type": "Feature"}, {"geometry": {"coordinates": [11.02702, 48.08184], "type": "Point"}, "properties": {"oid": "7932BG015639"}, "type": "Feature"}, {"geometry": {"coordinates": [12.86063, 48.96083], "type": "Point"}, "properties": {"oid": "7043BG015200"}, "type": "Feature"}, {"geometry": {"coordinates": [13.13982, 48.46915], "type": "Point"}, "properties": {"oid": "7544BG015205"}, "type": "Feature"}, {"geometry": {"coordinates": [12.81942, 48.03121], "type": "Point"}, "properties": {"oid": "7942BG015124"}, "type": "Feature"}, {"geometry": {"coordinates": [12.31663, 48.23159], "type": "Point"}, "properties": {"oid": "7739BG015164"}, "type": "Feature"}, {"geometry": {"coordinates": [11.07196, 48.09339], "type": "Point"}, "properties": {"oid": "7932BG015640"}, "type": "Feature"}, {"geometry": {"coordinates": [9.0395, 50.01544], "type": "Point"}, "properties": {"oid": "5920BG015490"}, "type": "Feature"}, {"geometry": {"coordinates": [11.33316, 48.52932], "type": "Point"}, "properties": {"oid": "7434BG015149"}, "type": "Feature"}, {"geometry": {"coordinates": [11.50401, 48.05923], "type": "Point"}, "properties": {"oid": "7935BG015023"}, "type": "Feature"}, {"geometry": {"coordinates": [11.85903, 48.57015], "type": "Point"}, "properties": {"oid": "7437BG015150"}, "type": "Feature"}, {"geometry": {"coordinates": [12.12404, 49.38956], "type": "Point"}, "properties": {"oid": "6638BG015363"}, "type": "Feature"}, {"geometry": {"coordinates": [11.55816, 48.13954], "type": "Point"}, "properties": {"oid": "7835BG017991"}, "type": "Feature"}, {"geometry": {"coordinates": [11.55799, 48.13942], "type": "Point"}, "properties": {"oid": "7835BG017987"}, "type": "Feature"}, {"geometry": {"coordinates": [11.55805, 48.13964], "type": "Point"}, "properties": {"oid": "7835BG017990"}, "type": "Feature"}, {"geometry": {"coordinates": [11.55807, 48.13942], "type": "Point"}, "properties": {"oid": "7835BG017989"}, "type": "Feature"}, {"geometry": {"coordinates": [11.55815, 48.13943], "type": "Point"}, "properties": {"oid": "7835BG017988"}, "type": "Feature"}, {"geometry": {"coordinates": [11.60916, 49.95233], "type": "Point"}, "properties": {"oid": "6035BG000160"}, "type": "Feature"}, {"geometry": {"coordinates": [13.09417, 48.44736], "type": "Point"}, "properties": {"oid": "7544BG000067"}, "type": "Feature"}, {"geometry": {"coordinates": [11.63961, 50.02349], "type": "Point"}, "properties": {"oid": "5935BG015141"}, "type": "Feature"}, {"geometry": {"coordinates": [11.48939, 48.12413], "type": "Point"}, "properties": {"oid": "7834BG015445"}, "type": "Feature"}, {"geometry": {"coordinates": [11.41614, 47.96862], "type": "Point"}, "properties": {"oid": "8034BG000285"}, "type": "Feature"}, {"geometry": {"coordinates": [11.33515, 47.99366], "type": "Point"}, "properties": {"oid": "8034BG015951"}, "type": "Feature"}, {"geometry": {"coordinates": [12.34439, 48.12633], "type": "Point"}, "properties": {"oid": "7840BG015315"}, "type": "Feature"}, {"geometry": {"coordinates": [11.46073, 47.87997], "type": "Point"}, "properties": {"oid": "8134BG016328"}, "type": "Feature"}, {"geometry": {"coordinates": [10.12869, 49.66634], "type": "Point"}, "properties": {"oid": "6326BG015548"}, "type": "Feature"}, {"geometry": {"coordinates": [11.43722, 48.17751], "type": "Point"}, "properties": {"oid": "7834BG015361"}, "type": "Feature"}, {"geometry": {"coordinates": [11.84095, 48.03757], "type": "Point"}, "properties": {"oid": "7937BG015391"}, "type": "Feature"}, {"geometry": {"coordinates": [11.79706, 47.80238], "type": "Point"}, "properties": {"oid": "8136BG015155"}, "type": "Feature"}, {"geometry": {"coordinates": [11.018, 50.34053], "type": "Point"}, "properties": {"oid": "5632BG000194"}, "type": "Feature"}, {"geometry": {"coordinates": [11.68559, 49.9482], "type": "Point"}, "properties": {"oid": "6036BG000014"}, "type": "Feature"}, {"geometry": {"coordinates": [10.80847, 49.88552], "type": "Point"}, "properties": {"oid": "6130BG000019"}, "type": "Feature"}, {"geometry": {"coordinates": [10.86144, 48.38138], "type": "Point"}, "properties": {"oid": "7631BG017476"}, "type": "Feature"}, {"geometry": {"coordinates": [10.2354, 50.20661], "type": "Point"}, "properties": {"oid": "5727BG015111"}, "type": "Feature"}, {"geometry": {"coordinates": [12.16754, 49.28893], "type": "Point"}, "properties": {"oid": "6739BG015171"}, "type": "Feature"}, {"geometry": {"coordinates": [12.16832, 49.28846], "type": "Point"}, "properties": {"oid": "6739BG015174"}, "type": "Feature"}, {"geometry": {"coordinates": [11.59699, 48.14977], "type": "Point"}, "properties": {"oid": "7835BG017871"}, "type": "Feature"}, {"geometry": {"coordinates": [12.02061, 49.75818], "type": "Point"}, "properties": {"oid": "6238BG015110"}, "type": "Feature"}, {"geometry": {"coordinates": [11.30784, 50.30361], "type": "Point"}, "properties": {"oid": "5633BG000004"}, "type": "Feature"}, {"geometry": {"coordinates": [10.99633, 48.34508], "type": "Point"}, "properties": {"oid": "7631BG015086"}, "type": "Feature"}, {"geometry": {"coordinates": [11.89617, 48.29242], "type": "Point"}, "properties": {"oid": "7737BG015030"}, "type": "Feature"}, {"geometry": {"coordinates": [10.93677, 48.2828], "type": "Point"}, "properties": {"oid": "7731BG015504"}, "type": "Feature"}, {"geometry": {"coordinates": [11.24018, 49.26234], "type": "Point"}, "properties": {"oid": "6733BG015051"}, "type": "Feature"}, {"geometry": {"coordinates": [10.57361, 49.56402], "type": "Point"}, "properties": {"oid": "6429BG000001"}, "type": "Feature"}, {"geometry": {"coordinates": [12.61932, 48.36085], "type": "Point"}, "properties": {"oid": "7641BG000058"}, "type": "Feature"}, {"geometry": {"coordinates": [10.92348, 48.3057], "type": "Point"}, "properties": {"oid": "7631BG016384"}, "type": "Feature"}, {"geometry": {"coordinates": [12.5667, 48.88828], "type": "Point"}, "properties": {"oid": "7141BG000071"}, "type": "Feature"}, {"geometry": {"coordinates": [12.03336, 48.38033], "type": "Point"}, "properties": {"oid": "7638BG000073"}, "type": "Feature"}, {"geometry": {"coordinates": [9.78612, 50.37665], "type": "Point"}, "properties": {"oid": "5624BG015015"}, "type": "Feature"}, {"geometry": {"coordinates": [12.32272, 48.53485], "type": "Point"}, "properties": {"oid": "7439BG015427"}, "type": "Feature"}, {"geometry": {"coordinates": [12.07084, 48.11319], "type": "Point"}, "properties": {"oid": "7838BG015161"}, "type": "Feature"}, {"geometry": {"coordinates": [12.07247, 48.11127], "type": "Point"}, "properties": {"oid": "7838BG015162"}, "type": "Feature"}, {"geometry": {"coordinates": [10.94835, 48.8074], "type": "Point"}, "properties": {"oid": "7131BG000023"}, "type": "Feature"}, {"geometry": {"coordinates": [12.2128, 48.09005], "type": "Point"}, "properties": {"oid": "7939BG015143"}, "type": "Feature"}, {"geometry": {"coordinates": [11.47479, 48.03445], "type": "Point"}, "properties": {"oid": "7934BG015025"}, "type": "Feature"}, {"geometry": {"coordinates": [12.15009, 48.82931], "type": "Point"}, "properties": {"oid": "7138BG015185"}, "type": "Feature"}, {"geometry": {"coordinates": [12.17495, 48.27163], "type": "Point"}, "properties": {"oid": "7739BG015017"}, "type": "Feature"}, {"geometry": {"coordinates": [10.60246, 48.19217], "type": "Point"}, "properties": {"oid": "7829BG015016"}, "type": "Feature"}, {"geometry": {"coordinates": [11.57269, 50.14167], "type": "Point"}, "properties": {"oid": "5835BG000007"}, "type": "Feature"}, {"geometry": {"coordinates": [12.64853, 48.29208], "type": "Point"}, "properties": {"oid": "7741BG015022"}, "type": "Feature"}, {"geometry": {"coordinates": [10.86015, 47.72961], "type": "Point"}, "properties": {"oid": "8231BG015258"}, "type": "Feature"}, {"geometry": {"coordinates": [12.77275, 48.14676], "type": "Point"}, "properties": {"oid": "7842BG015377"}, "type": "Feature"}, {"geometry": {"coordinates": [10.92659, 48.28746], "type": "Point"}, "properties": {"oid": "7731BG015079"}, "type": "Feature"}, {"geometry": {"coordinates": [12.14165, 47.78839], "type": "Point"}, "properties": {"oid": "8238BG000003"}, "type": "Feature"}, {"geometry": {"coordinates": [11.25785, 49.93897], "type": "Point"}, "properties": {"oid": "6033BG015053"}, "type": "Feature"}, {"geometry": {"coordinates": [11.37163, 47.75337], "type": "Point"}, "properties": {"oid": "8234BG015530"}, "type": "Feature"}, {"geometry": {"coordinates": [11.50397, 49.3149], "type": "Point"}, "properties": {"oid": "6635BG015007"}, "type": "Feature"}, {"geometry": {"coordinates": [11.93666, 49.54573], "type": "Point"}, "properties": {"oid": "6437BG015021"}, "type": "Feature"}, {"geometry": {"coordinates": [10.90472, 48.33406], "type": "Point"}, "properties": {"oid": "7631BG017504"}, "type": "Feature"}, {"geometry": {"coordinates": [12.83687, 48.18497], "type": "Point"}, "properties": {"oid": "7843BG015217"}, "type": "Feature"}, {"geometry": {"coordinates": [10.59023, 48.51494], "type": "Point"}, "properties": {"oid": "7429BG015309"}, "type": "Feature"}, {"geometry": {"coordinates": [12.50529, 47.68882], "type": "Point"}, "properties": {"oid": "8341BG000001"}, "type": "Feature"}, {"geometry": {"coordinates": [11.66577, 48.29979], "type": "Point"}, "properties": {"oid": "7636BG017246"}, "type": "Feature"}, {"geometry": {"coordinates": [11.45997, 49.65945], "type": "Point"}, "properties": {"oid": "6334BG000001"}, "type": "Feature"}, {"geometry": {"coordinates": [11.72617, 47.89171], "type": "Point"}, "properties": {"oid": "8136BG015076"}, "type": "Feature"}, {"geometry": {"coordinates": [11.49381, 49.74243], "type": "Point"}, "properties": {"oid": "6234BG000015"}, "type": "Feature"}, {"geometry": {"coordinates": [10.95576, 47.77324], "type": "Point"}, "properties": {"oid": "8231BG015067"}, "type": "Feature"}, {"geometry": {"coordinates": [12.29758, 48.11068], "type": "Point"}, "properties": {"oid": "7839BG000017"}, "type": "Feature"}, {"geometry": {"coordinates": [11.33448, 47.99325], "type": "Point"}, "properties": {"oid": "8034BG015942"}, "type": "Feature"}, {"geometry": {"coordinates": [10.43988, 49.10506], "type": "Point"}, "properties": {"oid": "6828BG000022"}, "type": "Feature"}, {"geometry": {"coordinates": [10.91318, 48.28086], "type": "Point"}, "properties": {"oid": "7731BG015502"}, "type": "Feature"}, {"geometry": {"coordinates": [11.52978, 47.73786], "type": "Point"}, "properties": {"oid": "8235BG015403"}, "type": "Feature"}, {"geometry": {"coordinates": [11.00638, 50.31849], "type": "Point"}, "properties": {"oid": "5632BG000215"}, "type": "Feature"}, {"geometry": {"coordinates": [11.23541, 47.78536], "type": "Point"}, "properties": {"oid": "8233BG000001"}, "type": "Feature"}, {"geometry": {"coordinates": [11.46955, 48.1927], "type": "Point"}, "properties": {"oid": "7834BG000660"}, "type": "Feature"}, {"geometry": {"coordinates": [10.01476, 50.21711], "type": "Point"}, "properties": {"oid": "5726BG000032"}, "type": "Feature"}, {"geometry": {"coordinates": [13.29794, 48.4248], "type": "Point"}, "properties": {"oid": "7545BG015255"}, "type": "Feature"}, {"geometry": {"coordinates": [12.30382, 48.46566], "type": "Point"}, "properties": {"oid": "7539BG015113"}, "type": "Feature"}, {"geometry": {"coordinates": [11.55045, 48.13992], "type": "Point"}, "properties": {"oid": "7835BG015789"}, "type": "Feature"}, {"geometry": {"coordinates": [12.51158, 47.81566], "type": "Point"}, "properties": {"oid": "8141BG000003"}, "type": "Feature"}, {"geometry": {"coordinates": [10.78765, 49.70211], "type": "Point"}, "properties": {"oid": "6230BG000014"}, "type": "Feature"}, {"geometry": {"coordinates": [11.8378, 47.79489], "type": "Point"}, "properties": {"oid": "8237BG000001"}, "type": "Feature"}, {"geometry": {"coordinates": [10.39799, 48.05881], "type": "Point"}, "properties": {"oid": "7928BG015200"}, "type": "Feature"}, {"geometry": {"coordinates": [10.69775, 48.39441], "type": "Point"}, "properties": {"oid": "7630BG015007"}, "type": "Feature"}, {"geometry": {"coordinates": [10.93053, 48.28269], "type": "Point"}, "properties": {"oid": "7731BG015076"}, "type": "Feature"}, {"geometry": {"coordinates": [11.86398, 47.96998], "type": "Point"}, "properties": {"oid": "8037BG015066"}, "type": "Feature"}, {"geometry": {"coordinates": [11.77571, 49.21307], "type": "Point"}, "properties": {"oid": "6736BG015020"}, "type": "Feature"}, {"geometry": {"coordinates": [10.65354, 48.3095], "type": "Point"}, "properties": {"oid": "7629BG015020"}, "type": "Feature"}, {"geometry": {"coordinates": [11.76873, 49.57914], "type": "Point"}, "properties": {"oid": "6436BG015162"}, "type": "Feature"}, {"geometry": {"coordinates": [12.26106, 47.83592], "type": "Point"}, "properties": {"oid": "8139BG015191"}, "type": "Feature"}, {"geometry": {"coordinates": [12.25606, 47.83494], "type": "Point"}, "properties": {"oid": "8139BG015192"}, "type": "Feature"}, {"geometry": {"coordinates": [13.33175, 49.01421], "type": "Point"}, "properties": {"oid": "6946BG000012"}, "type": "Feature"}, {"geometry": {"coordinates": [11.01541, 48.92867], "type": "Point"}, "properties": {"oid": "7032BG000034"}, "type": "Feature"}, {"geometry": {"coordinates": [11.88467, 48.30976], "type": "Point"}, "properties": {"oid": "7637BG015148"}, "type": "Feature"}, {"geometry": {"coordinates": [11.55838, 49.56567], "type": "Point"}, "properties": {"oid": "6435BG000003"}, "type": "Feature"}, {"geometry": {"coordinates": [11.5517, 48.14102], "type": "Point"}, "properties": {"oid": "7835BG018733"}, "type": "Feature"}, {"geometry": {"coordinates": [12.52837, 49.20374], "type": "Point"}, "properties": {"oid": "6741BG015118"}, "type": "Feature"}, {"geometry": {"coordinates": [12.83049, 48.19548], "type": "Point"}, "properties": {"oid": "7842BG015137"}, "type": "Feature"}, {"geometry": {"coordinates": [12.65091, 48.86621], "type": "Point"}, "properties": {"oid": "7141BG015445"}, "type": "Feature"}, {"geometry": {"coordinates": [12.08998, 48.20875], "type": "Point"}, "properties": {"oid": "7738BG015097"}, "type": "Feature"}, {"geometry": {"coordinates": [11.97343, 48.06614], "type": "Point"}, "properties": {"oid": "7937BG015138"}, "type": "Feature"}, {"geometry": {"coordinates": [11.75371, 47.70969], "type": "Point"}, "properties": {"oid": "8236BG015118"}, "type": "Feature"}, {"geometry": {"coordinates": [11.90726, 49.95065], "type": "Point"}, "properties": {"oid": "6037BG015073"}, "type": "Feature"}, {"geometry": {"coordinates": [11.42087, 50.02086], "type": "Point"}, "properties": {"oid": "5934BG015127"}, "type": "Feature"}, {"geometry": {"coordinates": [11.42191, 50.02341], "type": "Point"}, "properties": {"oid": "5934BG015129"}, "type": "Feature"}, {"geometry": {"coordinates": [11.86, 48.05137], "type": "Point"}, "properties": {"oid": "7937BG000002"}, "type": "Feature"}, {"geometry": {"coordinates": [12.63948, 48.15743], "type": "Point"}, "properties": {"oid": "7841BG000006"}, "type": "Feature"}, {"geometry": {"coordinates": [12.29783, 47.89745], "type": "Point"}, "properties": {"oid": "8139BG015048"}, "type": "Feature"}, {"geometry": {"coordinates": [11.74216, 49.82955], "type": "Point"}, "properties": {"oid": "6136BG000086"}, "type": "Feature"}, {"geometry": {"coordinates": [12.52848, 49.20383], "type": "Point"}, "properties": {"oid": "6741BG000172"}, "type": "Feature"}, {"geometry": {"coordinates": [11.15862, 48.29455], "type": "Point"}, "properties": {"oid": "7732BG015014"}, "type": "Feature"}, {"geometry": {"coordinates": [10.87003, 48.9677], "type": "Point"}, "properties": {"oid": "7031BG015164"}, "type": "Feature"}, {"geometry": {"coordinates": [11.42071, 50.02401], "type": "Point"}, "properties": {"oid": "5934BG015179"}, "type": "Feature"}, {"geometry": {"coordinates": [11.20528, 49.42282], "type": "Point"}, "properties": {"oid": "6533BG015406"}, "type": "Feature"}, {"geometry": {"coordinates": [11.60761, 48.12487], "type": "Point"}, "properties": {"oid": "7835BG018172"}, "type": "Feature"}, {"geometry": {"coordinates": [11.60642, 48.12492], "type": "Point"}, "properties": {"oid": "7835BG018171"}, "type": "Feature"}, {"geometry": {"coordinates": [12.12627, 49.39164], "type": "Point"}, "properties": {"oid": "6638BG015384"}, "type": "Feature"}, {"geometry": {"coordinates": [11.77261, 49.5785], "type": "Point"}, "properties": {"oid": "6436BG015161"}, "type": "Feature"}, {"geometry": {"coordinates": [11.50007, 49.31472], "type": "Point"}, "properties": {"oid": "6635BG015014"}, "type": "Feature"}, {"geometry": {"coordinates": [12.32299, 48.12408], "type": "Point"}, "properties": {"oid": "7839BG015147"}, "type": "Feature"}, {"geometry": {"coordinates": [9.92776, 49.76975], "type": "Point"}, "properties": {"oid": "6225BG018414"}, "type": "Feature"}, {"geometry": {"coordinates": [12.14721, 47.62306], "type": "Point"}, "properties": {"oid": "8338BG015118"}, "type": "Feature"}, {"geometry": {"coordinates": [11.3527, 48.05156], "type": "Point"}, "properties": {"oid": "7934BG015504"}, "type": "Feature"}, {"geometry": {"coordinates": [11.45586, 48.25907], "type": "Point"}, "properties": {"oid": "7734BG015870"}, "type": "Feature"}, {"geometry": {"coordinates": [12.36102, 47.91259], "type": "Point"}, "properties": {"oid": "8040BG015227"}, "type": "Feature"}, {"geometry": {"coordinates": [12.32779, 48.06329], "type": "Point"}, "properties": {"oid": "7939BG015274"}, "type": "Feature"}, {"geometry": {"coordinates": [11.12659, 49.4866], "type": "Point"}, "properties": {"oid": "6532BG021145"}, "type": "Feature"}, {"geometry": {"coordinates": [12.0031, 49.74759], "type": "Point"}, "properties": {"oid": "6238BG000008"}, "type": "Feature"}, {"geometry": {"coordinates": [11.20128, 47.9197], "type": "Point"}, "properties": {"oid": "8033BG015555"}, "type": "Feature"}, {"geometry": {"coordinates": [11.55863, 48.14052], "type": "Point"}, "properties": {"oid": "7835BG018446"}, "type": "Feature"}, {"geometry": {"coordinates": [11.55818, 48.14023], "type": "Point"}, "properties": {"oid": "7835BG018451"}, "type": "Feature"}, {"geometry": {"coordinates": [11.55803, 48.14057], "type": "Point"}, "properties": {"oid": "7835BG018452"}, "type": "Feature"}, {"geometry": {"coordinates": [11.55843, 48.14054], "type": "Point"}, "properties": {"oid": "7835BG018448"}, "type": "Feature"}, {"geometry": {"coordinates": [11.55798, 48.14025], "type": "Point"}, "properties": {"oid": "7835BG018453"}, "type": "Feature"}, {"geometry": {"coordinates": [11.55823, 48.14055], "type": "Point"}, "properties": {"oid": "7835BG018450"}, "type": "Feature"}, {"geometry": {"coordinates": [11.55782, 48.14059], "type": "Point"}, "properties": {"oid": "7835BG018444"}, "type": "Feature"}, {"geometry": {"coordinates": [11.55805, 48.14024], "type": "Point"}, "properties": {"oid": "7835BG018457"}, "type": "Feature"}, {"geometry": {"coordinates": [11.79877, 48.05747], "type": "Point"}, "properties": {"oid": "7936BG015166"}, "type": "Feature"}, {"geometry": {"coordinates": [11.55813, 48.14056], "type": "Point"}, "properties": {"oid": "7835BG018454"}, "type": "Feature"}, {"geometry": {"coordinates": [11.55858, 48.1402], "type": "Point"}, "properties": {"oid": "7835BG018447"}, "type": "Feature"}, {"geometry": {"coordinates": [11.55838, 48.14021], "type": "Point"}, "properties": {"oid": "7835BG018449"}, "type": "Feature"}, {"geometry": {"coordinates": [11.55848, 48.14021], "type": "Point"}, "properties": {"oid": "7835BG018456"}, "type": "Feature"}, {"geometry": {"coordinates": [11.55777, 48.14026], "type": "Point"}, "properties": {"oid": "7835BG018445"}, "type": "Feature"}, {"geometry": {"coordinates": [11.49953, 50.11498], "type": "Point"}, "properties": {"oid": "5835BG015193"}, "type": "Feature"}, {"geometry": {"coordinates": [12.6702, 48.01223], "type": "Point"}, "properties": {"oid": "7942BG015304"}, "type": "Feature"}, {"geometry": {"coordinates": [10.89173, 48.38529], "type": "Point"}, "properties": {"oid": "7631BG017432"}, "type": "Feature"}, {"geometry": {"coordinates": [11.28019, 47.6886], "type": "Point"}, "properties": {"oid": "8333BG015489"}, "type": "Feature"}, {"geometry": {"coordinates": [12.15642, 48.96676], "type": "Point"}, "properties": {"oid": "7038BG015666"}, "type": "Feature"}, {"geometry": {"coordinates": [10.86594, 48.96709], "type": "Point"}, "properties": {"oid": "7031BG015167"}, "type": "Feature"}, {"geometry": {"coordinates": [12.62557, 48.16333], "type": "Point"}, "properties": {"oid": "7841BG015355"}, "type": "Feature"}, {"geometry": {"coordinates": [10.97528, 48.35443], "type": "Point"}, "properties": {"oid": "7631BG017938"}, "type": "Feature"}, {"geometry": {"coordinates": [11.42378, 48.24399], "type": "Point"}, "properties": {"oid": "7734BG015006"}, "type": "Feature"}, {"geometry": {"coordinates": [12.18063, 49.36586], "type": "Point"}, "properties": {"oid": "6639BG015019"}, "type": "Feature"}, {"geometry": {"coordinates": [9.95602, 49.84283], "type": "Point"}, "properties": {"oid": "6125BG016157"}, "type": "Feature"}, {"geometry": {"coordinates": [11.81, 47.80155], "type": "Point"}, "properties": {"oid": "8136BG015150"}, "type": "Feature"}, {"geometry": {"coordinates": [9.82716, 49.78714], "type": "Point"}, "properties": {"oid": "6224BG000005"}, "type": "Feature"}, {"geometry": {"coordinates": [10.87835, 48.37023], "type": "Point"}, "properties": {"oid": "7631BG017614"}, "type": "Feature"}, {"geometry": {"coordinates": [11.83388, 48.04292], "type": "Point"}, "properties": {"oid": "7937BG015137"}, "type": "Feature"}, {"geometry": {"coordinates": [11.56041, 48.14049], "type": "Point"}, "properties": {"oid": "7835BG018222"}, "type": "Feature"}, {"geometry": {"coordinates": [12.21079, 48.0888], "type": "Point"}, "properties": {"oid": "7939BG015288"}, "type": "Feature"}, {"geometry": {"coordinates": [11.31512, 48.72899], "type": "Point"}, "properties": {"oid": "7233BG000890"}, "type": "Feature"}, {"geometry": {"coordinates": [10.91339, 49.47394], "type": "Point"}, "properties": {"oid": "6531BG016368"}, "type": "Feature"}, {"geometry": {"coordinates": [12.86123, 47.72174], "type": "Point"}, "properties": {"oid": "8243BG000023"}, "type": "Feature"}, {"geometry": {"coordinates": [12.87912, 47.71947], "type": "Point"}, "properties": {"oid": "8243BG000024"}, "type": "Feature"}, {"geometry": {"coordinates": [12.06689, 49.96803], "type": "Point"}, "properties": {"oid": "6038BG000023"}, "type": "Feature"}, {"geometry": {"coordinates": [11.76743, 49.57452], "type": "Point"}, "properties": {"oid": "6436BG015160"}, "type": "Feature"}, {"geometry": {"coordinates": [10.43002, 49.3098], "type": "Point"}, "properties": {"oid": "6628BG015072"}, "type": "Feature"}, {"geometry": {"coordinates": [12.07802, 48.17224], "type": "Point"}, "properties": {"oid": "7838BG000017"}, "type": "Feature"}, {"geometry": {"coordinates": [12.01459, 49.01197], "type": "Point"}, "properties": {"oid": "6938BG017013"}, "type": "Feature"}, {"geometry": {"coordinates": [10.42139, 48.1036], "type": "Point"}, "properties": {"oid": "7828BG000041"}, "type": "Feature"}, {"geometry": {"coordinates": [10.61415, 48.7248], "type": "Point"}, "properties": {"oid": "7229BG015181"}, "type": "Feature"}, {"geometry": {"coordinates": [12.12275, 48.13137], "type": "Point"}, "properties": {"oid": "7838BG015110"}, "type": "Feature"}, {"geometry": {"coordinates": [12.53418, 48.21456], "type": "Point"}, "properties": {"oid": "7741BG015224"}, "type": "Feature"}, {"geometry": {"coordinates": [12.33138, 48.54527], "type": "Point"}, "properties": {"oid": "7439BG015483"}, "type": "Feature"}, {"geometry": {"coordinates": [11.22678, 48.51231], "type": "Point"}, "properties": {"oid": "7433BG015361"}, "type": "Feature"}, {"geometry": {"coordinates": [12.6441, 48.13605], "type": "Point"}, "properties": {"oid": "7841BG015336"}, "type": "Feature"}, {"geometry": {"coordinates": [11.59528, 50.10546], "type": "Point"}, "properties": {"oid": "5835BG015270"}, "type": "Feature"}, {"geometry": {"coordinates": [12.17296, 49.36914], "type": "Point"}, "properties": {"oid": "6639BG015029"}, "type": "Feature"}, {"geometry": {"coordinates": [11.72355, 48.43758], "type": "Point"}, "properties": {"oid": "7536BG015001"}, "type": "Feature"}, {"geometry": {"coordinates": [10.31036, 49.82275], "type": "Point"}, "properties": {"oid": "6127BG015471"}, "type": "Feature"}, {"geometry": {"coordinates": [10.89123, 48.38969], "type": "Point"}, "properties": {"oid": "7631BG017394"}, "type": "Feature"}, {"geometry": {"coordinates": [11.57546, 47.80065], "type": "Point"}, "properties": {"oid": "8135BG015001"}, "type": "Feature"}, {"geometry": {"coordinates": [10.92713, 48.77166], "type": "Point"}, "properties": {"oid": "7231BG000001"}, "type": "Feature"}, {"geometry": {"coordinates": [12.90858, 47.73132], "type": "Point"}, "properties": {"oid": "8243BG000006"}, "type": "Feature"}, {"geometry": {"coordinates": [10.91609, 48.91115], "type": "Point"}, "properties": {"oid": "7031BG000002"}, "type": "Feature"}, {"geometry": {"coordinates": [12.44961, 49.65969], "type": "Point"}, "properties": {"oid": "6340BG015034"}, "type": "Feature"}, {"geometry": {"coordinates": [10.89544, 48.92588], "type": "Point"}, "properties": {"oid": "7031BG000008"}, "type": "Feature"}, {"geometry": {"coordinates": [12.42395, 47.92666], "type": "Point"}, "properties": {"oid": "8040BG015125"}, "type": "Feature"}, {"geometry": {"coordinates": [12.42396, 47.9267], "type": "Point"}, "properties": {"oid": "8040BG000022"}, "type": "Feature"}, {"geometry": {"coordinates": [11.60633, 48.12696], "type": "Point"}, "properties": {"oid": "7835BG018003"}, "type": "Feature"}, {"geometry": {"coordinates": [11.62077, 48.02346], "type": "Point"}, "properties": {"oid": "7935BG015340"}, "type": "Feature"}, {"geometry": {"coordinates": [12.4203, 48.20133], "type": "Point"}, "properties": {"oid": "7740BG015203"}, "type": "Feature"}, {"geometry": {"coordinates": [12.29532, 47.90081], "type": "Point"}, "properties": {"oid": "8039BG000009"}, "type": "Feature"}, {"geometry": {"coordinates": [12.23501, 48.10596], "type": "Point"}, "properties": {"oid": "7839BG000016"}, "type": "Feature"}, {"geometry": {"coordinates": [12.19083, 48.16767], "type": "Point"}, "properties": {"oid": "7839BG000004"}, "type": "Feature"}, {"geometry": {"coordinates": [12.40712, 48.06642], "type": "Point"}, "properties": {"oid": "7940BG000010"}, "type": "Feature"}, {"geometry": {"coordinates": [10.94364, 47.92169], "type": "Point"}, "properties": {"oid": "8031BG000003"}, "type": "Feature"}, {"geometry": {"coordinates": [12.31917, 48.18552], "type": "Point"}, "properties": {"oid": "7839BG015114"}, "type": "Feature"}, {"geometry": {"coordinates": [12.4128, 48.23914], "type": "Point"}, "properties": {"oid": "7740BG000003"}, "type": "Feature"}, {"geometry": {"coordinates": [12.15333, 48.54749], "type": "Point"}, "properties": {"oid": "7438BG015872"}, "type": "Feature"}, {"geometry": {"coordinates": [10.83661, 48.37798], "type": "Point"}, "properties": {"oid": "7631BG018020"}, "type": "Feature"}, {"geometry": {"coordinates": [12.38266, 48.06735], "type": "Point"}, "properties": {"oid": "7940BG000017"}, "type": "Feature"}, {"geometry": {"coordinates": [12.41629, 48.0136], "type": "Point"}, "properties": {"oid": "7940BG000006"}, "type": "Feature"}, {"geometry": {"coordinates": [11.0241, 47.75901], "type": "Point"}, "properties": {"oid": "8232BG000001"}, "type": "Feature"}, {"geometry": {"coordinates": [12.12036, 47.89636], "type": "Point"}, "properties": {"oid": "8138BG000025"}, "type": "Feature"}, {"geometry": {"coordinates": [9.98593, 48.38482], "type": "Point"}, "properties": {"oid": "7625BG015001"}, "type": "Feature"}, {"geometry": {"coordinates": [12.87252, 47.72464], "type": "Point"}, "properties": {"oid": "8243BG000022"}, "type": "Feature"}, {"geometry": {"coordinates": [12.5667, 48.88828], "type": "Point"}, "properties": {"oid": "7141BG000075"}, "type": "Feature"}, {"geometry": {"coordinates": [12.86816, 47.72818], "type": "Point"}, "properties": {"oid": "8243BG000027"}, "type": "Feature"}, {"geometry": {"coordinates": [10.35143, 50.00988], "type": "Point"}, "properties": {"oid": "5928BG015250"}, "type": "Feature"}, {"geometry": {"coordinates": [12.08445, 49.03545], "type": "Point"}, "properties": {"oid": "6938BG017026"}, "type": "Feature"}, {"geometry": {"coordinates": [11.60768, 48.12438], "type": "Point"}, "properties": {"oid": "7835BG018173"}, "type": "Feature"}, {"geometry": {"coordinates": [13.17747, 49.12344], "type": "Point"}, "properties": {"oid": "6845BG015054"}, "type": "Feature"}, {"geometry": {"coordinates": [11.63267, 49.70547], "type": "Point"}, "properties": {"oid": "6235BG000036"}, "type": "Feature"}, {"geometry": {"coordinates": [11.66949, 48.46642], "type": "Point"}, "properties": {"oid": "7536BG015574"}, "type": "Feature"}, {"geometry": {"coordinates": [11.46596, 49.47843], "type": "Point"}, "properties": {"oid": "6534BG015069"}, "type": "Feature"}, {"geometry": {"coordinates": [12.45405, 49.67602], "type": "Point"}, "properties": {"oid": "6340BG015033"}, "type": "Feature"}, {"geometry": {"coordinates": [9.73987, 50.3529], "type": "Point"}, "properties": {"oid": "5624BG015046"}, "type": "Feature"}, {"geometry": {"coordinates": [9.74532, 50.34985], "type": "Point"}, "properties": {"oid": "5624BG015061"}, "type": "Feature"}, {"geometry": {"coordinates": [12.15017, 48.82925], "type": "Point"}, "properties": {"oid": "7138BG015188"}, "type": "Feature"}, {"geometry": {"coordinates": [11.38627, 48.02479], "type": "Point"}, "properties": {"oid": "7934BG015491"}, "type": "Feature"}, {"geometry": {"coordinates": [11.37716, 48.03229], "type": "Point"}, "properties": {"oid": "7934BG015494"}, "type": "Feature"}, {"geometry": {"coordinates": [11.39914, 48.02309], "type": "Point"}, "properties": {"oid": "7934BG015492"}, "type": "Feature"}, {"geometry": {"coordinates": [11.48827, 48.46208], "type": "Point"}, "properties": {"oid": "7534BG015180"}, "type": "Feature"}, {"geometry": {"coordinates": [11.40507, 48.02313], "type": "Point"}, "properties": {"oid": "7934BG015490"}, "type": "Feature"}, {"geometry": {"coordinates": [11.38655, 48.01424], "type": "Point"}, "properties": {"oid": "7934BG015489"}, "type": "Feature"}, {"geometry": {"coordinates": [12.51989, 49.92255], "type": "Point"}, "properties": {"oid": "6041BG000006"}, "type": "Feature"}, {"geometry": {"coordinates": [11.47024, 48.00628], "type": "Point"}, "properties": {"oid": "7934BG015534"}, "type": "Feature"}, {"geometry": {"coordinates": [12.61808, 48.25613], "type": "Point"}, "properties": {"oid": "7741BG015519"}, "type": "Feature"}, {"geometry": {"coordinates": [12.07783, 48.11142], "type": "Point"}, "properties": {"oid": "7838BG015213"}, "type": "Feature"}, {"geometry": {"coordinates": [11.80299, 50.39446], "type": "Point"}, "properties": {"oid": "5636BG015084"}, "type": "Feature"}, {"geometry": {"coordinates": [11.65561, 47.88835], "type": "Point"}, "properties": {"oid": "8135BG015444"}, "type": "Feature"}, {"geometry": {"coordinates": [10.81831, 48.39498], "type": "Point"}, "properties": {"oid": "7630BG015228"}, "type": "Feature"}, {"geometry": {"coordinates": [11.60617, 50.39216], "type": "Point"}, "properties": {"oid": "5635BG015011"}, "type": "Feature"}, {"geometry": {"coordinates": [11.64874, 48.40442], "type": "Point"}, "properties": {"oid": "7535BG015214"}, "type": "Feature"}, {"geometry": {"coordinates": [12.99981, 48.35784], "type": "Point"}, "properties": {"oid": "7644BG015141"}, "type": "Feature"}, {"geometry": {"coordinates": [10.22258, 48.21428], "type": "Point"}, "properties": {"oid": "7727BG015138"}, "type": "Feature"}, {"geometry": {"coordinates": [12.16522, 47.61513], "type": "Point"}, "properties": {"oid": "8339BG015109"}, "type": "Feature"}, {"geometry": {"coordinates": [12.69296, 48.20935], "type": "Point"}, "properties": {"oid": "7742BG000007"}, "type": "Feature"}, {"geometry": {"coordinates": [12.08206, 47.90782], "type": "Point"}, "properties": {"oid": "8038BG015348"}, "type": "Feature"}, {"geometry": {"coordinates": [11.51072, 49.31426], "type": "Point"}, "properties": {"oid": "6635BG015045"}, "type": "Feature"}, {"geometry": {"coordinates": [11.65584, 50.2167], "type": "Point"}, "properties": {"oid": "5735BG000074"}, "type": "Feature"}, {"geometry": {"coordinates": [12.13358, 47.71817], "type": "Point"}, "properties": {"oid": "8238BG015544"}, "type": "Feature"}, {"geometry": {"coordinates": [12.14987, 47.64648], "type": "Point"}, "properties": {"oid": "8338BG015122"}, "type": "Feature"}, {"geometry": {"coordinates": [12.17898, 47.61745], "type": "Point"}, "properties": {"oid": "8339BG015113"}, "type": "Feature"}, {"geometry": {"coordinates": [11.28006, 48.0503], "type": "Point"}, "properties": {"oid": "7933BG015576"}, "type": "Feature"}, {"geometry": {"coordinates": [12.17519, 47.66147], "type": "Point"}, "properties": {"oid": "8339BG015114"}, "type": "Feature"}, {"geometry": {"coordinates": [12.2167, 48.08977], "type": "Point"}, "properties": {"oid": "7939BG015307"}, "type": "Feature"}, {"geometry": {"coordinates": [12.15013, 48.82936], "type": "Point"}, "properties": {"oid": "7138BG015189"}, "type": "Feature"}, {"geometry": {"coordinates": [11.44369, 47.55647], "type": "Point"}, "properties": {"oid": "8434BG015035"}, "type": "Feature"}, {"geometry": {"coordinates": [12.08753, 49.03526], "type": "Point"}, "properties": {"oid": "6938BG000072"}, "type": "Feature"}, {"geometry": {"coordinates": [12.00954, 48.08337], "type": "Point"}, "properties": {"oid": "7938BG000006"}, "type": "Feature"}, {"geometry": {"coordinates": [11.38933, 48.62633], "type": "Point"}, "properties": {"oid": "7334BG000562"}, "type": "Feature"}, {"geometry": {"coordinates": [12.73418, 48.21076], "type": "Point"}, "properties": {"oid": "7742BG015519"}, "type": "Feature"}, {"geometry": {"coordinates": [12.73188, 48.21203], "type": "Point"}, "properties": {"oid": "7742BG015520"}, "type": "Feature"}, {"geometry": {"coordinates": [10.58188, 49.13289], "type": "Point"}, "properties": {"oid": "6829BG000059"}, "type": "Feature"}, {"geometry": {"coordinates": [10.60197, 49.13247], "type": "Point"}, "properties": {"oid": "6829BG015084"}, "type": "Feature"}, {"geometry": {"coordinates": [11.65755, 49.67687], "type": "Point"}, "properties": {"oid": "6335BG015111"}, "type": "Feature"}, {"geometry": {"coordinates": [11.66436, 49.67392], "type": "Point"}, "properties": {"oid": "6335BG015120"}, "type": "Feature"}, {"geometry": {"coordinates": [11.66408, 49.67437], "type": "Point"}, "properties": {"oid": "6335BG015122"}, "type": "Feature"}, {"geometry": {"coordinates": [11.6595, 49.67543], "type": "Point"}, "properties": {"oid": "6335BG015126"}, "type": "Feature"}, {"geometry": {"coordinates": [11.6595, 49.67597], "type": "Point"}, "properties": {"oid": "6335BG015114"}, "type": "Feature"}, {"geometry": {"coordinates": [11.65742, 49.67561], "type": "Point"}, "properties": {"oid": "6335BG015121"}, "type": "Feature"}, {"geometry": {"coordinates": [11.66242, 49.674], "type": "Point"}, "properties": {"oid": "6335BG015125"}, "type": "Feature"}, {"geometry": {"coordinates": [12.29979, 48.349], "type": "Point"}, "properties": {"oid": "7639BG015057"}, "type": "Feature"}, {"geometry": {"coordinates": [12.08583, 49.2151], "type": "Point"}, "properties": {"oid": "6738BG015029"}, "type": "Feature"}, {"geometry": {"coordinates": [11.37599, 47.98065], "type": "Point"}, "properties": {"oid": "8034BG016026"}, "type": "Feature"}, {"geometry": {"coordinates": [10.74639, 47.65352], "type": "Point"}, "properties": {"oid": "8330BG015218"}, "type": "Feature"}, {"geometry": {"coordinates": [10.74644, 47.65379], "type": "Point"}, "properties": {"oid": "8330BG015219"}, "type": "Feature"}, {"geometry": {"coordinates": [10.74654, 47.65413], "type": "Point"}, "properties": {"oid": "8330BG015220"}, "type": "Feature"}, {"geometry": {"coordinates": [11.59799, 48.12577], "type": "Point"}, "properties": {"oid": "7835BG018079"}, "type": "Feature"}, {"geometry": {"coordinates": [11.66061, 49.67562], "type": "Point"}, "properties": {"oid": "6335BG015116"}, "type": "Feature"}, {"geometry": {"coordinates": [11.80444, 50.39446], "type": "Point"}, "properties": {"oid": "5636BG015085"}, "type": "Feature"}, {"geometry": {"coordinates": [11.80584, 50.39446], "type": "Point"}, "properties": {"oid": "5636BG015087"}, "type": "Feature"}, {"geometry": {"coordinates": [11.80725, 50.39447], "type": "Point"}, "properties": {"oid": "5636BG015088"}, "type": "Feature"}, {"geometry": {"coordinates": [11.69833, 48.41905], "type": "Point"}, "properties": {"oid": "7536BG015609"}, "type": "Feature"}, {"geometry": {"coordinates": [11.80163, 50.39356], "type": "Point"}, "properties": {"oid": "5636BG015090"}, "type": "Feature"}, {"geometry": {"coordinates": [11.80445, 50.39447], "type": "Point"}, "properties": {"oid": "5636BG015086"}, "type": "Feature"}, {"geometry": {"coordinates": [11.46918, 48.01656], "type": "Point"}, "properties": {"oid": "7934BG015533"}, "type": "Feature"}, {"geometry": {"coordinates": [12.1991, 49.32465], "type": "Point"}, "properties": {"oid": "6639BG015086"}, "type": "Feature"}, {"geometry": {"coordinates": [11.61541, 49.87763], "type": "Point"}, "properties": {"oid": "6135BG015060"}, "type": "Feature"}, {"geometry": {"coordinates": [11.68764, 48.42831], "type": "Point"}, "properties": {"oid": "7536BG015505"}, "type": "Feature"}, {"geometry": {"coordinates": [13.09818, 48.3863], "type": "Point"}, "properties": {"oid": "7644BG015139"}, "type": "Feature"}, {"geometry": {"coordinates": [11.66061, 49.67499], "type": "Point"}, "properties": {"oid": "6335BG015124"}, "type": "Feature"}, {"geometry": {"coordinates": [11.66353, 49.67365], "type": "Point"}, "properties": {"oid": "6335BG015123"}, "type": "Feature"}, {"geometry": {"coordinates": [11.65589, 49.67695], "type": "Point"}, "properties": {"oid": "6335BG015119"}, "type": "Feature"}, {"geometry": {"coordinates": [11.65672, 49.67713], "type": "Point"}, "properties": {"oid": "6335BG015110"}, "type": "Feature"}, {"geometry": {"coordinates": [11.65797, 49.67651], "type": "Point"}, "properties": {"oid": "6335BG015115"}, "type": "Feature"}, {"geometry": {"coordinates": [10.54671, 49.12749], "type": "Point"}, "properties": {"oid": "6829BG000057"}, "type": "Feature"}, {"geometry": {"coordinates": [11.64118, 49.69911], "type": "Point"}, "properties": {"oid": "6235BG000245"}, "type": "Feature"}, {"geometry": {"coordinates": [11.64201, 49.69903], "type": "Point"}, "properties": {"oid": "6235BG000246"}, "type": "Feature"}, {"geometry": {"coordinates": [11.55853, 48.14053], "type": "Point"}, "properties": {"oid": "7835BG018455"}, "type": "Feature"}, {"geometry": {"coordinates": [11.79587, 49.53406], "type": "Point"}, "properties": {"oid": "6436BG000003"}, "type": "Feature"}, {"geometry": {"coordinates": [9.40128, 49.8034], "type": "Point"}, "properties": {"oid": "6122BG015069"}, "type": "Feature"}, {"geometry": {"coordinates": [11.94012, 50.13619], "type": "Point"}, "properties": {"oid": "5837BG000026"}, "type": "Feature"}, {"geometry": {"coordinates": [11.04231, 50.33938], "type": "Point"}, "properties": {"oid": "5632BG015078"}, "type": "Feature"}, {"geometry": {"coordinates": [11.68346, 49.18977], "type": "Point"}, "properties": {"oid": "6836BG015138"}, "type": "Feature"}, {"geometry": {"coordinates": [13.22082, 48.51362], "type": "Point"}, "properties": {"oid": "7445BG015156"}, "type": "Feature"}, {"geometry": {"coordinates": [11.20448, 47.92013], "type": "Point"}, "properties": {"oid": "8033BG015554"}, "type": "Feature"}, {"geometry": {"coordinates": [10.92681, 48.27693], "type": "Point"}, "properties": {"oid": "7731BG015500"}, "type": "Feature"}, {"geometry": {"coordinates": [10.06572, 49.78445], "type": "Point"}, "properties": {"oid": "6226BG015551"}, "type": "Feature"}, {"geometry": {"coordinates": [11.72302, 47.84596], "type": "Point"}, "properties": {"oid": "8136BG015223"}, "type": "Feature"}, {"geometry": {"coordinates": [11.61128, 48.12252], "type": "Point"}, "properties": {"oid": "7835BG015723"}, "type": "Feature"}, {"geometry": {"coordinates": [9.74504, 50.35024], "type": "Point"}, "properties": {"oid": "5624BG015030"}, "type": "Feature"}, {"geometry": {"coordinates": [9.75015, 49.9409], "type": "Point"}, "properties": {"oid": "6024BG015678"}, "type": "Feature"}, {"geometry": {"coordinates": [9.75602, 49.94401], "type": "Point"}, "properties": {"oid": "6024BG015677"}, "type": "Feature"}, {"geometry": {"coordinates": [11.60462, 48.12623], "type": "Point"}, "properties": {"oid": "7835BG018658"}, "type": "Feature"}, {"geometry": {"coordinates": [12.68687, 48.21384], "type": "Point"}, "properties": {"oid": "7742BG015376"}, "type": "Feature"}, {"geometry": {"coordinates": [11.65654, 48.24874], "type": "Point"}, "properties": {"oid": "7735BG016613"}, "type": "Feature"}, {"geometry": {"coordinates": [12.08998, 48.20875], "type": "Point"}, "properties": {"oid": "7738BG000073"}, "type": "Feature"}, {"geometry": {"coordinates": [11.06638, 48.42317], "type": "Point"}, "properties": {"oid": "7532BG015517"}, "type": "Feature"}, {"geometry": {"coordinates": [11.70321, 48.87952], "type": "Point"}, "properties": {"oid": "7136BG015346"}, "type": "Feature"}, {"geometry": {"coordinates": [11.27186, 47.6711], "type": "Point"}, "properties": {"oid": "8333BG015492"}, "type": "Feature"}, {"geometry": {"coordinates": [11.53485, 48.09615], "type": "Point"}, "properties": {"oid": "7935BG015764"}, "type": "Feature"}, {"geometry": {"coordinates": [11.79332, 48.18577], "type": "Point"}, "properties": {"oid": "7836BG015502"}, "type": "Feature"}, {"geometry": {"coordinates": [11.4222, 48.01398], "type": "Point"}, "properties": {"oid": "7934BG015539"}, "type": "Feature"}, {"geometry": {"coordinates": [10.86389, 48.38641], "type": "Point"}, "properties": {"oid": "7631BG018248"}, "type": "Feature"}, {"geometry": {"coordinates": [10.93369, 48.39773], "type": "Point"}, "properties": {"oid": "7631BG018249"}, "type": "Feature"}, {"geometry": {"coordinates": [11.84687, 47.89859], "type": "Point"}, "properties": {"oid": "8137BG015553"}, "type": "Feature"}, {"geometry": {"coordinates": [10.87852, 48.35995], "type": "Point"}, "properties": {"oid": "7631BG018247"}, "type": "Feature"}, {"geometry": {"coordinates": [10.89137, 47.76268], "type": "Point"}, "properties": {"oid": "8231BG000005"}, "type": "Feature"}, {"geometry": {"coordinates": [10.21248, 47.99943], "type": "Point"}, "properties": {"oid": "7927BG015236"}, "type": "Feature"}, {"geometry": {"coordinates": [12.43884, 49.97518], "type": "Point"}, "properties": {"oid": "6040BG000055"}, "type": "Feature"}, {"geometry": {"coordinates": [13.23566, 48.36038], "type": "Point"}, "properties": {"oid": "7645BG015440"}, "type": "Feature"}, {"geometry": {"coordinates": [12.52669, 48.15425], "type": "Point"}, "properties": {"oid": "7841BG015187"}, "type": "Feature"}, {"geometry": {"coordinates": [11.4665, 48.0066], "type": "Point"}, "properties": {"oid": "7934BG015535"}, "type": "Feature"}, {"geometry": {"coordinates": [11.60565, 50.07579], "type": "Point"}, "properties": {"oid": "5935BG015288"}, "type": "Feature"}, {"geometry": {"coordinates": [11.59029, 50.07596], "type": "Point"}, "properties": {"oid": "5935BG015289"}, "type": "Feature"}, {"geometry": {"coordinates": [12.48481, 48.52011], "type": "Point"}, "properties": {"oid": "7440BG015127"}, "type": "Feature"}, {"geometry": {"coordinates": [11.61344, 48.24803], "type": "Point"}, "properties": {"oid": "7735BG000077"}, "type": "Feature"}, {"geometry": {"coordinates": [12.52004, 49.92372], "type": "Point"}, "properties": {"oid": "6041BG015016"}, "type": "Feature"}, {"geometry": {"coordinates": [12.27361, 48.35422], "type": "Point"}, "properties": {"oid": "7639BG000005"}, "type": "Feature"}, {"geometry": {"coordinates": [12.27628, 48.34937], "type": "Point"}, "properties": {"oid": "7639BG000012"}, "type": "Feature"}, {"geometry": {"coordinates": [12.2765, 48.36281], "type": "Point"}, "properties": {"oid": "7639BG000015"}, "type": "Feature"}, {"geometry": {"coordinates": [12.99431, 48.56061], "type": "Point"}, "properties": {"oid": "7443BG000001"}, "type": "Feature"}, {"geometry": {"coordinates": [12.14088, 48.13417], "type": "Point"}, "properties": {"oid": "7838BG015107"}, "type": "Feature"}, {"geometry": {"coordinates": [12.25815, 48.3166], "type": "Point"}, "properties": {"oid": "7639BG015058"}, "type": "Feature"}, {"geometry": {"coordinates": [11.99264, 48.35456], "type": "Point"}, "properties": {"oid": "7637BG000009"}, "type": "Feature"}, {"geometry": {"coordinates": [12.6801, 48.13133], "type": "Point"}, "properties": {"oid": "7842BG000023"}, "type": "Feature"}, {"geometry": {"coordinates": [12.67617, 48.16583], "type": "Point"}, "properties": {"oid": "7842BG000024"}, "type": "Feature"}, {"geometry": {"coordinates": [12.0728, 48.12169], "type": "Point"}, "properties": {"oid": "7838BG000011"}, "type": "Feature"}, {"geometry": {"coordinates": [12.3467, 48.23938], "type": "Point"}, "properties": {"oid": "7740BG000046"}, "type": "Feature"}, {"geometry": {"coordinates": [11.36694, 50.27756], "type": "Point"}, "properties": {"oid": "5734BG000023"}, "type": "Feature"}, {"geometry": {"coordinates": [10.41217, 49.49427], "type": "Point"}, "properties": {"oid": "6528BG000031"}, "type": "Feature"}, {"geometry": {"coordinates": [11.61697, 48.14769], "type": "Point"}, "properties": {"oid": "7835BG018578"}, "type": "Feature"}, {"geometry": {"coordinates": [11.29856, 48.43176], "type": "Point"}, "properties": {"oid": "7533BG000195"}, "type": "Feature"}, {"geometry": {"coordinates": [10.12773, 49.66933], "type": "Point"}, "properties": {"oid": "6326BG015601"}, "type": "Feature"}, {"geometry": {"coordinates": [12.46114, 48.23992], "type": "Point"}, "properties": {"oid": "7740BG000033"}, "type": "Feature"}, {"geometry": {"coordinates": [11.61782, 48.14727], "type": "Point"}, "properties": {"oid": "7835BG018580"}, "type": "Feature"}, {"geometry": {"coordinates": [11.86657, 50.10792], "type": "Point"}, "properties": {"oid": "5837BG015040"}, "type": "Feature"}, {"geometry": {"coordinates": [9.1343, 49.88338], "type": "Point"}, "properties": {"oid": "6120BG015272"}, "type": "Feature"}, {"geometry": {"coordinates": [10.42112, 47.6311], "type": "Point"}, "properties": {"oid": "8328BG015341"}, "type": "Feature"}, {"geometry": {"coordinates": [11.68202, 48.41887], "type": "Point"}, "properties": {"oid": "7536BG015610"}, "type": "Feature"}, {"geometry": {"coordinates": [12.42678, 49.63746], "type": "Point"}, "properties": {"oid": "6340BG015032"}, "type": "Feature"}, {"geometry": {"coordinates": [12.21593, 48.08742], "type": "Point"}, "properties": {"oid": "7939BG015286"}, "type": "Feature"}, {"geometry": {"coordinates": [12.14301, 47.97275], "type": "Point"}, "properties": {"oid": "8038BG015320"}, "type": "Feature"}, {"geometry": {"coordinates": [12.27677, 48.24926], "type": "Point"}, "properties": {"oid": "7739BG015367"}, "type": "Feature"}, {"geometry": {"coordinates": [12.57735, 48.24569], "type": "Point"}, "properties": {"oid": "7741BG015453"}, "type": "Feature"}, {"geometry": {"coordinates": [11.93963, 50.12822], "type": "Point"}, "properties": {"oid": "5837BG000012"}, "type": "Feature"}, {"geometry": {"coordinates": [11.8607, 50.10365], "type": "Point"}, "properties": {"oid": "5837BG015039"}, "type": "Feature"}, {"geometry": {"coordinates": [12.12458, 49.3901], "type": "Point"}, "properties": {"oid": "6638BG015410"}, "type": "Feature"}, {"geometry": {"coordinates": [11.57386, 48.13911], "type": "Point"}, "properties": {"oid": "7835BG018540"}, "type": "Feature"}, {"geometry": {"coordinates": [11.57815, 48.13871], "type": "Point"}, "properties": {"oid": "7835BG018538"}, "type": "Feature"}, {"geometry": {"coordinates": [9.74035, 50.35324], "type": "Point"}, "properties": {"oid": "5624BG015029"}, "type": "Feature"}, {"geometry": {"coordinates": [11.57841, 48.13829], "type": "Point"}, "properties": {"oid": "7835BG018536"}, "type": "Feature"}, {"geometry": {"coordinates": [11.57585, 48.1389], "type": "Point"}, "properties": {"oid": "7835BG018535"}, "type": "Feature"}, {"geometry": {"coordinates": [11.57639, 48.13861], "type": "Point"}, "properties": {"oid": "7835BG018534"}, "type": "Feature"}, {"geometry": {"coordinates": [11.57607, 48.13868], "type": "Point"}, "properties": {"oid": "7835BG018068"}, "type": "Feature"}, {"geometry": {"coordinates": [11.51781, 48.08315], "type": "Point"}, "properties": {"oid": "7935BG015672"}, "type": "Feature"}, {"geometry": {"coordinates": [11.57635, 48.13852], "type": "Point"}, "properties": {"oid": "7835BG018051"}, "type": "Feature"}, {"geometry": {"coordinates": [11.57643, 48.13869], "type": "Point"}, "properties": {"oid": "7835BG018050"}, "type": "Feature"}, {"geometry": {"coordinates": [12.50327, 48.21194], "type": "Point"}, "properties": {"oid": "7741BG000011"}, "type": "Feature"}, {"geometry": {"coordinates": [10.8795, 48.35198], "type": "Point"}, "properties": {"oid": "7631BG000001"}, "type": "Feature"}, {"geometry": {"coordinates": [10.67072, 49.97633], "type": "Point"}, "properties": {"oid": "6030BG000030"}, "type": "Feature"}, {"geometry": {"coordinates": [12.50936, 48.21662], "type": "Point"}, "properties": {"oid": "7741BG000005"}, "type": "Feature"}, {"geometry": {"coordinates": [12.51564, 48.21586], "type": "Point"}, "properties": {"oid": "7741BG000007"}, "type": "Feature"}, {"geometry": {"coordinates": [12.01426, 48.16641], "type": "Point"}, "properties": {"oid": "7838BG000014"}, "type": "Feature"}, {"geometry": {"coordinates": [11.70203, 47.99687], "type": "Point"}, "properties": {"oid": "8036BG000004"}, "type": "Feature"}, {"geometry": {"coordinates": [11.88925, 47.97813], "type": "Point"}, "properties": {"oid": "8037BG000005"}, "type": "Feature"}, {"geometry": {"coordinates": [12.21348, 48.23489], "type": "Point"}, "properties": {"oid": "7739BG000014"}, "type": "Feature"}, {"geometry": {"coordinates": [11.79992, 48.20713], "type": "Point"}, "properties": {"oid": "7736BG000004"}, "type": "Feature"}, {"geometry": {"coordinates": [11.3994, 48.1005], "type": "Point"}, "properties": {"oid": "7834BG000001"}, "type": "Feature"}, {"geometry": {"coordinates": [11.78503, 48.1933], "type": "Point"}, "properties": {"oid": "7836BG000002"}, "type": "Feature"}, {"geometry": {"coordinates": [11.78372, 48.02998], "type": "Point"}, "properties": {"oid": "7936BG000005"}, "type": "Feature"}, {"geometry": {"coordinates": [12.15395, 49.32307], "type": "Point"}, "properties": {"oid": "6638BG015394"}, "type": "Feature"}, {"geometry": {"coordinates": [11.03725, 47.96076], "type": "Point"}, "properties": {"oid": "8032BG000001"}, "type": "Feature"}, {"geometry": {"coordinates": [13.31672, 48.35314], "type": "Point"}, "properties": {"oid": "7645BG000095"}, "type": "Feature"}, {"geometry": {"coordinates": [12.54292, 47.89902], "type": "Point"}, "properties": {"oid": "8141BG000001"}, "type": "Feature"}, {"geometry": {"coordinates": [11.86954, 47.93068], "type": "Point"}, "properties": {"oid": "8037BG015062"}, "type": "Feature"}, {"geometry": {"coordinates": [11.62198, 49.95727], "type": "Point"}, "properties": {"oid": "6035BG000158"}, "type": "Feature"}, {"geometry": {"coordinates": [11.61376, 49.95429], "type": "Point"}, "properties": {"oid": "6035BG000159"}, "type": "Feature"}, {"geometry": {"coordinates": [11.70594, 47.99383], "type": "Point"}, "properties": {"oid": "8036BG000001"}, "type": "Feature"}, {"geometry": {"coordinates": [10.12883, 49.66613], "type": "Point"}, "properties": {"oid": "6326BG015607"}, "type": "Feature"}, {"geometry": {"coordinates": [10.12899, 49.66614], "type": "Point"}, "properties": {"oid": "6326BG015606"}, "type": "Feature"}, {"geometry": {"coordinates": [10.12915, 49.66614], "type": "Point"}, "properties": {"oid": "6326BG015605"}, "type": "Feature"}, {"geometry": {"coordinates": [12.42648, 48.38054], "type": "Point"}, "properties": {"oid": "7640BG000002"}, "type": "Feature"}, {"geometry": {"coordinates": [12.431, 48.23716], "type": "Point"}, "properties": {"oid": "7740BG000026"}, "type": "Feature"}, {"geometry": {"coordinates": [12.77364, 48.18469], "type": "Point"}, "properties": {"oid": "7842BG000016"}, "type": "Feature"}, {"geometry": {"coordinates": [12.76532, 48.18651], "type": "Point"}, "properties": {"oid": "7842BG000019"}, "type": "Feature"}, {"geometry": {"coordinates": [12.14516, 48.21761], "type": "Point"}, "properties": {"oid": "7738BG000077"}, "type": "Feature"}, {"geometry": {"coordinates": [11.98323, 48.1662], "type": "Point"}, "properties": {"oid": "7837BG000014"}, "type": "Feature"}, {"geometry": {"coordinates": [11.96795, 48.16498], "type": "Point"}, "properties": {"oid": "7837BG000016"}, "type": "Feature"}, {"geometry": {"coordinates": [11.01982, 48.01467], "type": "Point"}, "properties": {"oid": "7932BG000002"}, "type": "Feature"}, {"geometry": {"coordinates": [12.29662, 47.92769], "type": "Point"}, "properties": {"oid": "8039BG000006"}, "type": "Feature"}, {"geometry": {"coordinates": [12.03873, 50.11994], "type": "Point"}, "properties": {"oid": "5838BG000003"}, "type": "Feature"}, {"geometry": {"coordinates": [11.52385, 48.0952], "type": "Point"}, "properties": {"oid": "7935BG015769"}, "type": "Feature"}, {"geometry": {"coordinates": [11.63222, 48.11671], "type": "Point"}, "properties": {"oid": "7835BG018520"}, "type": "Feature"}, {"geometry": {"coordinates": [11.94415, 50.1315], "type": "Point"}, "properties": {"oid": "5837BG000038"}, "type": "Feature"}, {"geometry": {"coordinates": [10.14229, 50.00408], "type": "Point"}, "properties": {"oid": "5926BG015205"}, "type": "Feature"}, {"geometry": {"coordinates": [10.14303, 50.00384], "type": "Point"}, "properties": {"oid": "5926BG015208"}, "type": "Feature"}, {"geometry": {"coordinates": [10.14259, 50.00415], "type": "Point"}, "properties": {"oid": "5926BG015206"}, "type": "Feature"}, {"geometry": {"coordinates": [10.93547, 48.35629], "type": "Point"}, "properties": {"oid": "7631BG018250"}, "type": "Feature"}, {"geometry": {"coordinates": [12.21183, 48.08662], "type": "Point"}, "properties": {"oid": "7939BG015287"}, "type": "Feature"}, {"geometry": {"coordinates": [10.14179, 50.00399], "type": "Point"}, "properties": {"oid": "5926BG015204"}, "type": "Feature"}, {"geometry": {"coordinates": [10.14142, 50.00391], "type": "Point"}, "properties": {"oid": "5926BG015203"}, "type": "Feature"}, {"geometry": {"coordinates": [10.14109, 50.00383], "type": "Point"}, "properties": {"oid": "5926BG015202"}, "type": "Feature"}, {"geometry": {"coordinates": [9.11483, 50.00138], "type": "Point"}, "properties": {"oid": "5920BG015569"}, "type": "Feature"}, {"geometry": {"coordinates": [10.03125, 50.42418], "type": "Point"}, "properties": {"oid": "5526BG015042"}, "type": "Feature"}, {"geometry": {"coordinates": [11.80837, 48.33621], "type": "Point"}, "properties": {"oid": "7636BG017239"}, "type": "Feature"}, {"geometry": {"coordinates": [11.95932, 47.9912], "type": "Point"}, "properties": {"oid": "8037BG000003"}, "type": "Feature"}, {"geometry": {"coordinates": [11.92359, 48.33475], "type": "Point"}, "properties": {"oid": "7637BG015158"}, "type": "Feature"}, {"geometry": {"coordinates": [10.88873, 48.37132], "type": "Point"}, "properties": {"oid": "7631BG018254"}, "type": "Feature"}, {"geometry": {"coordinates": [11.91052, 49.52392], "type": "Point"}, "properties": {"oid": "6437BG015010"}, "type": "Feature"}, {"geometry": {"coordinates": [10.13851, 50.00336], "type": "Point"}, "properties": {"oid": "5926BG015167"}, "type": "Feature"}, {"geometry": {"coordinates": [12.2514, 49.27478], "type": "Point"}, "properties": {"oid": "6739BG000041"}, "type": "Feature"}, {"geometry": {"coordinates": [11.66218, 49.74863], "type": "Point"}, "properties": {"oid": "6235BG015166"}, "type": "Feature"}, {"geometry": {"coordinates": [11.93787, 50.13509], "type": "Point"}, "properties": {"oid": "5837BG000008"}, "type": "Feature"}, {"geometry": {"coordinates": [10.32978, 50.47224], "type": "Point"}, "properties": {"oid": "5527BG015050"}, "type": "Feature"}, {"geometry": {"coordinates": [12.36017, 48.12212], "type": "Point"}, "properties": {"oid": "7840BG000009"}, "type": "Feature"}, {"geometry": {"coordinates": [12.90612, 48.62269], "type": "Point"}, "properties": {"oid": "7343BG015399"}, "type": "Feature"}, {"geometry": {"coordinates": [11.94039, 50.12933], "type": "Point"}, "properties": {"oid": "5837BG000056"}, "type": "Feature"}, {"geometry": {"coordinates": [10.33037, 50.47198], "type": "Point"}, "properties": {"oid": "5527BG015051"}, "type": "Feature"}, {"geometry": {"coordinates": [10.88989, 48.37684], "type": "Point"}, "properties": {"oid": "7631BG018253"}, "type": "Feature"}, {"geometry": {"coordinates": [11.93842, 50.12951], "type": "Point"}, "properties": {"oid": "5837BG000059"}, "type": "Feature"}, {"geometry": {"coordinates": [12.28419, 49.8333], "type": "Point"}, "properties": {"oid": "6139BG000009"}, "type": "Feature"}, {"geometry": {"coordinates": [11.30583, 50.30661], "type": "Point"}, "properties": {"oid": "5633BG000002"}, "type": "Feature"}, {"geometry": {"coordinates": [12.15019, 48.8293], "type": "Point"}, "properties": {"oid": "7138BG015187"}, "type": "Feature"}, {"geometry": {"coordinates": [10.75619, 49.15695], "type": "Point"}, "properties": {"oid": "6830BG015331"}, "type": "Feature"}, {"geometry": {"coordinates": [12.33189, 49.29072], "type": "Point"}, "properties": {"oid": "6740BG015028"}, "type": "Feature"}, {"geometry": {"coordinates": [11.69608, 48.1439], "type": "Point"}, "properties": {"oid": "7836BG016099"}, "type": "Feature"}, {"geometry": {"coordinates": [10.62729, 48.55783], "type": "Point"}, "properties": {"oid": "7429BG015462"}, "type": "Feature"}, {"geometry": {"coordinates": [12.07441, 49.37857], "type": "Point"}, "properties": {"oid": "6638BG015438"}, "type": "Feature"}, {"geometry": {"coordinates": [11.43435, 48.64744], "type": "Point"}, "properties": {"oid": "7334BG015326"}, "type": "Feature"}, {"geometry": {"coordinates": [11.46608, 49.47882], "type": "Point"}, "properties": {"oid": "6534BG015068"}, "type": "Feature"}, {"geometry": {"coordinates": [11.79574, 47.90183], "type": "Point"}, "properties": {"oid": "8036BG015216"}, "type": "Feature"}, {"geometry": {"coordinates": [12.43076, 49.80364], "type": "Point"}, "properties": {"oid": "6140BG015125"}, "type": "Feature"}, {"geometry": {"coordinates": [12.16471, 47.87345], "type": "Point"}, "properties": {"oid": "8138BG016435"}, "type": "Feature"}, {"geometry": {"coordinates": [10.70053, 49.35475], "type": "Point"}, "properties": {"oid": "6630BG015033"}, "type": "Feature"}, {"geometry": {"coordinates": [10.14062, 50.00374], "type": "Point"}, "properties": {"oid": "5926BG015186"}, "type": "Feature"}, {"geometry": {"coordinates": [10.14091, 50.00379], "type": "Point"}, "properties": {"oid": "5926BG015187"}, "type": "Feature"}, {"geometry": {"coordinates": [10.1397, 50.00357], "type": "Point"}, "properties": {"oid": "5926BG015183"}, "type": "Feature"}, {"geometry": {"coordinates": [10.14282, 50.00424], "type": "Point"}, "properties": {"oid": "5926BG015188"}, "type": "Feature"}, {"geometry": {"coordinates": [10.14007, 50.00363], "type": "Point"}, "properties": {"oid": "5926BG015185"}, "type": "Feature"}, {"geometry": {"coordinates": [10.13989, 50.00361], "type": "Point"}, "properties": {"oid": "5926BG015184"}, "type": "Feature"}, {"geometry": {"coordinates": [10.33002, 50.4738], "type": "Point"}, "properties": {"oid": "5527BG015042"}, "type": "Feature"}, {"geometry": {"coordinates": [10.13911, 50.00346], "type": "Point"}, "properties": {"oid": "5926BG015181"}, "type": "Feature"}, {"geometry": {"coordinates": [10.62337, 49.58737], "type": "Point"}, "properties": {"oid": "6429BG015147"}, "type": "Feature"}, {"geometry": {"coordinates": [10.58342, 48.64121], "type": "Point"}, "properties": {"oid": "7329BG015654"}, "type": "Feature"}, {"geometry": {"coordinates": [12.0756, 47.91135], "type": "Point"}, "properties": {"oid": "8038BG015347"}, "type": "Feature"}, {"geometry": {"coordinates": [12.11193, 47.88937], "type": "Point"}, "properties": {"oid": "8138BG016404"}, "type": "Feature"}, {"geometry": {"coordinates": [10.91012, 48.07951], "type": "Point"}, "properties": {"oid": "7931BG016210"}, "type": "Feature"}, {"geometry": {"coordinates": [12.28585, 49.83349], "type": "Point"}, "properties": {"oid": "6139BG000046"}, "type": "Feature"}, {"geometry": {"coordinates": [11.51054, 49.314], "type": "Point"}, "properties": {"oid": "6635BG015030"}, "type": "Feature"}, {"geometry": {"coordinates": [10.99748, 48.70448], "type": "Point"}, "properties": {"oid": "7231BG015164"}, "type": "Feature"}, {"geometry": {"coordinates": [11.46981, 48.19389], "type": "Point"}, "properties": {"oid": "7834BG016469"}, "type": "Feature"}, {"geometry": {"coordinates": [10.31804, 49.44878], "type": "Point"}, "properties": {"oid": "6527BG015086"}, "type": "Feature"}, {"geometry": {"coordinates": [12.27405, 49.83643], "type": "Point"}, "properties": {"oid": "6139BG000135"}, "type": "Feature"}, {"geometry": {"coordinates": [11.46548, 48.1963], "type": "Point"}, "properties": {"oid": "7834BG016445"}, "type": "Feature"}, {"geometry": {"coordinates": [11.47454, 48.19167], "type": "Point"}, "properties": {"oid": "7834BG016446"}, "type": "Feature"}, {"geometry": {"coordinates": [11.46994, 48.188], "type": "Point"}, "properties": {"oid": "7834BG016447"}, "type": "Feature"}, {"geometry": {"coordinates": [12.61862, 48.16309], "type": "Point"}, "properties": {"oid": "7841BG015353"}, "type": "Feature"}, {"geometry": {"coordinates": [12.14897, 47.66716], "type": "Point"}, "properties": {"oid": "8338BG015121"}, "type": "Feature"}, {"geometry": {"coordinates": [12.15815, 47.63434], "type": "Point"}, "properties": {"oid": "8338BG015120"}, "type": "Feature"}, {"geometry": {"coordinates": [11.3691, 47.7178], "type": "Point"}, "properties": {"oid": "8234BG015685"}, "type": "Feature"}, {"geometry": {"coordinates": [11.86077, 50.10571], "type": "Point"}, "properties": {"oid": "5837BG015041"}, "type": "Feature"}, {"geometry": {"coordinates": [11.36682, 49.35979], "type": "Point"}, "properties": {"oid": "6634BG015067"}, "type": "Feature"}, {"geometry": {"coordinates": [11.3633, 49.36132], "type": "Point"}, "properties": {"oid": "6634BG015066"}, "type": "Feature"}, {"geometry": {"coordinates": [12.28202, 49.83343], "type": "Point"}, "properties": {"oid": "6139BG000014"}, "type": "Feature"}, {"geometry": {"coordinates": [10.48733, 48.34621], "type": "Point"}, "properties": {"oid": "7628BG015130"}, "type": "Feature"}, {"geometry": {"coordinates": [11.50512, 49.31486], "type": "Point"}, "properties": {"oid": "6635BG015010"}, "type": "Feature"}, {"geometry": {"coordinates": [12.03229, 49.19993], "type": "Point"}, "properties": {"oid": "6738BG015178"}, "type": "Feature"}, {"geometry": {"coordinates": [10.39642, 49.92243], "type": "Point"}, "properties": {"oid": "6028BG015106"}, "type": "Feature"}, {"geometry": {"coordinates": [11.37532, 48.62513], "type": "Point"}, "properties": {"oid": "7334BG015304"}, "type": "Feature"}, {"geometry": {"coordinates": [12.61619, 47.8949], "type": "Point"}, "properties": {"oid": "8141BG015656"}, "type": "Feature"}, {"geometry": {"coordinates": [11.41151, 48.15233], "type": "Point"}, "properties": {"oid": "7834BG016448"}, "type": "Feature"}, {"geometry": {"coordinates": [12.08117, 49.19135], "type": "Point"}, "properties": {"oid": "6838BG015204"}, "type": "Feature"}, {"geometry": {"coordinates": [11.79697, 47.89812], "type": "Point"}, "properties": {"oid": "8136BG015220"}, "type": "Feature"}, {"geometry": {"coordinates": [11.80168, 47.90302], "type": "Point"}, "properties": {"oid": "8036BG015215"}, "type": "Feature"}, {"geometry": {"coordinates": [10.90207, 48.0797], "type": "Point"}, "properties": {"oid": "7931BG016199"}, "type": "Feature"}, {"geometry": {"coordinates": [10.72868, 48.6098], "type": "Point"}, "properties": {"oid": "7330BG015532"}, "type": "Feature"}, {"geometry": {"coordinates": [10.39809, 48.05864], "type": "Point"}, "properties": {"oid": "7928BG015203"}, "type": "Feature"}, {"geometry": {"coordinates": [11.75175, 47.89593], "type": "Point"}, "properties": {"oid": "8136BG015266"}, "type": "Feature"}, {"geometry": {"coordinates": [10.91734, 48.08075], "type": "Point"}, "properties": {"oid": "7931BG016200"}, "type": "Feature"}, {"geometry": {"coordinates": [10.74864, 48.36059], "type": "Point"}, "properties": {"oid": "7630BG000008"}, "type": "Feature"}, {"geometry": {"coordinates": [11.77709, 47.88313], "type": "Point"}, "properties": {"oid": "8136BG015262"}, "type": "Feature"}, {"geometry": {"coordinates": [11.77905, 47.86835], "type": "Point"}, "properties": {"oid": "8136BG015261"}, "type": "Feature"}, {"geometry": {"coordinates": [11.79521, 47.84496], "type": "Point"}, "properties": {"oid": "8136BG015258"}, "type": "Feature"}, {"geometry": {"coordinates": [11.80752, 47.83036], "type": "Point"}, "properties": {"oid": "8136BG015257"}, "type": "Feature"}, {"geometry": {"coordinates": [11.73755, 47.90313], "type": "Point"}, "properties": {"oid": "8036BG015237"}, "type": "Feature"}, {"geometry": {"coordinates": [11.78412, 47.85754], "type": "Point"}, "properties": {"oid": "8136BG015259"}, "type": "Feature"}, {"geometry": {"coordinates": [10.35907, 48.44158], "type": "Point"}, "properties": {"oid": "7528BG015784"}, "type": "Feature"}, {"geometry": {"coordinates": [10.43514, 48.00598], "type": "Point"}, "properties": {"oid": "7928BG015264"}, "type": "Feature"}, {"geometry": {"coordinates": [11.18755, 48.87907], "type": "Point"}, "properties": {"oid": "7133BG000010"}, "type": "Feature"}, {"geometry": {"coordinates": [12.07622, 49.74378], "type": "Point"}, "properties": {"oid": "6238BG000227"}, "type": "Feature"}, {"geometry": {"coordinates": [11.61821, 48.14759], "type": "Point"}, "properties": {"oid": "7835BG018579"}, "type": "Feature"}, {"geometry": {"coordinates": [11.55997, 48.12583], "type": "Point"}, "properties": {"oid": "7835BG018840"}, "type": "Feature"}, {"geometry": {"coordinates": [11.94129, 50.13105], "type": "Point"}, "properties": {"oid": "5837BG000004"}, "type": "Feature"}, {"geometry": {"coordinates": [11.75576, 49.48704], "type": "Point"}, "properties": {"oid": "6536BG015170"}, "type": "Feature"}, {"geometry": {"coordinates": [11.75838, 49.48723], "type": "Point"}, "properties": {"oid": "6536BG015168"}, "type": "Feature"}, {"geometry": {"coordinates": [10.32977, 50.44497], "type": "Point"}, "properties": {"oid": "5527BG015045"}, "type": "Feature"}, {"geometry": {"coordinates": [11.40633, 48.27572], "type": "Point"}, "properties": {"oid": "7734BG015017"}, "type": "Feature"}, {"geometry": {"coordinates": [10.72099, 49.06027], "type": "Point"}, "properties": {"oid": "6930BG015053"}, "type": "Feature"}, {"geometry": {"coordinates": [11.50922, 49.31429], "type": "Point"}, "properties": {"oid": "6635BG015028"}, "type": "Feature"}, {"geometry": {"coordinates": [11.50934, 49.3145], "type": "Point"}, "properties": {"oid": "6635BG015027"}, "type": "Feature"}, {"geometry": {"coordinates": [11.41796, 50.02248], "type": "Point"}, "properties": {"oid": "5934BG015156"}, "type": "Feature"}, {"geometry": {"coordinates": [11.55164, 48.14102], "type": "Point"}, "properties": {"oid": "7835BG018727"}, "type": "Feature"}, {"geometry": {"coordinates": [11.80161, 50.39715], "type": "Point"}, "properties": {"oid": "5636BG015112"}, "type": "Feature"}, {"geometry": {"coordinates": [12.14516, 49.04069], "type": "Point"}, "properties": {"oid": "6938BG000011"}, "type": "Feature"}, {"geometry": {"coordinates": [11.80096, 50.39136], "type": "Point"}, "properties": {"oid": "5636BG015117"}, "type": "Feature"}, {"geometry": {"coordinates": [11.80212, 50.39464], "type": "Point"}, "properties": {"oid": "5636BG015115"}, "type": "Feature"}, {"geometry": {"coordinates": [11.80014, 50.39691], "type": "Point"}, "properties": {"oid": "5636BG015116"}, "type": "Feature"}, {"geometry": {"coordinates": [11.80161, 50.39446], "type": "Point"}, "properties": {"oid": "5636BG015114"}, "type": "Feature"}, {"geometry": {"coordinates": [11.80166, 50.39536], "type": "Point"}, "properties": {"oid": "5636BG015111"}, "type": "Feature"}, {"geometry": {"coordinates": [11.79929, 50.39408], "type": "Point"}, "properties": {"oid": "5636BG015113"}, "type": "Feature"}, {"geometry": {"coordinates": [10.13549, 50.00307], "type": "Point"}, "properties": {"oid": "5926BG015195"}, "type": "Feature"}, {"geometry": {"coordinates": [11.80322, 47.89757], "type": "Point"}, "properties": {"oid": "8136BG015221"}, "type": "Feature"}, {"geometry": {"coordinates": [12.29117, 49.83119], "type": "Point"}, "properties": {"oid": "6139BG000030"}, "type": "Feature"}, {"geometry": {"coordinates": [12.65966, 49.42866], "type": "Point"}, "properties": {"oid": "6541BG015031"}, "type": "Feature"}, {"geometry": {"coordinates": [11.09271, 50.31147], "type": "Point"}, "properties": {"oid": "5632BG015140"}, "type": "Feature"}, {"geometry": {"coordinates": [10.1394, 50.00351], "type": "Point"}, "properties": {"oid": "5926BG015182"}, "type": "Feature"}, {"geometry": {"coordinates": [11.72737, 49.17924], "type": "Point"}, "properties": {"oid": "6836BG015137"}, "type": "Feature"}, {"geometry": {"coordinates": [10.13877, 50.0034], "type": "Point"}, "properties": {"oid": "5926BG015180"}, "type": "Feature"}, {"geometry": {"coordinates": [12.72486, 48.18257], "type": "Point"}, "properties": {"oid": "7842BG015451"}, "type": "Feature"}, {"geometry": {"coordinates": [9.7451, 50.34967], "type": "Point"}, "properties": {"oid": "5624BG015060"}, "type": "Feature"}, {"geometry": {"coordinates": [9.73677, 50.35674], "type": "Point"}, "properties": {"oid": "5624BG015035"}, "type": "Feature"}, {"geometry": {"coordinates": [11.10915, 48.44437], "type": "Point"}, "properties": {"oid": "7532BG015636"}, "type": "Feature"}, {"geometry": {"coordinates": [11.1011, 48.43352], "type": "Point"}, "properties": {"oid": "7532BG015635"}, "type": "Feature"}, {"geometry": {"coordinates": [11.91134, 50.31897], "type": "Point"}, "properties": {"oid": "5637BG000553"}, "type": "Feature"}, {"geometry": {"coordinates": [11.13306, 48.39493], "type": "Point"}, "properties": {"oid": "7632BG015368"}, "type": "Feature"}, {"geometry": {"coordinates": [9.73637, 50.35663], "type": "Point"}, "properties": {"oid": "5624BG015034"}, "type": "Feature"}, {"geometry": {"coordinates": [9.74492, 50.35023], "type": "Point"}, "properties": {"oid": "5624BG015058"}, "type": "Feature"}, {"geometry": {"coordinates": [11.12593, 48.4493], "type": "Point"}, "properties": {"oid": "7532BG015632"}, "type": "Feature"}, {"geometry": {"coordinates": [11.6182, 49.69482], "type": "Point"}, "properties": {"oid": "6335BG000071"}, "type": "Feature"}, {"geometry": {"coordinates": [11.64177, 49.69426], "type": "Point"}, "properties": {"oid": "6335BG000062"}, "type": "Feature"}, {"geometry": {"coordinates": [11.42173, 48.05552], "type": "Point"}, "properties": {"oid": "7934BG015531"}, "type": "Feature"}, {"geometry": {"coordinates": [11.42215, 48.01793], "type": "Point"}, "properties": {"oid": "7934BG015002"}, "type": "Feature"}, {"geometry": {"coordinates": [12.04085, 48.92806], "type": "Point"}, "properties": {"oid": "7038BG015176"}, "type": "Feature"}, {"geometry": {"coordinates": [11.57725, 48.26225], "type": "Point"}, "properties": {"oid": "7735BG016522"}, "type": "Feature"}, {"geometry": {"coordinates": [11.61735, 48.14674], "type": "Point"}, "properties": {"oid": "7835BG018581"}, "type": "Feature"}, {"geometry": {"coordinates": [10.60784, 48.71137], "type": "Point"}, "properties": {"oid": "7229BG015192"}, "type": "Feature"}, {"geometry": {"coordinates": [11.81784, 48.00014], "type": "Point"}, "properties": {"oid": "7936BG015378"}, "type": "Feature"}, {"geometry": {"coordinates": [11.63421, 49.70413], "type": "Point"}, "properties": {"oid": "6235BG000261"}, "type": "Feature"}, {"geometry": {"coordinates": [11.60639, 48.23905], "type": "Point"}, "properties": {"oid": "7735BG016608"}, "type": "Feature"}, {"geometry": {"coordinates": [11.48438, 48.27437], "type": "Point"}, "properties": {"oid": "7734BG016611"}, "type": "Feature"}, {"geometry": {"coordinates": [11.48438, 48.27383], "type": "Point"}, "properties": {"oid": "7734BG016612"}, "type": "Feature"}, {"geometry": {"coordinates": [10.72389, 49.47306], "type": "Point"}, "properties": {"oid": "6530BG015087"}, "type": "Feature"}, {"geometry": {"coordinates": [12.52216, 49.92641], "type": "Point"}, "properties": {"oid": "6041BG000002"}, "type": "Feature"}, {"geometry": {"coordinates": [12.47611, 49.91671], "type": "Point"}, "properties": {"oid": "6040BG000002"}, "type": "Feature"}, {"geometry": {"coordinates": [12.33194, 48.5467], "type": "Point"}, "properties": {"oid": "7440BG015128"}, "type": "Feature"}, {"geometry": {"coordinates": [12.81233, 48.00671], "type": "Point"}, "properties": {"oid": "7942BG015315"}, "type": "Feature"}, {"geometry": {"coordinates": [12.81374, 48.03674], "type": "Point"}, "properties": {"oid": "7942BG015313"}, "type": "Feature"}, {"geometry": {"coordinates": [12.8278, 48.02692], "type": "Point"}, "properties": {"oid": "7942BG015312"}, "type": "Feature"}, {"geometry": {"coordinates": [11.23086, 48.17903], "type": "Point"}, "properties": {"oid": "7833BG015792"}, "type": "Feature"}, {"geometry": {"coordinates": [12.82785, 48.01945], "type": "Point"}, "properties": {"oid": "7942BG015311"}, "type": "Feature"}, {"geometry": {"coordinates": [11.23038, 47.78844], "type": "Point"}, "properties": {"oid": "8233BG015610"}, "type": "Feature"}, {"geometry": {"coordinates": [11.22688, 47.78786], "type": "Point"}, "properties": {"oid": "8233BG015609"}, "type": "Feature"}, {"geometry": {"coordinates": [11.2318, 47.78432], "type": "Point"}, "properties": {"oid": "8233BG015611"}, "type": "Feature"}, {"geometry": {"coordinates": [12.11919, 47.88521], "type": "Point"}, "properties": {"oid": "8138BG016405"}, "type": "Feature"}, {"geometry": {"coordinates": [11.73308, 47.93065], "type": "Point"}, "properties": {"oid": "8036BG015232"}, "type": "Feature"}, {"geometry": {"coordinates": [11.65563, 47.88845], "type": "Point"}, "properties": {"oid": "8135BG015465"}, "type": "Feature"}, {"geometry": {"coordinates": [10.9052, 48.73057], "type": "Point"}, "properties": {"oid": "7231BG015225"}, "type": "Feature"}, {"geometry": {"coordinates": [10.84548, 49.58089], "type": "Point"}, "properties": {"oid": "6431BG016120"}, "type": "Feature"}, {"geometry": {"coordinates": [12.14178, 48.12211], "type": "Point"}, "properties": {"oid": "7838BG015226"}, "type": "Feature"}, {"geometry": {"coordinates": [11.50924, 49.31459], "type": "Point"}, "properties": {"oid": "6635BG015051"}, "type": "Feature"}, {"geometry": {"coordinates": [11.50943, 49.314], "type": "Point"}, "properties": {"oid": "6635BG015052"}, "type": "Feature"}, {"geometry": {"coordinates": [11.51063, 49.31462], "type": "Point"}, "properties": {"oid": "6635BG015050"}, "type": "Feature"}, {"geometry": {"coordinates": [12.68548, 47.93077], "type": "Point"}, "properties": {"oid": "8042BG015037"}, "type": "Feature"}, {"geometry": {"coordinates": [12.07921, 49.7569], "type": "Point"}, "properties": {"oid": "6238BG015128"}, "type": "Feature"}, {"geometry": {"coordinates": [12.05454, 49.88216], "type": "Point"}, "properties": {"oid": "6138BG000005"}, "type": "Feature"}, {"geometry": {"coordinates": [12.55411, 48.54541], "type": "Point"}, "properties": {"oid": "7441BG000017"}, "type": "Feature"}, {"geometry": {"coordinates": [12.17997, 47.62143], "type": "Point"}, "properties": {"oid": "8339BG015108"}, "type": "Feature"}, {"geometry": {"coordinates": [11.09336, 48.32769], "type": "Point"}, "properties": {"oid": "7632BG015438"}, "type": "Feature"}, {"geometry": {"coordinates": [12.10653, 49.01088], "type": "Point"}, "properties": {"oid": "6938BG017260"}, "type": "Feature"}, {"geometry": {"coordinates": [10.33349, 50.47872], "type": "Point"}, "properties": {"oid": "5528BG015008"}, "type": "Feature"}, {"geometry": {"coordinates": [11.46112, 49.47608], "type": "Point"}, "properties": {"oid": "6534BG015110"}, "type": "Feature"}, {"geometry": {"coordinates": [12.41693, 48.15603], "type": "Point"}, "properties": {"oid": "7840BG015417"}, "type": "Feature"}, {"geometry": {"coordinates": [12.35738, 48.30341], "type": "Point"}, "properties": {"oid": "7640BG015126"}, "type": "Feature"}, {"geometry": {"coordinates": [11.31159, 48.3155], "type": "Point"}, "properties": {"oid": "7633BG015530"}, "type": "Feature"}, {"geometry": {"coordinates": [12.1087, 47.89222], "type": "Point"}, "properties": {"oid": "8138BG016403"}, "type": "Feature"}, {"geometry": {"coordinates": [10.46147, 48.26673], "type": "Point"}, "properties": {"oid": "7728BG015262"}, "type": "Feature"}, {"geometry": {"coordinates": [10.46375, 48.27032], "type": "Point"}, "properties": {"oid": "7728BG015261"}, "type": "Feature"}, {"geometry": {"coordinates": [10.45856, 48.27043], "type": "Point"}, "properties": {"oid": "7728BG015260"}, "type": "Feature"}, {"geometry": {"coordinates": [11.48915, 48.40249], "type": "Point"}, "properties": {"oid": "7534BG015288"}, "type": "Feature"}, {"geometry": {"coordinates": [10.82781, 49.86448], "type": "Point"}, "properties": {"oid": "6130BG000028"}, "type": "Feature"}, {"geometry": {"coordinates": [11.49255, 48.19265], "type": "Point"}, "properties": {"oid": "7834BG016467"}, "type": "Feature"}, {"geometry": {"coordinates": [12.72887, 49.30298], "type": "Point"}, "properties": {"oid": "6642BG015078"}, "type": "Feature"}, {"geometry": {"coordinates": [11.55153, 48.14103], "type": "Point"}, "properties": {"oid": "7835BG018730"}, "type": "Feature"}, {"geometry": {"coordinates": [12.03137, 48.99617], "type": "Point"}, "properties": {"oid": "7038BG015747"}, "type": "Feature"}, {"geometry": {"coordinates": [12.2667, 49.83694], "type": "Point"}, "properties": {"oid": "6139BG000073"}, "type": "Feature"}, {"geometry": {"coordinates": [10.32533, 49.13272], "type": "Point"}, "properties": {"oid": "6827BG015052"}, "type": "Feature"}, {"geometry": {"coordinates": [10.19333, 50.4821], "type": "Point"}, "properties": {"oid": "5527BG015034"}, "type": "Feature"}, {"geometry": {"coordinates": [10.805, 48.26643], "type": "Point"}, "properties": {"oid": "7730BG015018"}, "type": "Feature"}, {"geometry": {"coordinates": [11.61936, 48.0872], "type": "Point"}, "properties": {"oid": "7935BG015765"}, "type": "Feature"}, {"geometry": {"coordinates": [11.46596, 48.00048], "type": "Point"}, "properties": {"oid": "7934BG015536"}, "type": "Feature"}, {"geometry": {"coordinates": [11.51932, 48.1431], "type": "Point"}, "properties": {"oid": "7835BG018865"}, "type": "Feature"}, {"geometry": {"coordinates": [11.06404, 50.09909], "type": "Point"}, "properties": {"oid": "5832BG015408"}, "type": "Feature"}, {"geometry": {"coordinates": [10.7999, 49.65055], "type": "Point"}, "properties": {"oid": "6330BG015119"}, "type": "Feature"}, {"geometry": {"coordinates": [12.27598, 49.82609], "type": "Point"}, "properties": {"oid": "6139BG000079"}, "type": "Feature"}, {"geometry": {"coordinates": [12.0316, 48.99591], "type": "Point"}, "properties": {"oid": "7038BG015746"}, "type": "Feature"}, {"geometry": {"coordinates": [11.59015, 48.12741], "type": "Point"}, "properties": {"oid": "7835BG018847"}, "type": "Feature"}, {"geometry": {"coordinates": [11.55361, 48.14667], "type": "Point"}, "properties": {"oid": "7835BG018845"}, "type": "Feature"}, {"geometry": {"coordinates": [11.56916, 48.26464], "type": "Point"}, "properties": {"oid": "7735BG016625"}, "type": "Feature"}, {"geometry": {"coordinates": [12.24736, 47.98444], "type": "Point"}, "properties": {"oid": "8039BG015264"}, "type": "Feature"}, {"geometry": {"coordinates": [12.08033, 49.37596], "type": "Point"}, "properties": {"oid": "6638BG015437"}, "type": "Feature"}, {"geometry": {"coordinates": [11.32582, 47.99087], "type": "Point"}, "properties": {"oid": "8033BG015820"}, "type": "Feature"}, {"geometry": {"coordinates": [12.08693, 49.37461], "type": "Point"}, "properties": {"oid": "6638BG015439"}, "type": "Feature"}, {"geometry": {"coordinates": [12.08456, 49.03324], "type": "Point"}, "properties": {"oid": "6938BG000068"}, "type": "Feature"}, {"geometry": {"coordinates": [11.55155, 48.14103], "type": "Point"}, "properties": {"oid": "7835BG018728"}, "type": "Feature"}, {"geometry": {"coordinates": [13.20763, 48.46699], "type": "Point"}, "properties": {"oid": "7545BG000059"}, "type": "Feature"}, {"geometry": {"coordinates": [11.60171, 48.11854], "type": "Point"}, "properties": {"oid": "7835BG018942"}, "type": "Feature"}, {"geometry": {"coordinates": [11.61794, 48.14656], "type": "Point"}, "properties": {"oid": "7835BG018582"}, "type": "Feature"}, {"geometry": {"coordinates": [11.4261, 49.7522], "type": "Point"}, "properties": {"oid": "6234BG000002"}, "type": "Feature"}, {"geometry": {"coordinates": [11.56653, 49.56705], "type": "Point"}, "properties": {"oid": "6435BG000004"}, "type": "Feature"}, {"geometry": {"coordinates": [11.58541, 48.15589], "type": "Point"}, "properties": {"oid": "7835BG018940"}, "type": "Feature"}, {"geometry": {"coordinates": [10.38614, 48.40459], "type": "Point"}, "properties": {"oid": "7528BG015881"}, "type": "Feature"}, {"geometry": {"coordinates": [12.13567, 48.41608], "type": "Point"}, "properties": {"oid": "7538BG000007"}, "type": "Feature"}, {"geometry": {"coordinates": [11.48838, 48.40212], "type": "Point"}, "properties": {"oid": "7534BG000294"}, "type": "Feature"}, {"geometry": {"coordinates": [12.50605, 48.48128], "type": "Point"}, "properties": {"oid": "7541BG000076"}, "type": "Feature"}, {"geometry": {"coordinates": [12.04335, 49.00018], "type": "Point"}, "properties": {"oid": "6938BG017364"}, "type": "Feature"}, {"geometry": {"coordinates": [12.5498, 48.39799], "type": "Point"}, "properties": {"oid": "7641BG015243"}, "type": "Feature"}, {"geometry": {"coordinates": [12.24658, 48.57302], "type": "Point"}, "properties": {"oid": "7439BG015586"}, "type": "Feature"}, {"geometry": {"coordinates": [12.24757, 48.5732], "type": "Point"}, "properties": {"oid": "7439BG015585"}, "type": "Feature"}, {"geometry": {"coordinates": [12.24656, 48.57566], "type": "Point"}, "properties": {"oid": "7439BG015580"}, "type": "Feature"}, {"geometry": {"coordinates": [12.24435, 48.57219], "type": "Point"}, "properties": {"oid": "7439BG015579"}, "type": "Feature"}, {"geometry": {"coordinates": [12.24645, 48.56436], "type": "Point"}, "properties": {"oid": "7439BG015578"}, "type": "Feature"}, {"geometry": {"coordinates": [11.40255, 47.88652], "type": "Point"}, "properties": {"oid": "8134BG000001"}, "type": "Feature"}, {"geometry": {"coordinates": [13.03871, 48.52659], "type": "Point"}, "properties": {"oid": "7444BG000074"}, "type": "Feature"}, {"geometry": {"coordinates": [13.12368, 48.33059], "type": "Point"}, "properties": {"oid": "7644BG000104"}, "type": "Feature"}, {"geometry": {"coordinates": [11.62148, 47.89483], "type": "Point"}, "properties": {"oid": "8135BG000029"}, "type": "Feature"}, {"geometry": {"coordinates": [12.09675, 49.05077], "type": "Point"}, "properties": {"oid": "6938BG000603"}, "type": "Feature"}, {"geometry": {"coordinates": [11.36238, 48.48238], "type": "Point"}, "properties": {"oid": "7534BG015257"}, "type": "Feature"}, {"geometry": {"coordinates": [12.81344, 48.52206], "type": "Point"}, "properties": {"oid": "7442BG000061"}, "type": "Feature"}, {"geometry": {"coordinates": [10.83336, 49.29628], "type": "Point"}, "properties": {"oid": "6731BG015016"}, "type": "Feature"}, {"geometry": {"coordinates": [9.72843, 50.1387], "type": "Point"}, "properties": {"oid": "5824BG000004"}, "type": "Feature"}, {"geometry": {"coordinates": [12.7976, 48.84478], "type": "Point"}, "properties": {"oid": "7142BG015152"}, "type": "Feature"}, {"geometry": {"coordinates": [11.31717, 48.364], "type": "Point"}, "properties": {"oid": "7633BG000021"}, "type": "Feature"}, {"geometry": {"coordinates": [11.33175, 48.1544], "type": "Point"}, "properties": {"oid": "7833BG015874"}, "type": "Feature"}, {"geometry": {"coordinates": [12.9614, 48.42528], "type": "Point"}, "properties": {"oid": "7543BG000130"}, "type": "Feature"}, {"geometry": {"coordinates": [12.43848, 49.97467], "type": "Point"}, "properties": {"oid": "6040BG000036"}, "type": "Feature"}, {"geometry": {"coordinates": [10.4545, 49.71554], "type": "Point"}, "properties": {"oid": "6228BG015068"}, "type": "Feature"}, {"geometry": {"coordinates": [10.48662, 48.44566], "type": "Point"}, "properties": {"oid": "7528BG015861"}, "type": "Feature"}, {"geometry": {"coordinates": [11.46212, 48.1059], "type": "Point"}, "properties": {"oid": "7834BG016454"}, "type": "Feature"}, {"geometry": {"coordinates": [12.70027, 48.27277], "type": "Point"}, "properties": {"oid": "7742BG015094"}, "type": "Feature"}, {"geometry": {"coordinates": [12.96191, 48.65225], "type": "Point"}, "properties": {"oid": "7343BG000180"}, "type": "Feature"}, {"geometry": {"coordinates": [12.97459, 48.64855], "type": "Point"}, "properties": {"oid": "7343BG000176"}, "type": "Feature"}, {"geometry": {"coordinates": [12.37075, 48.99122], "type": "Point"}, "properties": {"oid": "7040BG000076"}, "type": "Feature"}, {"geometry": {"coordinates": [12.99402, 48.64375], "type": "Point"}, "properties": {"oid": "7343BG000178"}, "type": "Feature"}, {"geometry": {"coordinates": [12.84859, 48.1817], "type": "Point"}, "properties": {"oid": "7843BG015112"}, "type": "Feature"}, {"geometry": {"coordinates": [12.99437, 48.61888], "type": "Point"}, "properties": {"oid": "7343BG000008"}, "type": "Feature"}, {"geometry": {"coordinates": [13.00383, 48.6786], "type": "Point"}, "properties": {"oid": "7344BG000005"}, "type": "Feature"}, {"geometry": {"coordinates": [13.00165, 48.70569], "type": "Point"}, "properties": {"oid": "7244BG000080"}, "type": "Feature"}, {"geometry": {"coordinates": [11.46939, 48.19551], "type": "Point"}, "properties": {"oid": "7834BG016441"}, "type": "Feature"}, {"geometry": {"coordinates": [12.84287, 47.94371], "type": "Point"}, "properties": {"oid": "8043BG015013"}, "type": "Feature"}, {"geometry": {"coordinates": [11.10029, 49.49959], "type": "Point"}, "properties": {"oid": "6432BG015022"}, "type": "Feature"}, {"geometry": {"coordinates": [10.32745, 50.44649], "type": "Point"}, "properties": {"oid": "5527BG015043"}, "type": "Feature"}, {"geometry": {"coordinates": [11.55734, 48.14676], "type": "Point"}, "properties": {"oid": "7835BG018943"}, "type": "Feature"}, {"geometry": {"coordinates": [11.38053, 49.62663], "type": "Point"}, "properties": {"oid": "6334BG000002"}, "type": "Feature"}, {"geometry": {"coordinates": [10.22083, 50.26616], "type": "Point"}, "properties": {"oid": "5727BG015136"}, "type": "Feature"}, {"geometry": {"coordinates": [10.25058, 50.27989], "type": "Point"}, "properties": {"oid": "5727BG015135"}, "type": "Feature"}, {"geometry": {"coordinates": [12.64699, 48.5648], "type": "Point"}, "properties": {"oid": "7441BG000001"}, "type": "Feature"}, {"geometry": {"coordinates": [13.14273, 48.58765], "type": "Point"}, "properties": {"oid": "7444BG000027"}, "type": "Feature"}, {"geometry": {"coordinates": [11.8325, 48.01395], "type": "Point"}, "properties": {"oid": "7937BG015464"}, "type": "Feature"}, {"geometry": {"coordinates": [11.8229, 48.02917], "type": "Point"}, "properties": {"oid": "7936BG015405"}, "type": "Feature"}, {"geometry": {"coordinates": [11.84461, 48.0269], "type": "Point"}, "properties": {"oid": "7937BG015463"}, "type": "Feature"}, {"geometry": {"coordinates": [11.27363, 50.31028], "type": "Point"}, "properties": {"oid": "5633BG015057"}, "type": "Feature"}, {"geometry": {"coordinates": [12.30688, 48.46917], "type": "Point"}, "properties": {"oid": "7539BG000004"}, "type": "Feature"}, {"geometry": {"coordinates": [11.1817, 48.86118], "type": "Point"}, "properties": {"oid": "7133BG015157"}, "type": "Feature"}, {"geometry": {"coordinates": [13.20365, 48.47588], "type": "Point"}, "properties": {"oid": "7545BG000007"}, "type": "Feature"}, {"geometry": {"coordinates": [10.67789, 50.15723], "type": "Point"}, "properties": {"oid": "5830BG000040"}, "type": "Feature"}, {"geometry": {"coordinates": [11.37351, 47.75795], "type": "Point"}, "properties": {"oid": "8234BG016000"}, "type": "Feature"}, {"geometry": {"coordinates": [11.37341, 47.7585], "type": "Point"}, "properties": {"oid": "8234BG016028"}, "type": "Feature"}, {"geometry": {"coordinates": [11.53221, 48.14288], "type": "Point"}, "properties": {"oid": "7835BG018752"}, "type": "Feature"}, {"geometry": {"coordinates": [11.51792, 48.0833], "type": "Point"}, "properties": {"oid": "7935BG014532"}, "type": "Feature"}, {"geometry": {"coordinates": [11.59614, 48.22399], "type": "Point"}, "properties": {"oid": "7735BG016615"}, "type": "Feature"}, {"geometry": {"coordinates": [11.05518, 47.94002], "type": "Point"}, "properties": {"oid": "8032BG015468"}, "type": "Feature"}, {"geometry": {"coordinates": [11.54911, 48.13973], "type": "Point"}, "properties": {"oid": "7835BG018930"}, "type": "Feature"}, {"geometry": {"coordinates": [10.2993, 47.76742], "type": "Point"}, "properties": {"oid": "8227BG015576"}, "type": "Feature"}, {"geometry": {"coordinates": [10.29892, 47.7667], "type": "Point"}, "properties": {"oid": "8227BG015577"}, "type": "Feature"}, {"geometry": {"coordinates": [11.02359, 49.88113], "type": "Point"}, "properties": {"oid": "6132BG000054"}, "type": "Feature"}, {"geometry": {"coordinates": [11.47423, 48.19151], "type": "Point"}, "properties": {"oid": "7834BG016824"}, "type": "Feature"}, {"geometry": {"coordinates": [10.19539, 50.18723], "type": "Point"}, "properties": {"oid": "5827BG015057"}, "type": "Feature"}, {"geometry": {"coordinates": [11.80871, 49.14753], "type": "Point"}, "properties": {"oid": "6836BG015148"}, "type": "Feature"}, {"geometry": {"coordinates": [11.83372, 49.14198], "type": "Point"}, "properties": {"oid": "6837BG015076"}, "type": "Feature"}, {"geometry": {"coordinates": [11.67974, 49.25011], "type": "Point"}, "properties": {"oid": "6736BG000006"}, "type": "Feature"}, {"geometry": {"coordinates": [10.61125, 48.38824], "type": "Point"}, "properties": {"oid": "7629BG015290"}, "type": "Feature"}, {"geometry": {"coordinates": [11.94229, 50.36746], "type": "Point"}, "properties": {"oid": "5637BG000018"}, "type": "Feature"}, {"geometry": {"coordinates": [12.80901, 48.85954], "type": "Point"}, "properties": {"oid": "7142BG000018"}, "type": "Feature"}, {"geometry": {"coordinates": [12.86547, 48.62676], "type": "Point"}, "properties": {"oid": "7343BG000143"}, "type": "Feature"}, {"geometry": {"coordinates": [11.55154, 48.14097], "type": "Point"}, "properties": {"oid": "7835BG018732"}, "type": "Feature"}, {"geometry": {"coordinates": [11.55012, 49.56267], "type": "Point"}, "properties": {"oid": "6435BG000005"}, "type": "Feature"}, {"geometry": {"coordinates": [10.21892, 50.24372], "type": "Point"}, "properties": {"oid": "5727BG015142"}, "type": "Feature"}, {"geometry": {"coordinates": [11.50148, 48.11194], "type": "Point"}, "properties": {"oid": "7835BG014701"}, "type": "Feature"}, {"geometry": {"coordinates": [11.89905, 48.85792], "type": "Point"}, "properties": {"oid": "7137BG015243"}, "type": "Feature"}, {"geometry": {"coordinates": [12.76632, 48.26529], "type": "Point"}, "properties": {"oid": "7742BG000085"}, "type": "Feature"}, {"geometry": {"coordinates": [12.0809, 47.91025], "type": "Point"}, "properties": {"oid": "8038BG015436"}, "type": "Feature"}, {"geometry": {"coordinates": [12.19151, 47.83684], "type": "Point"}, "properties": {"oid": "8139BG015264"}, "type": "Feature"}, {"geometry": {"coordinates": [11.55689, 48.1467], "type": "Point"}, "properties": {"oid": "7835BG018944"}, "type": "Feature"}, {"geometry": {"coordinates": [11.16537, 48.0396], "type": "Point"}, "properties": {"oid": "7933BG015784"}, "type": "Feature"}, {"geometry": {"coordinates": [11.52522, 47.95038], "type": "Point"}, "properties": {"oid": "8035BG015144"}, "type": "Feature"}, {"geometry": {"coordinates": [11.53514, 47.95822], "type": "Point"}, "properties": {"oid": "8035BG015145"}, "type": "Feature"}, {"geometry": {"coordinates": [11.5492, 48.13994], "type": "Point"}, "properties": {"oid": "7835BG019469"}, "type": "Feature"}, {"geometry": {"coordinates": [11.43905, 49.76633], "type": "Point"}, "properties": {"oid": "6234BG000001"}, "type": "Feature"}, {"geometry": {"coordinates": [11.66367, 48.29937], "type": "Point"}, "properties": {"oid": "7635BG015708"}, "type": "Feature"}, {"geometry": {"coordinates": [11.53269, 48.1377], "type": "Point"}, "properties": {"oid": "7835BG018880"}, "type": "Feature"}, {"geometry": {"coordinates": [11.53266, 48.13649], "type": "Point"}, "properties": {"oid": "7835BG018881"}, "type": "Feature"}, {"geometry": {"coordinates": [11.51931, 48.58007], "type": "Point"}, "properties": {"oid": "7435BG015538"}, "type": "Feature"}, {"geometry": {"coordinates": [11.52045, 48.58027], "type": "Point"}, "properties": {"oid": "7435BG015537"}, "type": "Feature"}, {"geometry": {"coordinates": [12.06048, 48.15995], "type": "Point"}, "properties": {"oid": "7838BG015255"}, "type": "Feature"}, {"geometry": {"coordinates": [11.58392, 48.12107], "type": "Point"}, "properties": {"oid": "7835BG018887"}, "type": "Feature"}, {"geometry": {"coordinates": [12.18993, 47.82875], "type": "Point"}, "properties": {"oid": "8139BG015263"}, "type": "Feature"}, {"geometry": {"coordinates": [11.4841, 48.23215], "type": "Point"}, "properties": {"oid": "7734BG016941"}, "type": "Feature"}, {"geometry": {"coordinates": [12.41421, 48.15439], "type": "Point"}, "properties": {"oid": "7840BG015418"}, "type": "Feature"}, {"geometry": {"coordinates": [10.20599, 50.15325], "type": "Point"}, "properties": {"oid": "5827BG015061"}, "type": "Feature"}, {"geometry": {"coordinates": [12.23171, 49.31785], "type": "Point"}, "properties": {"oid": "6639BG000022"}, "type": "Feature"}, {"geometry": {"coordinates": [9.87993, 49.95135], "type": "Point"}, "properties": {"oid": "6025BG015693"}, "type": "Feature"}, {"geometry": {"coordinates": [12.23156, 49.31933], "type": "Point"}, "properties": {"oid": "6639BG000054"}, "type": "Feature"}, {"geometry": {"coordinates": [10.2938, 50.33391], "type": "Point"}, "properties": {"oid": "5627BG015317"}, "type": "Feature"}, {"geometry": {"coordinates": [12.1911, 47.80967], "type": "Point"}, "properties": {"oid": "8139BG015262"}, "type": "Feature"}, {"geometry": {"coordinates": [11.80531, 47.98421], "type": "Point"}, "properties": {"oid": "8036BG015251"}, "type": "Feature"}, {"geometry": {"coordinates": [12.39365, 48.70662], "type": "Point"}, "properties": {"oid": "7240BG015080"}, "type": "Feature"}, {"geometry": {"coordinates": [11.81119, 50.33301], "type": "Point"}, "properties": {"oid": "5636BG015141"}, "type": "Feature"}, {"geometry": {"coordinates": [10.48981, 48.44397], "type": "Point"}, "properties": {"oid": "7528BG015862"}, "type": "Feature"}, {"geometry": {"coordinates": [11.3535, 48.30193], "type": "Point"}, "properties": {"oid": "7634BG015018"}, "type": "Feature"}, {"geometry": {"coordinates": [12.04102, 47.77611], "type": "Point"}, "properties": {"oid": "8238BG015589"}, "type": "Feature"}, {"geometry": {"coordinates": [12.19395, 47.845], "type": "Point"}, "properties": {"oid": "8139BG015270"}, "type": "Feature"}, {"geometry": {"coordinates": [12.18835, 47.83395], "type": "Point"}, "properties": {"oid": "8139BG015269"}, "type": "Feature"}, {"geometry": {"coordinates": [10.48259, 48.44122], "type": "Point"}, "properties": {"oid": "7528BG015863"}, "type": "Feature"}, {"geometry": {"coordinates": [12.05953, 48.81125], "type": "Point"}, "properties": {"oid": "7138BG015204"}, "type": "Feature"}, {"geometry": {"coordinates": [12.19741, 47.77607], "type": "Point"}, "properties": {"oid": "8239BG015126"}, "type": "Feature"}, {"geometry": {"coordinates": [10.60027, 48.16998], "type": "Point"}, "properties": {"oid": "7829BG015015"}, "type": "Feature"}, {"geometry": {"coordinates": [11.32086, 49.61271], "type": "Point"}, "properties": {"oid": "6333BG000005"}, "type": "Feature"}, {"geometry": {"coordinates": [10.46165, 48.39879], "type": "Point"}, "properties": {"oid": "7628BG015188"}, "type": "Feature"}, {"geometry": {"coordinates": [11.28272, 48.14419], "type": "Point"}, "properties": {"oid": "7833BG015873"}, "type": "Feature"}, {"geometry": {"coordinates": [11.58344, 48.14961], "type": "Point"}, "properties": {"oid": "7835BG018861"}, "type": "Feature"}, {"geometry": {"coordinates": [12.18533, 47.63919], "type": "Point"}, "properties": {"oid": "8339BG015138"}, "type": "Feature"}, {"geometry": {"coordinates": [12.18409, 47.64262], "type": "Point"}, "properties": {"oid": "8339BG015136"}, "type": "Feature"}, {"geometry": {"coordinates": [12.18103, 47.6543], "type": "Point"}, "properties": {"oid": "8339BG015137"}, "type": "Feature"}, {"geometry": {"coordinates": [12.16733, 47.74189], "type": "Point"}, "properties": {"oid": "8239BG015124"}, "type": "Feature"}, {"geometry": {"coordinates": [10.50945, 49.95294], "type": "Point"}, "properties": {"oid": "6029BG015344"}, "type": "Feature"}, {"geometry": {"coordinates": [12.1855, 47.7607], "type": "Point"}, "properties": {"oid": "8239BG015125"}, "type": "Feature"}, {"geometry": {"coordinates": [11.46515, 49.47917], "type": "Point"}, "properties": {"oid": "6534BG015269"}, "type": "Feature"}, {"geometry": {"coordinates": [11.95663, 48.00942], "type": "Point"}, "properties": {"oid": "7937BG015493"}, "type": "Feature"}, {"geometry": {"coordinates": [12.16345, 47.80761], "type": "Point"}, "properties": {"oid": "8138BG016565"}, "type": "Feature"}, {"geometry": {"coordinates": [10.70344, 48.61324], "type": "Point"}, "properties": {"oid": "7330BG015715"}, "type": "Feature"}, {"geometry": {"coordinates": [12.2163, 48.04855], "type": "Point"}, "properties": {"oid": "7939BG015003"}, "type": "Feature"}, {"geometry": {"coordinates": [11.60604, 48.12399], "type": "Point"}, "properties": {"oid": "7835BG007553"}, "type": "Feature"}, {"geometry": {"coordinates": [11.36987, 47.7715], "type": "Point"}, "properties": {"oid": "8234BG016065"}, "type": "Feature"}, {"geometry": {"coordinates": [11.93524, 50.31348], "type": "Point"}, "properties": {"oid": "5637BG000601"}, "type": "Feature"}, {"geometry": {"coordinates": [11.23346, 50.2737], "type": "Point"}, "properties": {"oid": "5733BG000005"}, "type": "Feature"}, {"geometry": {"coordinates": [11.36967, 47.7715], "type": "Point"}, "properties": {"oid": "8234BG016064"}, "type": "Feature"}, {"geometry": {"coordinates": [9.73938, 49.86117], "type": "Point"}, "properties": {"oid": "6124BG015280"}, "type": "Feature"}, {"geometry": {"coordinates": [10.37455, 49.52134], "type": "Point"}, "properties": {"oid": "6428BG000017"}, "type": "Feature"}, {"geometry": {"coordinates": [12.20494, 50.06478], "type": "Point"}, "properties": {"oid": "5939BG015238"}, "type": "Feature"}, {"geometry": {"coordinates": [11.36947, 47.7715], "type": "Point"}, "properties": {"oid": "8234BG016062"}, "type": "Feature"}, {"geometry": {"coordinates": [11.36967, 47.7715], "type": "Point"}, "properties": {"oid": "8234BG016063"}, "type": "Feature"}, {"geometry": {"coordinates": [11.36994, 47.77127], "type": "Point"}, "properties": {"oid": "8234BG016114"}, "type": "Feature"}, {"geometry": {"coordinates": [11.55711, 48.14669], "type": "Point"}, "properties": {"oid": "7835BG018888"}, "type": "Feature"}, {"geometry": {"coordinates": [12.53078, 48.37028], "type": "Point"}, "properties": {"oid": "7641BG015247"}, "type": "Feature"}, {"geometry": {"coordinates": [12.03795, 49.07152], "type": "Point"}, "properties": {"oid": "6938BG015204"}, "type": "Feature"}, {"geometry": {"coordinates": [12.72926, 49.31688], "type": "Point"}, "properties": {"oid": "6642BG015082"}, "type": "Feature"}, {"geometry": {"coordinates": [11.36927, 47.77151], "type": "Point"}, "properties": {"oid": "8234BG016060"}, "type": "Feature"}, {"geometry": {"coordinates": [11.36907, 47.77152], "type": "Point"}, "properties": {"oid": "8234BG016058"}, "type": "Feature"}, {"geometry": {"coordinates": [11.59376, 48.13396], "type": "Point"}, "properties": {"oid": "7835BG018859"}, "type": "Feature"}, {"geometry": {"coordinates": [12.18191, 47.8464], "type": "Point"}, "properties": {"oid": "8139BG015256"}, "type": "Feature"}, {"geometry": {"coordinates": [12.18397, 47.6271], "type": "Point"}, "properties": {"oid": "8339BG015130"}, "type": "Feature"}, {"geometry": {"coordinates": [11.80356, 47.99329], "type": "Point"}, "properties": {"oid": "8036BG015250"}, "type": "Feature"}, {"geometry": {"coordinates": [9.81782, 49.74725], "type": "Point"}, "properties": {"oid": "6224BG015300"}, "type": "Feature"}, {"geometry": {"coordinates": [11.23286, 48.21271], "type": "Point"}, "properties": {"oid": "7733BG015634"}, "type": "Feature"}, {"geometry": {"coordinates": [11.37411, 48.50811], "type": "Point"}, "properties": {"oid": "7434BG015268"}, "type": "Feature"}, {"geometry": {"coordinates": [12.21019, 49.34675], "type": "Point"}, "properties": {"oid": "6639BG015108"}, "type": "Feature"}, {"geometry": {"coordinates": [12.21911, 49.34107], "type": "Point"}, "properties": {"oid": "6639BG015107"}, "type": "Feature"}, {"geometry": {"coordinates": [12.24094, 49.33006], "type": "Point"}, "properties": {"oid": "6639BG015104"}, "type": "Feature"}, {"geometry": {"coordinates": [12.2004, 49.34219], "type": "Point"}, "properties": {"oid": "6639BG015103"}, "type": "Feature"}, {"geometry": {"coordinates": [11.7878, 48.10366], "type": "Point"}, "properties": {"oid": "7836BG016342"}, "type": "Feature"}, {"geometry": {"coordinates": [11.54703, 47.75955], "type": "Point"}, "properties": {"oid": "8235BG015367"}, "type": "Feature"}, {"geometry": {"coordinates": [10.97767, 48.42344], "type": "Point"}, "properties": {"oid": "7531BG015097"}, "type": "Feature"}, {"geometry": {"coordinates": [12.23122, 49.31906], "type": "Point"}, "properties": {"oid": "6639BG000044"}, "type": "Feature"}, {"geometry": {"coordinates": [10.81323, 48.26025], "type": "Point"}, "properties": {"oid": "7730BG015124"}, "type": "Feature"}, {"geometry": {"coordinates": [11.11752, 48.29787], "type": "Point"}, "properties": {"oid": "7732BG015145"}, "type": "Feature"}, {"geometry": {"coordinates": [10.92088, 48.36216], "type": "Point"}, "properties": {"oid": "7631BG015309"}, "type": "Feature"}, {"geometry": {"coordinates": [11.07602, 48.41842], "type": "Point"}, "properties": {"oid": "7532BG000012"}, "type": "Feature"}, {"geometry": {"coordinates": [11.01467, 48.22231], "type": "Point"}, "properties": {"oid": "7732BG015006"}, "type": "Feature"}, {"geometry": {"coordinates": [11.01468, 48.22231], "type": "Point"}, "properties": {"oid": "7732BG015005"}, "type": "Feature"}, {"geometry": {"coordinates": [11.34892, 48.03484], "type": "Point"}, "properties": {"oid": "7934BG015714"}, "type": "Feature"}, {"geometry": {"coordinates": [10.76048, 48.18007], "type": "Point"}, "properties": {"oid": "7830BG015021"}, "type": "Feature"}, {"geometry": {"coordinates": [10.97004, 48.38608], "type": "Point"}, "properties": {"oid": "7631BG015001"}, "type": "Feature"}, {"geometry": {"coordinates": [10.77832, 48.21958], "type": "Point"}, "properties": {"oid": "7730BG000017"}, "type": "Feature"}, {"geometry": {"coordinates": [10.80344, 48.143], "type": "Point"}, "properties": {"oid": "7830BG000006"}, "type": "Feature"}, {"geometry": {"coordinates": [10.94268, 48.30135], "type": "Point"}, "properties": {"oid": "7631BG015048"}, "type": "Feature"}, {"geometry": {"coordinates": [12.5683, 49.44099], "type": "Point"}, "properties": {"oid": "6541BG015032"}, "type": "Feature"}, {"geometry": {"coordinates": [10.85153, 48.33926], "type": "Point"}, "properties": {"oid": "7631BG015007"}, "type": "Feature"}, {"geometry": {"coordinates": [12.17961, 47.81749], "type": "Point"}, "properties": {"oid": "8139BG015266"}, "type": "Feature"}, {"geometry": {"coordinates": [10.97892, 48.33695], "type": "Point"}, "properties": {"oid": "7631BG015188"}, "type": "Feature"}, {"geometry": {"coordinates": [10.98018, 48.33911], "type": "Point"}, "properties": {"oid": "7631BG015059"}, "type": "Feature"}, {"geometry": {"coordinates": [10.70357, 48.36219], "type": "Point"}, "properties": {"oid": "7630BG015025"}, "type": "Feature"}, {"geometry": {"coordinates": [10.94111, 48.32667], "type": "Point"}, "properties": {"oid": "7631BG015044"}, "type": "Feature"}, {"geometry": {"coordinates": [10.69972, 48.34146], "type": "Point"}, "properties": {"oid": "7630BG015015"}, "type": "Feature"}, {"geometry": {"coordinates": [10.9875, 48.23724], "type": "Point"}, "properties": {"oid": "7731BG015006"}, "type": "Feature"}, {"geometry": {"coordinates": [10.89544, 48.3803], "type": "Point"}, "properties": {"oid": "7631BG015159"}, "type": "Feature"}, {"geometry": {"coordinates": [10.93005, 48.61423], "type": "Point"}, "properties": {"oid": "7331BG000028"}, "type": "Feature"}, {"geometry": {"coordinates": [11.07456, 48.62487], "type": "Point"}, "properties": {"oid": "7332BG000245"}, "type": "Feature"}, {"geometry": {"coordinates": [11.07521, 48.62198], "type": "Point"}, "properties": {"oid": "7332BG000247"}, "type": "Feature"}, {"geometry": {"coordinates": [11.00577, 48.69744], "type": "Point"}, "properties": {"oid": "7332BG015001"}, "type": "Feature"}, {"geometry": {"coordinates": [9.98718, 49.93948], "type": "Point"}, "properties": {"oid": "6025BG015696"}, "type": "Feature"}, {"geometry": {"coordinates": [9.9945, 49.93505], "type": "Point"}, "properties": {"oid": "6025BG015695"}, "type": "Feature"}, {"geometry": {"coordinates": [10.77963, 48.34008], "type": "Point"}, "properties": {"oid": "7630BG015012"}, "type": "Feature"}, {"geometry": {"coordinates": [11.09818, 48.32809], "type": "Point"}, "properties": {"oid": "7632BG015006"}, "type": "Feature"}, {"geometry": {"coordinates": [10.71713, 48.59369], "type": "Point"}, "properties": {"oid": "7430BG000105"}, "type": "Feature"}, {"geometry": {"coordinates": [10.76879, 48.72808], "type": "Point"}, "properties": {"oid": "7230BG015063"}, "type": "Feature"}, {"geometry": {"coordinates": [10.64177, 48.28902], "type": "Point"}, "properties": {"oid": "7729BG015008"}, "type": "Feature"}, {"geometry": {"coordinates": [10.88343, 48.35433], "type": "Point"}, "properties": {"oid": "7631BG015429"}, "type": "Feature"}, {"geometry": {"coordinates": [10.88221, 48.35503], "type": "Point"}, "properties": {"oid": "7631BG015431"}, "type": "Feature"}, {"geometry": {"coordinates": [11.01928, 48.26724], "type": "Point"}, "properties": {"oid": "7732BG015012"}, "type": "Feature"}, {"geometry": {"coordinates": [10.93689, 48.29475], "type": "Point"}, "properties": {"oid": "7731BG015085"}, "type": "Feature"}, {"geometry": {"coordinates": [10.93281, 48.28936], "type": "Point"}, "properties": {"oid": "7731BG015091"}, "type": "Feature"}, {"geometry": {"coordinates": [9.10538, 49.93947], "type": "Point"}, "properties": {"oid": "6020BG016021"}, "type": "Feature"}, {"geometry": {"coordinates": [10.93294, 48.28945], "type": "Point"}, "properties": {"oid": "7731BG015512"}, "type": "Feature"}, {"geometry": {"coordinates": [10.84462, 48.51594], "type": "Point"}, "properties": {"oid": "7431BG015006"}, "type": "Feature"}, {"geometry": {"coordinates": [11.50931, 49.74164], "type": "Point"}, "properties": {"oid": "6235BG000008"}, "type": "Feature"}, {"geometry": {"coordinates": [10.91452, 48.29179], "type": "Point"}, "properties": {"oid": "7731BG015508"}, "type": "Feature"}, {"geometry": {"coordinates": [10.93188, 48.30543], "type": "Point"}, "properties": {"oid": "7631BG016385"}, "type": "Feature"}, {"geometry": {"coordinates": [10.78953, 48.28476], "type": "Point"}, "properties": {"oid": "7730BG015015"}, "type": "Feature"}, {"geometry": {"coordinates": [10.81131, 48.26128], "type": "Point"}, "properties": {"oid": "7730BG015017"}, "type": "Feature"}, {"geometry": {"coordinates": [10.93022, 48.32243], "type": "Point"}, "properties": {"oid": "7631BG016401"}, "type": "Feature"}, {"geometry": {"coordinates": [10.60066, 48.19721], "type": "Point"}, "properties": {"oid": "7829BG015017"}, "type": "Feature"}, {"geometry": {"coordinates": [10.9841, 48.15495], "type": "Point"}, "properties": {"oid": "7831BG015088"}, "type": "Feature"}, {"geometry": {"coordinates": [10.84662, 48.51627], "type": "Point"}, "properties": {"oid": "7431BG015002"}, "type": "Feature"}, {"geometry": {"coordinates": [11.51832, 48.93246], "type": "Point"}, "properties": {"oid": "7035BG015024"}, "type": "Feature"}, {"geometry": {"coordinates": [10.92557, 48.27536], "type": "Point"}, "properties": {"oid": "7731BG015503"}, "type": "Feature"}, {"geometry": {"coordinates": [12.20023, 47.78487], "type": "Point"}, "properties": {"oid": "8239BG015121"}, "type": "Feature"}, {"geometry": {"coordinates": [10.98149, 48.4174], "type": "Point"}, "properties": {"oid": "7531BG015522"}, "type": "Feature"}, {"geometry": {"coordinates": [10.76279, 48.61047], "type": "Point"}, "properties": {"oid": "7330BG015330"}, "type": "Feature"}, {"geometry": {"coordinates": [10.72795, 48.43219], "type": "Point"}, "properties": {"oid": "7530BG015012"}, "type": "Feature"}, {"geometry": {"coordinates": [12.19018, 49.28429], "type": "Point"}, "properties": {"oid": "6739BG015342"}, "type": "Feature"}, {"geometry": {"coordinates": [12.18023, 47.74985], "type": "Point"}, "properties": {"oid": "8239BG015120"}, "type": "Feature"}, {"geometry": {"coordinates": [10.88463, 48.36728], "type": "Point"}, "properties": {"oid": "7631BG015151"}, "type": "Feature"}, {"geometry": {"coordinates": [11.02815, 48.50635], "type": "Point"}, "properties": {"oid": "7432BG000103"}, "type": "Feature"}, {"geometry": {"coordinates": [10.87952, 48.35228], "type": "Point"}, "properties": {"oid": "7631BG016738"}, "type": "Feature"}, {"geometry": {"coordinates": [10.61248, 48.19609], "type": "Point"}, "properties": {"oid": "7829BG015036"}, "type": "Feature"}, {"geometry": {"coordinates": [10.81322, 48.4156], "type": "Point"}, "properties": {"oid": "7530BG015005"}, "type": "Feature"}, {"geometry": {"coordinates": [10.98504, 48.37572], "type": "Point"}, "properties": {"oid": "7631BG016870"}, "type": "Feature"}, {"geometry": {"coordinates": [10.72788, 48.43216], "type": "Point"}, "properties": {"oid": "7530BG015010"}, "type": "Feature"}, {"geometry": {"coordinates": [10.93712, 48.28733], "type": "Point"}, "properties": {"oid": "7731BG015509"}, "type": "Feature"}, {"geometry": {"coordinates": [10.76072, 48.18003], "type": "Point"}, "properties": {"oid": "7830BG015022"}, "type": "Feature"}, {"geometry": {"coordinates": [10.76523, 48.62667], "type": "Point"}, "properties": {"oid": "7330BG015235"}, "type": "Feature"}, {"geometry": {"coordinates": [12.11529, 48.16904], "type": "Point"}, "properties": {"oid": "7838BG015235"}, "type": "Feature"}, {"geometry": {"coordinates": [12.06957, 47.86348], "type": "Point"}, "properties": {"oid": "8138BG016563"}, "type": "Feature"}, {"geometry": {"coordinates": [11.05663, 48.39356], "type": "Point"}, "properties": {"oid": "7632BG000001"}, "type": "Feature"}, {"geometry": {"coordinates": [10.808, 48.45339], "type": "Point"}, "properties": {"oid": "7530BG000028"}, "type": "Feature"}, {"geometry": {"coordinates": [10.93037, 48.28272], "type": "Point"}, "properties": {"oid": "7731BG015498"}, "type": "Feature"}, {"geometry": {"coordinates": [12.21672, 50.07036], "type": "Point"}, "properties": {"oid": "5939BG015245"}, "type": "Feature"}, {"geometry": {"coordinates": [11.25808, 47.74181], "type": "Point"}, "properties": {"oid": "8233BG015795"}, "type": "Feature"}, {"geometry": {"coordinates": [10.98789, 49.44094], "type": "Point"}, "properties": {"oid": "6531BG015002"}, "type": "Feature"}, {"geometry": {"coordinates": [12.18087, 47.61665], "type": "Point"}, "properties": {"oid": "8339BG015131"}, "type": "Feature"}, {"geometry": {"coordinates": [12.17787, 47.61851], "type": "Point"}, "properties": {"oid": "8339BG015134"}, "type": "Feature"}, {"geometry": {"coordinates": [12.17938, 47.61434], "type": "Point"}, "properties": {"oid": "8339BG015133"}, "type": "Feature"}, {"geometry": {"coordinates": [12.18129, 47.61455], "type": "Point"}, "properties": {"oid": "8339BG015132"}, "type": "Feature"}, {"geometry": {"coordinates": [13.01048, 48.25717], "type": "Point"}, "properties": {"oid": "7744BG000108"}, "type": "Feature"}, {"geometry": {"coordinates": [11.55816, 48.13749], "type": "Point"}, "properties": {"oid": "7835BG019422"}, "type": "Feature"}, {"geometry": {"coordinates": [11.28941, 48.04961], "type": "Point"}, "properties": {"oid": "7933BG015801"}, "type": "Feature"}, {"geometry": {"coordinates": [11.54939, 48.11939], "type": "Point"}, "properties": {"oid": "7835BG019404"}, "type": "Feature"}, {"geometry": {"coordinates": [11.77752, 49.86782], "type": "Point"}, "properties": {"oid": "6136BG015132"}, "type": "Feature"}, {"geometry": {"coordinates": [11.45923, 50.02913], "type": "Point"}, "properties": {"oid": "5934BG015258"}, "type": "Feature"}, {"geometry": {"coordinates": [11.54865, 48.12009], "type": "Point"}, "properties": {"oid": "7835BG019406"}, "type": "Feature"}, {"geometry": {"coordinates": [11.46143, 50.02979], "type": "Point"}, "properties": {"oid": "5934BG015262"}, "type": "Feature"}, {"geometry": {"coordinates": [12.41804, 48.16776], "type": "Point"}, "properties": {"oid": "7840BG015433"}, "type": "Feature"}, {"geometry": {"coordinates": [11.79161, 48.41549], "type": "Point"}, "properties": {"oid": "7536BG000240"}, "type": "Feature"}, {"geometry": {"coordinates": [11.54977, 48.12187], "type": "Point"}, "properties": {"oid": "7835BG019408"}, "type": "Feature"}, {"geometry": {"coordinates": [11.55107, 48.1257], "type": "Point"}, "properties": {"oid": "7835BG019413"}, "type": "Feature"}, {"geometry": {"coordinates": [11.55107, 48.1257], "type": "Point"}, "properties": {"oid": "7835BG019412"}, "type": "Feature"}, {"geometry": {"coordinates": [11.55202, 48.12719], "type": "Point"}, "properties": {"oid": "7835BG019414"}, "type": "Feature"}, {"geometry": {"coordinates": [12.138, 48.51134], "type": "Point"}, "properties": {"oid": "7438BG016093"}, "type": "Feature"}, {"geometry": {"coordinates": [12.61259, 48.15982], "type": "Point"}, "properties": {"oid": "7841BG015718"}, "type": "Feature"}, {"geometry": {"coordinates": [12.6507, 48.09876], "type": "Point"}, "properties": {"oid": "7941BG015721"}, "type": "Feature"}, {"geometry": {"coordinates": [11.90602, 49.39481], "type": "Point"}, "properties": {"oid": "6637BG015078"}, "type": "Feature"}, {"geometry": {"coordinates": [11.86258, 48.55185], "type": "Point"}, "properties": {"oid": "7437BG000056"}, "type": "Feature"}, {"geometry": {"coordinates": [11.45759, 48.09499], "type": "Point"}, "properties": {"oid": "7934BG015869"}, "type": "Feature"}, {"geometry": {"coordinates": [10.34761, 47.75336], "type": "Point"}, "properties": {"oid": "8228BG015409"}, "type": "Feature"}, {"geometry": {"coordinates": [11.80417, 47.83738], "type": "Point"}, "properties": {"oid": "8136BG015303"}, "type": "Feature"}, {"geometry": {"coordinates": [11.80266, 47.8404], "type": "Point"}, "properties": {"oid": "8136BG015304"}, "type": "Feature"}, {"geometry": {"coordinates": [11.80733, 47.8312], "type": "Point"}, "properties": {"oid": "8136BG015301"}, "type": "Feature"}, {"geometry": {"coordinates": [11.80603, 47.83371], "type": "Point"}, "properties": {"oid": "8136BG015302"}, "type": "Feature"}, {"geometry": {"coordinates": [11.54568, 48.11662], "type": "Point"}, "properties": {"oid": "7835BG019398"}, "type": "Feature"}, {"geometry": {"coordinates": [11.54939, 48.11939], "type": "Point"}, "properties": {"oid": "7835BG019405"}, "type": "Feature"}, {"geometry": {"coordinates": [11.54945, 48.12065], "type": "Point"}, "properties": {"oid": "7835BG019407"}, "type": "Feature"}, {"geometry": {"coordinates": [11.66425, 47.80907], "type": "Point"}, "properties": {"oid": "8135BG015501"}, "type": "Feature"}, {"geometry": {"coordinates": [11.55854, 48.13885], "type": "Point"}, "properties": {"oid": "7835BG019424"}, "type": "Feature"}, {"geometry": {"coordinates": [10.24035, 47.818], "type": "Point"}, "properties": {"oid": "8127BG015705"}, "type": "Feature"}, {"geometry": {"coordinates": [11.86219, 48.55195], "type": "Point"}, "properties": {"oid": "7437BG000062"}, "type": "Feature"}, {"geometry": {"coordinates": [11.52987, 48.16566], "type": "Point"}, "properties": {"oid": "7835BG019320"}, "type": "Feature"}, {"geometry": {"coordinates": [12.58076, 48.28007], "type": "Point"}, "properties": {"oid": "7741BG015745"}, "type": "Feature"}, {"geometry": {"coordinates": [12.32654, 47.80473], "type": "Point"}, "properties": {"oid": "8139BG015291"}, "type": "Feature"}, {"geometry": {"coordinates": [11.42054, 48.28085], "type": "Point"}, "properties": {"oid": "7734BG015064"}, "type": "Feature"}, {"geometry": {"coordinates": [11.54978, 48.12364], "type": "Point"}, "properties": {"oid": "7835BG019409"}, "type": "Feature"}, {"geometry": {"coordinates": [11.75647, 47.77185], "type": "Point"}, "properties": {"oid": "8236BG015629"}, "type": "Feature"}, {"geometry": {"coordinates": [12.11538, 48.1691], "type": "Point"}, "properties": {"oid": "7838BG015214"}, "type": "Feature"}, {"geometry": {"coordinates": [11.54767, 48.11832], "type": "Point"}, "properties": {"oid": "7835BG019400"}, "type": "Feature"}, {"geometry": {"coordinates": [11.54593, 48.1171], "type": "Point"}, "properties": {"oid": "7835BG019399"}, "type": "Feature"}, {"geometry": {"coordinates": [11.54686, 48.11564], "type": "Point"}, "properties": {"oid": "7835BG019401"}, "type": "Feature"}, {"geometry": {"coordinates": [11.74497, 47.86126], "type": "Point"}, "properties": {"oid": "8136BG015297"}, "type": "Feature"}, {"geometry": {"coordinates": [11.75287, 47.85941], "type": "Point"}, "properties": {"oid": "8136BG015298"}, "type": "Feature"}, {"geometry": {"coordinates": [9.95536, 50.11389], "type": "Point"}, "properties": {"oid": "5825BG015004"}, "type": "Feature"}, {"geometry": {"coordinates": [12.34348, 48.15283], "type": "Point"}, "properties": {"oid": "7840BG015119"}, "type": "Feature"}, {"geometry": {"coordinates": [12.17796, 47.6167], "type": "Point"}, "properties": {"oid": "8339BG015141"}, "type": "Feature"}, {"geometry": {"coordinates": [11.49605, 48.81965], "type": "Point"}, "properties": {"oid": "7134BG000581"}, "type": "Feature"}, {"geometry": {"coordinates": [11.92558, 47.7015], "type": "Point"}, "properties": {"oid": "8237BG015027"}, "type": "Feature"}, {"geometry": {"coordinates": [11.90881, 47.85584], "type": "Point"}, "properties": {"oid": "8137BG015657"}, "type": "Feature"}, {"geometry": {"coordinates": [11.35118, 48.86771], "type": "Point"}, "properties": {"oid": "7134BG000583"}, "type": "Feature"}, {"geometry": {"coordinates": [11.7809, 47.8803], "type": "Point"}, "properties": {"oid": "8136BG015333"}, "type": "Feature"}, {"geometry": {"coordinates": [9.5839, 49.93909], "type": "Point"}, "properties": {"oid": "6023BG015009"}, "type": "Feature"}, {"geometry": {"coordinates": [12.20418, 50.06554], "type": "Point"}, "properties": {"oid": "5939BG015252"}, "type": "Feature"}, {"geometry": {"coordinates": [11.59327, 48.13486], "type": "Point"}, "properties": {"oid": "7835BG019729"}, "type": "Feature"}, {"geometry": {"coordinates": [11.69978, 48.14442], "type": "Point"}, "properties": {"oid": "7836BG016355"}, "type": "Feature"}, {"geometry": {"coordinates": [11.32438, 49.06166], "type": "Point"}, "properties": {"oid": "6933BG015033"}, "type": "Feature"}, {"geometry": {"coordinates": [11.84985, 48.05801], "type": "Point"}, "properties": {"oid": "7937BG015511"}, "type": "Feature"}, {"geometry": {"coordinates": [11.54958, 48.12475], "type": "Point"}, "properties": {"oid": "7835BG019410"}, "type": "Feature"}, {"geometry": {"coordinates": [9.58158, 49.93763], "type": "Point"}, "properties": {"oid": "6023BG000063"}, "type": "Feature"}, {"geometry": {"coordinates": [12.32821, 47.80563], "type": "Point"}, "properties": {"oid": "8139BG015294"}, "type": "Feature"}, {"geometry": {"coordinates": [11.02228, 49.61738], "type": "Point"}, "properties": {"oid": "6332BG015333"}, "type": "Feature"}, {"geometry": {"coordinates": [11.35043, 48.86644], "type": "Point"}, "properties": {"oid": "7134BG000580"}, "type": "Feature"}, {"geometry": {"coordinates": [11.3526, 48.8675], "type": "Point"}, "properties": {"oid": "7134BG000587"}, "type": "Feature"}, {"geometry": {"coordinates": [10.79637, 48.34521], "type": "Point"}, "properties": {"oid": "7630BG015292"}, "type": "Feature"}, {"geometry": {"coordinates": [11.30728, 48.98097], "type": "Point"}, "properties": {"oid": "7033BG000139"}, "type": "Feature"}, {"geometry": {"coordinates": [11.55298, 48.12653], "type": "Point"}, "properties": {"oid": "7835BG019415"}, "type": "Feature"}, {"geometry": {"coordinates": [12.12888, 48.5103], "type": "Point"}, "properties": {"oid": "7438BG016092"}, "type": "Feature"}, {"geometry": {"coordinates": [12.57762, 48.27674], "type": "Point"}, "properties": {"oid": "7741BG015742"}, "type": "Feature"}, {"geometry": {"coordinates": [11.79857, 47.82426], "type": "Point"}, "properties": {"oid": "8136BG015308"}, "type": "Feature"}, {"geometry": {"coordinates": [12.80172, 47.70481], "type": "Point"}, "properties": {"oid": "8242BG015084"}, "type": "Feature"}, {"geometry": {"coordinates": [12.79984, 47.70565], "type": "Point"}, "properties": {"oid": "8242BG015083"}, "type": "Feature"}, {"geometry": {"coordinates": [11.39727, 48.14602], "type": "Point"}, "properties": {"oid": "7834BG016827"}, "type": "Feature"}, {"geometry": {"coordinates": [12.79831, 47.70654], "type": "Point"}, "properties": {"oid": "8242BG015082"}, "type": "Feature"}, {"geometry": {"coordinates": [11.5566, 48.13425], "type": "Point"}, "properties": {"oid": "7835BG019421"}, "type": "Feature"}, {"geometry": {"coordinates": [12.85162, 48.33211], "type": "Point"}, "properties": {"oid": "7643BG015197"}, "type": "Feature"}, {"geometry": {"coordinates": [11.47203, 50.21291], "type": "Point"}, "properties": {"oid": "5734BG015060"}, "type": "Feature"}, {"geometry": {"coordinates": [11.47312, 50.21552], "type": "Point"}, "properties": {"oid": "5734BG015058"}, "type": "Feature"}, {"geometry": {"coordinates": [11.13168, 47.49085], "type": "Point"}, "properties": {"oid": "8532BG015381"}, "type": "Feature"}, {"geometry": {"coordinates": [11.77192, 47.88417], "type": "Point"}, "properties": {"oid": "8136BG015334"}, "type": "Feature"}, {"geometry": {"coordinates": [11.01299, 49.63701], "type": "Point"}, "properties": {"oid": "6332BG015338"}, "type": "Feature"}, {"geometry": {"coordinates": [12.02568, 48.17883], "type": "Point"}, "properties": {"oid": "7838BG000026"}, "type": "Feature"}, {"geometry": {"coordinates": [11.13502, 47.48905], "type": "Point"}, "properties": {"oid": "8532BG015382"}, "type": "Feature"}, {"geometry": {"coordinates": [11.13504, 47.48897], "type": "Point"}, "properties": {"oid": "8532BG015383"}, "type": "Feature"}, {"geometry": {"coordinates": [10.52511, 48.32], "type": "Point"}, "properties": {"oid": "7629BG015312"}, "type": "Feature"}, {"geometry": {"coordinates": [10.5264, 48.32122], "type": "Point"}, "properties": {"oid": "7629BG015310"}, "type": "Feature"}, {"geometry": {"coordinates": [10.52528, 48.32275], "type": "Point"}, "properties": {"oid": "7629BG015311"}, "type": "Feature"}, {"geometry": {"coordinates": [11.55871, 48.13722], "type": "Point"}, "properties": {"oid": "7835BG019423"}, "type": "Feature"}, {"geometry": {"coordinates": [12.51291, 48.37444], "type": "Point"}, "properties": {"oid": "7641BG015272"}, "type": "Feature"}, {"geometry": {"coordinates": [12.21255, 50.06785], "type": "Point"}, "properties": {"oid": "5939BG015281"}, "type": "Feature"}, {"geometry": {"coordinates": [11.60009, 48.15353], "type": "Point"}, "properties": {"oid": "7835BG019319"}, "type": "Feature"}, {"geometry": {"coordinates": [12.09064, 47.94929], "type": "Point"}, "properties": {"oid": "8038BG015459"}, "type": "Feature"}, {"geometry": {"coordinates": [12.10755, 49.10547], "type": "Point"}, "properties": {"oid": "6838BG000414"}, "type": "Feature"}, {"geometry": {"coordinates": [10.4324, 47.80355], "type": "Point"}, "properties": {"oid": "8128BG015177"}, "type": "Feature"}, {"geometry": {"coordinates": [11.55, 49.92408], "type": "Point"}, "properties": {"oid": "6035BG015443"}, "type": "Feature"}, {"geometry": {"coordinates": [11.55002, 49.92182], "type": "Point"}, "properties": {"oid": "6035BG015441"}, "type": "Feature"}, {"geometry": {"coordinates": [12.32801, 47.80572], "type": "Point"}, "properties": {"oid": "8139BG015313"}, "type": "Feature"}, {"geometry": {"coordinates": [11.37982, 48.94848], "type": "Point"}, "properties": {"oid": "7034BG000184"}, "type": "Feature"}, {"geometry": {"coordinates": [11.59222, 48.13473], "type": "Point"}, "properties": {"oid": "7835BG019728"}, "type": "Feature"}, {"geometry": {"coordinates": [11.44178, 48.24476], "type": "Point"}, "properties": {"oid": "7734BG000075"}, "type": "Feature"}, {"geometry": {"coordinates": [12.15163, 47.89352], "type": "Point"}, "properties": {"oid": "8138BG015990"}, "type": "Feature"}, {"geometry": {"coordinates": [11.44007, 48.00592], "type": "Point"}, "properties": {"oid": "7934BG015024"}, "type": "Feature"}, {"geometry": {"coordinates": [11.5931, 48.13504], "type": "Point"}, "properties": {"oid": "7835BG019730"}, "type": "Feature"}, {"geometry": {"coordinates": [11.33992, 48.2992], "type": "Point"}, "properties": {"oid": "7634BG015718"}, "type": "Feature"}, {"geometry": {"coordinates": [11.17902, 48.32739], "type": "Point"}, "properties": {"oid": "7633BG015030"}, "type": "Feature"}], "name": "bohrungen", "type": "FeatureCollection", "xy_coordinate_resolution": 1e-05}